0 verbose cli /usr/local/Cellar/node@20/20.19.5/bin/node /usr/local/opt/node@20/bin/npm
1 info using npm@10.8.2
2 info using node@v20.19.5
3 silly config load:file:/usr/local/Cellar/node@20/20.19.5/lib/node_modules/npm/npmrc
4 silly config load:file:/Users/home/evolved/music-land/.npmrc
5 silly config load:file:/Users/home/.npmrc
6 silly config load:file:/usr/local/etc/npmrc
7 verbose title npm install @magenta/music
8 verbose argv "install" "@magenta/music" "--cache" ".npm-cache" "--no-audit" "--no-fund"
9 verbose logfile logs-max:10 dir:/Users/home/evolved/music-land/.npm-cache/_logs/2025-12-26T23_45_01_733Z-
10 verbose logfile /Users/home/evolved/music-land/.npm-cache/_logs/2025-12-26T23_45_01_733Z-debug-0.log
11 silly packumentCache heap:4345298944 maxSize:1086324736 maxEntrySize:543162368
12 silly logfile done cleaning log files
13 silly idealTree buildDeps
14 silly fetch manifest @magenta/music@*
15 silly packumentCache full:https://registry.npmjs.org/@magenta%2fmusic cache-miss
16 http fetch GET 200 https://registry.npmjs.org/@magenta%2fmusic 546ms (cache miss)
17 silly packumentCache full:https://registry.npmjs.org/@magenta%2fmusic set size:undefined disposed:false
18 silly placeDep ROOT @magenta/music@1.23.1 OK for: music-land@0.1.0 want: *
19 silly fetch manifest @tensorflow/tfjs@^2.7.0
20 silly packumentCache full:https://registry.npmjs.org/@tensorflow%2ftfjs cache-miss
21 silly fetch manifest @tensorflow/tfjs-backend-webgl@^2.7.0
22 silly packumentCache full:https://registry.npmjs.org/@tensorflow%2ftfjs-backend-webgl cache-miss
23 silly fetch manifest @tonejs/midi@^2.0.15
24 silly packumentCache full:https://registry.npmjs.org/@tonejs%2fmidi cache-miss
25 silly fetch manifest fft.js@^4.0.3
26 silly packumentCache full:https://registry.npmjs.org/fft.js cache-miss
27 silly fetch manifest ndarray-resample@^1.0.1
28 silly packumentCache full:https://registry.npmjs.org/ndarray-resample cache-miss
29 silly fetch manifest protobufjs@^6.8.6
30 silly packumentCache full:https://registry.npmjs.org/protobufjs cache-miss
31 silly fetch manifest staffrender@^0.2.1
32 silly packumentCache full:https://registry.npmjs.org/staffrender cache-miss
33 silly fetch manifest tonal@^2.0.0
34 silly packumentCache full:https://registry.npmjs.org/tonal cache-miss
35 silly fetch manifest tone@^14.7.58
36 silly packumentCache full:https://registry.npmjs.org/tone cache-miss
37 http fetch GET 200 https://registry.npmjs.org/@tonejs%2fmidi 145ms (cache miss)
38 silly packumentCache full:https://registry.npmjs.org/@tonejs%2fmidi set size:undefined disposed:false
39 http fetch GET 200 https://registry.npmjs.org/tone 196ms (cache revalidated)
40 silly packumentCache full:https://registry.npmjs.org/tone set size:3159736 disposed:false
41 http fetch GET 200 https://registry.npmjs.org/fft.js 258ms (cache miss)
42 silly packumentCache full:https://registry.npmjs.org/fft.js set size:undefined disposed:false
43 http fetch GET 200 https://registry.npmjs.org/staffrender 265ms (cache miss)
44 silly packumentCache full:https://registry.npmjs.org/staffrender set size:undefined disposed:false
45 http fetch GET 200 https://registry.npmjs.org/protobufjs 274ms (cache miss)
46 silly packumentCache full:https://registry.npmjs.org/protobufjs set size:undefined disposed:false
47 http fetch GET 200 https://registry.npmjs.org/ndarray-resample 289ms (cache miss)
48 silly packumentCache full:https://registry.npmjs.org/ndarray-resample set size:undefined disposed:false
49 http fetch GET 200 https://registry.npmjs.org/tonal 291ms (cache miss)
50 silly packumentCache full:https://registry.npmjs.org/tonal set size:undefined disposed:false
51 http fetch GET 200 https://registry.npmjs.org/@tensorflow%2ftfjs-backend-webgl 306ms (cache miss)
52 silly packumentCache full:https://registry.npmjs.org/@tensorflow%2ftfjs-backend-webgl set size:undefined disposed:false
53 http fetch GET 200 https://registry.npmjs.org/@tensorflow%2ftfjs 16347ms (cache miss)
54 silly packumentCache full:https://registry.npmjs.org/@tensorflow%2ftfjs set size:undefined disposed:false
55 silly placeDep ROOT @tensorflow/tfjs@2.8.6 OK for: @magenta/music@1.23.1 want: ^2.7.0
56 silly placeDep ROOT @tensorflow/tfjs-backend-webgl@2.8.6 OK for: @magenta/music@1.23.1 want: ^2.7.0
57 silly placeDep ROOT @tonejs/midi@2.0.28 OK for: @magenta/music@1.23.1 want: ^2.0.15
58 silly placeDep ROOT fft.js@4.0.4 OK for: @magenta/music@1.23.1 want: ^4.0.3
59 silly placeDep ROOT ndarray-resample@1.0.1 OK for: @magenta/music@1.23.1 want: ^1.0.1
60 silly placeDep ROOT protobufjs@6.11.4 OK for: @magenta/music@1.23.1 want: ^6.8.6
61 silly placeDep ROOT staffrender@0.2.1 OK for: @magenta/music@1.23.1 want: ^0.2.1
62 silly placeDep ROOT tonal@2.2.2 OK for: @magenta/music@1.23.1 want: ^2.0.0
63 silly placeDep node_modules/@magenta/music tone@14.9.17 OK for: @magenta/music@1.23.1 want: ^14.7.58
64 silly fetch manifest yargs@^16.0.3
65 silly packumentCache full:https://registry.npmjs.org/yargs cache-miss
66 silly fetch manifest core-js@3
67 silly packumentCache full:https://registry.npmjs.org/core-js cache-miss
68 silly fetch manifest argparse@^1.0.10
69 silly packumentCache full:https://registry.npmjs.org/argparse cache-miss
70 silly fetch manifest regenerator-runtime@^0.13.5
71 silly packumentCache full:https://registry.npmjs.org/regenerator-runtime cache-miss
72 silly fetch manifest @tensorflow/tfjs-core@2.8.6
73 silly packumentCache full:https://registry.npmjs.org/@tensorflow%2ftfjs-core cache-miss
74 silly fetch manifest @tensorflow/tfjs-data@2.8.6
75 silly packumentCache full:https://registry.npmjs.org/@tensorflow%2ftfjs-data cache-miss
76 silly fetch manifest @tensorflow/tfjs-layers@2.8.6
77 silly packumentCache full:https://registry.npmjs.org/@tensorflow%2ftfjs-layers cache-miss
78 silly fetch manifest @tensorflow/tfjs-converter@2.8.6
79 silly packumentCache full:https://registry.npmjs.org/@tensorflow%2ftfjs-converter cache-miss
80 silly fetch manifest @tensorflow/tfjs-backend-cpu@2.8.6
81 silly packumentCache full:https://registry.npmjs.org/@tensorflow%2ftfjs-backend-cpu cache-miss
82 silly fetch manifest @tensorflow/tfjs-backend-webgl@2.8.6
83 silly packumentCache full:https://registry.npmjs.org/@tensorflow%2ftfjs-backend-webgl cache-miss
84 silly fetch manifest seedrandom@2.4.3
85 silly packumentCache full:https://registry.npmjs.org/seedrandom cache-miss
86 http fetch GET 200 https://registry.npmjs.org/@tensorflow%2ftfjs-backend-webgl 25ms (cache hit)
87 silly packumentCache full:https://registry.npmjs.org/@tensorflow%2ftfjs-backend-webgl set size:326301 disposed:false
88 silly fetch manifest @types/webgl2@0.0.5
89 silly packumentCache full:https://registry.npmjs.org/@types%2fwebgl2 cache-miss
90 http fetch GET 200 https://registry.npmjs.org/yargs 99ms (cache miss)
91 silly packumentCache full:https://registry.npmjs.org/yargs set size:undefined disposed:false
92 silly fetch manifest @types/webgl-ext@0.0.30
93 silly packumentCache full:https://registry.npmjs.org/@types%2fwebgl-ext cache-miss
94 http fetch GET 200 https://registry.npmjs.org/core-js 125ms (cache miss)
95 silly packumentCache full:https://registry.npmjs.org/core-js set size:undefined disposed:false
96 silly fetch manifest @types/seedrandom@2.4.27
97 silly packumentCache full:https://registry.npmjs.org/@types%2fseedrandom cache-miss
98 http fetch GET 200 https://registry.npmjs.org/argparse 141ms (cache revalidated)
99 silly packumentCache full:https://registry.npmjs.org/argparse set size:49266 disposed:false
100 silly fetch manifest @types/offscreencanvas@~2019.3.0
101 silly packumentCache full:https://registry.npmjs.org/@types%2foffscreencanvas cache-miss
102 http fetch GET 200 https://registry.npmjs.org/seedrandom 141ms (cache miss)
103 silly packumentCache full:https://registry.npmjs.org/seedrandom set size:undefined disposed:false
104 silly fetch manifest @tensorflow/tfjs-backend-cpu@2.8.6
105 silly packumentCache full:https://registry.npmjs.org/@tensorflow%2ftfjs-backend-cpu cache-miss
106 http fetch GET 200 https://registry.npmjs.org/regenerator-runtime 152ms (cache miss)
107 silly packumentCache full:https://registry.npmjs.org/regenerator-runtime set size:undefined disposed:false
108 silly fetch manifest array-flatten@^3.0.0
109 silly packumentCache full:https://registry.npmjs.org/array-flatten cache-miss
110 http fetch GET 200 https://registry.npmjs.org/@tensorflow%2ftfjs-data 172ms (cache miss)
111 silly packumentCache full:https://registry.npmjs.org/@tensorflow%2ftfjs-data set size:undefined disposed:false
112 silly fetch manifest midi-file@^1.2.2
113 silly packumentCache full:https://registry.npmjs.org/midi-file cache-miss
114 http fetch GET 200 https://registry.npmjs.org/array-flatten 53ms (cache miss)
115 silly packumentCache full:https://registry.npmjs.org/array-flatten set size:undefined disposed:false
116 silly fetch manifest ndarray-ops@^1.2.2
117 silly packumentCache full:https://registry.npmjs.org/ndarray-ops cache-miss
118 http fetch GET 200 https://registry.npmjs.org/@tensorflow%2ftfjs-converter 215ms (cache miss)
119 silly packumentCache full:https://registry.npmjs.org/@tensorflow%2ftfjs-converter set size:undefined disposed:false
120 silly fetch manifest ndarray-fft@^1.0.0
121 silly packumentCache full:https://registry.npmjs.org/ndarray-fft cache-miss
122 http fetch GET 200 https://registry.npmjs.org/@types%2fwebgl2 209ms (cache miss)
123 silly packumentCache full:https://registry.npmjs.org/@types%2fwebgl2 set size:undefined disposed:false
124 silly fetch manifest ndarray-scratch@^1.1.1
125 silly packumentCache full:https://registry.npmjs.org/ndarray-scratch cache-miss
126 http fetch GET 200 https://registry.npmjs.org/@tensorflow%2ftfjs-core 250ms (cache miss)
127 silly packumentCache full:https://registry.npmjs.org/@tensorflow%2ftfjs-core set size:undefined disposed:false
128 silly fetch manifest cwise@^1.0.7
129 silly packumentCache full:https://registry.npmjs.org/cwise cache-miss
130 http fetch GET 200 https://registry.npmjs.org/@types%2fwebgl-ext 174ms (cache miss)
131 silly packumentCache full:https://registry.npmjs.org/@types%2fwebgl-ext set size:undefined disposed:false
132 silly fetch manifest long@^4.0.0
133 silly packumentCache full:https://registry.npmjs.org/long cache-miss
134 http fetch GET 200 https://registry.npmjs.org/ndarray-ops 85ms (cache miss)
135 silly packumentCache full:https://registry.npmjs.org/ndarray-ops set size:undefined disposed:false
136 silly fetch manifest @types/long@^4.0.1
137 silly packumentCache full:https://registry.npmjs.org/@types%2flong cache-miss
138 http fetch GET 200 https://registry.npmjs.org/midi-file 122ms (cache miss)
139 silly packumentCache full:https://registry.npmjs.org/midi-file set size:undefined disposed:false
140 silly fetch manifest @protobufjs/path@^1.1.2
141 silly packumentCache full:https://registry.npmjs.org/@protobufjs%2fpath cache-miss
142 http fetch GET 200 https://registry.npmjs.org/@types%2foffscreencanvas 167ms (cache miss)
143 silly packumentCache full:https://registry.npmjs.org/@types%2foffscreencanvas set size:undefined disposed:false
144 silly fetch manifest @protobufjs/pool@^1.1.0
145 silly packumentCache full:https://registry.npmjs.org/@protobufjs%2fpool cache-miss
146 http fetch GET 200 https://registry.npmjs.org/ndarray-fft 95ms (cache miss)
147 silly packumentCache full:https://registry.npmjs.org/ndarray-fft set size:undefined disposed:false
148 silly fetch manifest @protobufjs/utf8@^1.1.0
149 silly packumentCache full:https://registry.npmjs.org/@protobufjs%2futf8 cache-miss
150 http fetch GET 200 https://registry.npmjs.org/@tensorflow%2ftfjs-layers 332ms (cache miss)
151 silly packumentCache full:https://registry.npmjs.org/@tensorflow%2ftfjs-layers set size:undefined disposed:false
152 silly fetch manifest @protobufjs/fetch@^1.1.0
153 silly packumentCache full:https://registry.npmjs.org/@protobufjs%2ffetch cache-miss
154 http fetch GET 200 https://registry.npmjs.org/@types%2fseedrandom 225ms (cache miss)
155 silly packumentCache full:https://registry.npmjs.org/@types%2fseedrandom set size:undefined disposed:false
156 silly fetch manifest @protobufjs/float@^1.0.2
157 silly packumentCache full:https://registry.npmjs.org/@protobufjs%2ffloat cache-miss
158 http fetch GET 200 https://registry.npmjs.org/long 71ms (cache miss)
159 silly packumentCache full:https://registry.npmjs.org/long set size:undefined disposed:false
160 silly fetch manifest @protobufjs/base64@^1.1.2
161 silly packumentCache full:https://registry.npmjs.org/@protobufjs%2fbase64 cache-miss
162 http fetch GET 200 https://registry.npmjs.org/@tensorflow%2ftfjs-backend-cpu 216ms (cache miss)
163 silly packumentCache full:https://registry.npmjs.org/@tensorflow%2ftfjs-backend-cpu set size:undefined disposed:false
164 silly fetch manifest @protobufjs/codegen@^2.0.4
165 silly packumentCache full:https://registry.npmjs.org/@protobufjs%2fcodegen cache-miss
166 http fetch GET 200 https://registry.npmjs.org/@protobufjs%2fpath 85ms (cache miss)
167 silly packumentCache full:https://registry.npmjs.org/@protobufjs%2fpath set size:undefined disposed:false
168 silly fetch manifest @protobufjs/inquire@^1.1.0
169 silly packumentCache full:https://registry.npmjs.org/@protobufjs%2finquire cache-miss
170 http fetch GET 200 https://registry.npmjs.org/ndarray-scratch 144ms (cache miss)
171 silly packumentCache full:https://registry.npmjs.org/ndarray-scratch set size:undefined disposed:false
172 silly fetch manifest @protobufjs/aspromise@^1.1.2
173 silly packumentCache full:https://registry.npmjs.org/@protobufjs%2faspromise cache-miss
174 http fetch GET 200 https://registry.npmjs.org/cwise 136ms (cache miss)
175 silly packumentCache full:https://registry.npmjs.org/cwise set size:undefined disposed:false
176 silly fetch manifest @protobufjs/eventemitter@^1.1.0
177 silly packumentCache full:https://registry.npmjs.org/@protobufjs%2feventemitter cache-miss
178 http fetch GET 200 https://registry.npmjs.org/@types%2flong 112ms (cache miss)
179 silly packumentCache full:https://registry.npmjs.org/@types%2flong set size:undefined disposed:false
180 silly fetch manifest tonal-key@^2.2.2
181 silly packumentCache full:https://registry.npmjs.org/tonal-key cache-miss
182 http fetch GET 200 https://registry.npmjs.org/@protobufjs%2fpool 103ms (cache miss)
183 silly packumentCache full:https://registry.npmjs.org/@protobufjs%2fpool set size:undefined disposed:false
184 silly fetch manifest tonal-note@^2.2.2
185 silly packumentCache full:https://registry.npmjs.org/tonal-note cache-miss
186 http fetch GET 200 https://registry.npmjs.org/@protobufjs%2ffetch 85ms (cache miss)
187 silly packumentCache full:https://registry.npmjs.org/@protobufjs%2ffetch set size:undefined disposed:false
188 silly fetch manifest tonal-array@^2.2.2
189 silly packumentCache full:https://registry.npmjs.org/tonal-array cache-miss
190 http fetch GET 200 https://registry.npmjs.org/@protobufjs%2futf8 133ms (cache miss)
191 silly packumentCache full:https://registry.npmjs.org/@protobufjs%2futf8 set size:undefined disposed:false
192 silly fetch manifest tonal-chord@^2.2.2
193 silly packumentCache full:https://registry.npmjs.org/tonal-chord cache-miss
194 http fetch GET 200 https://registry.npmjs.org/@protobufjs%2ffloat 137ms (cache miss)
195 silly packumentCache full:https://registry.npmjs.org/@protobufjs%2ffloat set size:undefined disposed:false
196 silly fetch manifest tonal-pcset@^2.2.2
197 silly packumentCache full:https://registry.npmjs.org/tonal-pcset cache-miss
198 http fetch GET 200 https://registry.npmjs.org/tonal-key 86ms (cache miss)
199 silly packumentCache full:https://registry.npmjs.org/tonal-key set size:undefined disposed:false
200 silly fetch manifest tonal-scale@^2.2.2
201 silly packumentCache full:https://registry.npmjs.org/tonal-scale cache-miss
202 http fetch GET 200 https://registry.npmjs.org/@protobufjs%2finquire 121ms (cache miss)
203 silly packumentCache full:https://registry.npmjs.org/@protobufjs%2finquire set size:undefined disposed:false
204 silly fetch manifest tonal-distance@^2.2.2
205 silly packumentCache full:https://registry.npmjs.org/tonal-distance cache-miss
206 http fetch GET 200 https://registry.npmjs.org/@tensorflow%2ftfjs-backend-cpu 539ms (cache miss)
207 silly packumentCache full:https://registry.npmjs.org/@tensorflow%2ftfjs-backend-cpu set size:undefined disposed:false
208 silly fetch manifest tonal-interval@^2.2.2
209 silly packumentCache full:https://registry.npmjs.org/tonal-interval cache-miss
210 http fetch GET 200 https://registry.npmjs.org/@protobufjs%2fcodegen 186ms (cache miss)
211 silly packumentCache full:https://registry.npmjs.org/@protobufjs%2fcodegen set size:undefined disposed:false
212 silly fetch manifest tonal-dictionary@^2.2.2
213 silly packumentCache full:https://registry.npmjs.org/tonal-dictionary cache-miss
214 http fetch GET 200 https://registry.npmjs.org/tonal-note 149ms (cache miss)
215 silly packumentCache full:https://registry.npmjs.org/tonal-note set size:undefined disposed:false
216 http fetch GET 200 https://registry.npmjs.org/tonal-array 152ms (cache miss)
217 silly packumentCache full:https://registry.npmjs.org/tonal-array set size:undefined disposed:false
218 http fetch GET 200 https://registry.npmjs.org/tonal-chord 137ms (cache miss)
219 silly packumentCache full:https://registry.npmjs.org/tonal-chord set size:undefined disposed:false
220 http fetch GET 200 https://registry.npmjs.org/@protobufjs%2faspromise 213ms (cache miss)
221 silly packumentCache full:https://registry.npmjs.org/@protobufjs%2faspromise set size:undefined disposed:false
222 http fetch GET 200 https://registry.npmjs.org/tonal-pcset 136ms (cache miss)
223 silly packumentCache full:https://registry.npmjs.org/tonal-pcset set size:undefined disposed:false
224 http fetch GET 200 https://registry.npmjs.org/@protobufjs%2feventemitter 232ms (cache miss)
225 silly packumentCache full:https://registry.npmjs.org/@protobufjs%2feventemitter set size:undefined disposed:false
226 http fetch GET 200 https://registry.npmjs.org/tonal-scale 139ms (cache miss)
227 silly packumentCache full:https://registry.npmjs.org/tonal-scale set size:undefined disposed:false
228 http fetch GET 200 https://registry.npmjs.org/tonal-distance 131ms (cache miss)
229 silly packumentCache full:https://registry.npmjs.org/tonal-distance set size:undefined disposed:false
230 http fetch GET 200 https://registry.npmjs.org/tonal-dictionary 162ms (cache miss)
231 silly packumentCache full:https://registry.npmjs.org/tonal-dictionary set size:undefined disposed:false
232 http fetch GET 200 https://registry.npmjs.org/tonal-interval 278ms (cache miss)
233 silly packumentCache full:https://registry.npmjs.org/tonal-interval set size:undefined disposed:false
234 http fetch GET 200 https://registry.npmjs.org/@protobufjs%2fbase64 1077ms (cache miss)
235 silly packumentCache full:https://registry.npmjs.org/@protobufjs%2fbase64 set size:undefined disposed:false
236 silly placeDep ROOT @tensorflow/tfjs-backend-cpu@2.8.6 OK for: @tensorflow/tfjs@2.8.6 want: 2.8.6
237 silly placeDep ROOT @tensorflow/tfjs-converter@2.8.6 OK for: @tensorflow/tfjs@2.8.6 want: 2.8.6
238 silly placeDep ROOT @tensorflow/tfjs-core@2.8.6 OK for: @tensorflow/tfjs@2.8.6 want: 2.8.6
239 silly placeDep ROOT @tensorflow/tfjs-data@2.8.6 OK for: @tensorflow/tfjs@2.8.6 want: 2.8.6
240 silly placeDep ROOT @tensorflow/tfjs-layers@2.8.6 OK for: @tensorflow/tfjs@2.8.6 want: 2.8.6
241 silly placeDep node_modules/@tensorflow/tfjs argparse@1.0.10 OK for: @tensorflow/tfjs@2.8.6 want: ^1.0.10
242 silly placeDep ROOT core-js@3.47.0 OK for: @tensorflow/tfjs@2.8.6 want: 3
243 silly placeDep ROOT regenerator-runtime@0.13.11 OK for: @tensorflow/tfjs@2.8.6 want: ^0.13.5
244 silly placeDep ROOT yargs@16.2.0 OK for: @tensorflow/tfjs@2.8.6 want: ^16.0.3
245 silly fetch manifest node-fetch@~2.6.1
246 silly packumentCache full:https://registry.npmjs.org/node-fetch cache-miss
247 silly fetch manifest node-fetch@~2.6.1
248 silly packumentCache full:https://registry.npmjs.org/node-fetch cache-miss
249 silly fetch manifest @types/node-fetch@^2.1.2
250 silly packumentCache full:https://registry.npmjs.org/@types%2fnode-fetch cache-miss
251 silly fetch manifest sprintf-js@~1.0.2
252 silly packumentCache full:https://registry.npmjs.org/sprintf-js cache-miss
253 silly fetch manifest y18n@^5.0.5
254 silly packumentCache full:https://registry.npmjs.org/y18n cache-miss
255 silly fetch manifest cliui@^7.0.2
256 silly packumentCache full:https://registry.npmjs.org/cliui cache-miss
257 silly fetch manifest string-width@^4.2.0
258 silly packumentCache full:https://registry.npmjs.org/string-width cache-miss
259 silly fetch manifest yargs-parser@^20.2.2
260 silly packumentCache full:https://registry.npmjs.org/yargs-parser cache-miss
261 silly fetch manifest get-caller-file@^2.0.5
262 silly packumentCache full:https://registry.npmjs.org/get-caller-file cache-miss
263 silly fetch manifest require-directory@^2.1.1
264 silly packumentCache full:https://registry.npmjs.org/require-directory cache-miss
265 http fetch GET 200 https://registry.npmjs.org/get-caller-file 67ms (cache miss)
266 silly packumentCache full:https://registry.npmjs.org/get-caller-file set size:undefined disposed:false
267 http fetch GET 200 https://registry.npmjs.org/string-width 77ms (cache miss)
268 silly packumentCache full:https://registry.npmjs.org/string-width set size:undefined disposed:false
269 http fetch GET 200 https://registry.npmjs.org/cliui 80ms (cache miss)
270 silly packumentCache full:https://registry.npmjs.org/cliui set size:undefined disposed:false
271 http fetch GET 200 https://registry.npmjs.org/@types%2fnode-fetch 90ms (cache miss)
272 silly packumentCache full:https://registry.npmjs.org/@types%2fnode-fetch set size:undefined disposed:false
273 http fetch GET 200 https://registry.npmjs.org/y18n 92ms (cache miss)
274 silly packumentCache full:https://registry.npmjs.org/y18n set size:undefined disposed:false
275 http fetch GET 200 https://registry.npmjs.org/yargs-parser 93ms (cache miss)
276 silly packumentCache full:https://registry.npmjs.org/yargs-parser set size:undefined disposed:false
277 http fetch GET 200 https://registry.npmjs.org/sprintf-js 113ms (cache miss)
278 silly packumentCache full:https://registry.npmjs.org/sprintf-js set size:undefined disposed:false
279 http fetch GET 200 https://registry.npmjs.org/node-fetch 119ms (cache miss)
280 silly packumentCache full:https://registry.npmjs.org/node-fetch set size:undefined disposed:false
281 http fetch GET 200 https://registry.npmjs.org/node-fetch 132ms (cache miss)
282 silly packumentCache full:https://registry.npmjs.org/node-fetch set size:undefined disposed:false
283 http fetch GET 200 https://registry.npmjs.org/require-directory 151ms (cache miss)
284 silly packumentCache full:https://registry.npmjs.org/require-directory set size:undefined disposed:false
285 silly placeDep ROOT @types/seedrandom@2.4.27 OK for: @tensorflow/tfjs-backend-cpu@2.8.6 want: 2.4.27
286 silly placeDep ROOT seedrandom@2.4.3 OK for: @tensorflow/tfjs-backend-cpu@2.8.6 want: 2.4.3
287 silly placeDep ROOT @types/offscreencanvas@2019.3.0 OK for: @tensorflow/tfjs-backend-webgl@2.8.6 want: ~2019.3.0
288 silly placeDep ROOT @types/webgl-ext@0.0.30 OK for: @tensorflow/tfjs-backend-webgl@2.8.6 want: 0.0.30
289 silly placeDep ROOT @types/webgl2@0.0.5 OK for: @tensorflow/tfjs-backend-webgl@2.8.6 want: 0.0.5
290 silly placeDep ROOT node-fetch@2.6.13 OK for: @tensorflow/tfjs-core@2.8.6 want: ~2.6.1
291 silly fetch manifest whatwg-url@^5.0.0
292 silly packumentCache full:https://registry.npmjs.org/whatwg-url cache-miss
293 http fetch GET 200 https://registry.npmjs.org/whatwg-url 68ms (cache miss)
294 silly packumentCache full:https://registry.npmjs.org/whatwg-url set size:undefined disposed:false
295 silly placeDep ROOT @types/node-fetch@2.6.13 OK for: @tensorflow/tfjs-data@2.8.6 want: ^2.1.2
296 silly fetch manifest form-data@^4.0.4
297 silly packumentCache full:https://registry.npmjs.org/form-data cache-miss
298 http fetch GET 200 https://registry.npmjs.org/form-data 32ms (cache miss)
299 silly packumentCache full:https://registry.npmjs.org/form-data set size:undefined disposed:false
300 silly placeDep ROOT array-flatten@3.0.0 OK for: @tonejs/midi@2.0.28 want: ^3.0.0
301 silly placeDep ROOT midi-file@1.2.4 OK for: @tonejs/midi@2.0.28 want: ^1.2.2
302 silly placeDep ROOT form-data@4.0.5 OK for: @types/node-fetch@2.6.13 want: ^4.0.4
303 silly fetch manifest asynckit@^0.4.0
304 silly packumentCache full:https://registry.npmjs.org/asynckit cache-miss
305 silly fetch manifest combined-stream@^1.0.8
306 silly packumentCache full:https://registry.npmjs.org/combined-stream cache-miss
307 silly fetch manifest mime-types@^2.1.12
308 silly packumentCache full:https://registry.npmjs.org/mime-types cache-miss
309 http fetch GET 200 https://registry.npmjs.org/combined-stream 52ms (cache miss)
310 silly packumentCache full:https://registry.npmjs.org/combined-stream set size:undefined disposed:false
311 http fetch GET 200 https://registry.npmjs.org/mime-types 56ms (cache miss)
312 silly packumentCache full:https://registry.npmjs.org/mime-types set size:undefined disposed:false
313 http fetch GET 200 https://registry.npmjs.org/asynckit 62ms (cache miss)
314 silly packumentCache full:https://registry.npmjs.org/asynckit set size:undefined disposed:false
315 silly placeDep ROOT asynckit@0.4.0 OK for: form-data@4.0.5 want: ^0.4.0
316 silly placeDep ROOT combined-stream@1.0.8 OK for: form-data@4.0.5 want: ^1.0.8
317 silly placeDep ROOT mime-types@2.1.35 OK for: form-data@4.0.5 want: ^2.1.12
318 silly fetch manifest delayed-stream@~1.0.0
319 silly packumentCache full:https://registry.npmjs.org/delayed-stream cache-miss
320 silly fetch manifest mime-db@1.52.0
321 silly packumentCache full:https://registry.npmjs.org/mime-db cache-miss
322 http fetch GET 200 https://registry.npmjs.org/delayed-stream 59ms (cache miss)
323 silly packumentCache full:https://registry.npmjs.org/delayed-stream set size:undefined disposed:false
324 http fetch GET 200 https://registry.npmjs.org/mime-db 76ms (cache miss)
325 silly packumentCache full:https://registry.npmjs.org/mime-db set size:undefined disposed:false
326 silly placeDep ROOT delayed-stream@1.0.0 OK for: combined-stream@1.0.8 want: ~1.0.0
327 silly placeDep ROOT mime-db@1.52.0 OK for: mime-types@2.1.35 want: 1.52.0
328 silly placeDep ROOT cwise@1.0.10 OK for: ndarray-resample@1.0.1 want: ^1.0.7
329 silly placeDep ROOT ndarray-fft@1.0.3 OK for: ndarray-resample@1.0.1 want: ^1.0.0
330 silly placeDep ROOT ndarray-ops@1.2.2 OK for: ndarray-resample@1.0.1 want: ^1.2.2
331 silly placeDep ROOT ndarray-scratch@1.2.0 OK for: ndarray-resample@1.0.1 want: ^1.1.1
332 silly fetch manifest cwise-parser@^1.0.0
333 silly packumentCache full:https://registry.npmjs.org/cwise-parser cache-miss
334 silly fetch manifest cwise-compiler@^1.1.1
335 silly packumentCache full:https://registry.npmjs.org/cwise-compiler cache-miss
336 silly fetch manifest static-module@^1.0.0
337 silly packumentCache full:https://registry.npmjs.org/static-module cache-miss
338 silly fetch manifest uglify-js@^2.6.0
339 silly packumentCache full:https://registry.npmjs.org/uglify-js cache-miss
340 silly fetch manifest bit-twiddle@^1.0.2
341 silly packumentCache full:https://registry.npmjs.org/bit-twiddle cache-miss
342 silly fetch manifest ndarray@^1.0.15
343 silly packumentCache full:https://registry.npmjs.org/ndarray cache-miss
344 silly fetch manifest typedarray-pool@^1.0.0
345 silly packumentCache full:https://registry.npmjs.org/typedarray-pool cache-miss
346 silly fetch manifest cwise-compiler@^1.0.0
347 silly packumentCache full:https://registry.npmjs.org/cwise-compiler cache-miss
348 silly fetch manifest ndarray@^1.0.14
349 silly packumentCache full:https://registry.npmjs.org/ndarray cache-miss
350 silly fetch manifest typedarray-pool@^1.0.2
351 silly packumentCache full:https://registry.npmjs.org/typedarray-pool cache-miss
352 http fetch GET 200 https://registry.npmjs.org/ndarray 79ms (cache miss)
353 silly packumentCache full:https://registry.npmjs.org/ndarray set size:undefined disposed:false
354 http fetch GET 200 https://registry.npmjs.org/bit-twiddle 91ms (cache miss)
355 silly packumentCache full:https://registry.npmjs.org/bit-twiddle set size:undefined disposed:false
356 http fetch GET 200 https://registry.npmjs.org/cwise-compiler 89ms (cache miss)
357 silly packumentCache full:https://registry.npmjs.org/cwise-compiler set size:undefined disposed:false
358 http fetch GET 200 https://registry.npmjs.org/cwise-compiler 98ms (cache miss)
359 silly packumentCache full:https://registry.npmjs.org/cwise-compiler set size:undefined disposed:false
360 http fetch GET 200 https://registry.npmjs.org/cwise-parser 101ms (cache miss)
361 silly packumentCache full:https://registry.npmjs.org/cwise-parser set size:undefined disposed:false
362 http fetch GET 200 https://registry.npmjs.org/static-module 100ms (cache miss)
363 silly packumentCache full:https://registry.npmjs.org/static-module set size:undefined disposed:false
364 http fetch GET 200 https://registry.npmjs.org/typedarray-pool 100ms (cache miss)
365 silly packumentCache full:https://registry.npmjs.org/typedarray-pool set size:undefined disposed:false
366 http fetch GET 200 https://registry.npmjs.org/typedarray-pool 103ms (cache miss)
367 silly packumentCache full:https://registry.npmjs.org/typedarray-pool set size:undefined disposed:false
368 http fetch GET 200 https://registry.npmjs.org/ndarray 104ms (cache miss)
369 silly packumentCache full:https://registry.npmjs.org/ndarray set size:undefined disposed:false
370 http fetch GET 200 https://registry.npmjs.org/uglify-js 419ms (cache miss)
371 silly packumentCache full:https://registry.npmjs.org/uglify-js set size:undefined disposed:false
372 silly placeDep ROOT cwise-compiler@1.1.3 OK for: cwise@1.0.10 want: ^1.1.1
373 silly placeDep ROOT cwise-parser@1.0.3 OK for: cwise@1.0.10 want: ^1.0.0
374 silly placeDep ROOT static-module@1.5.0 OK for: cwise@1.0.10 want: ^1.0.0
375 silly placeDep ROOT uglify-js@2.8.29 OK for: cwise@1.0.10 want: ^2.6.0
376 silly fetch manifest uniq@^1.0.0
377 silly packumentCache full:https://registry.npmjs.org/uniq cache-miss
378 silly fetch manifest esprima@^1.0.3
379 silly packumentCache full:https://registry.npmjs.org/esprima cache-miss
380 silly fetch manifest uniq@^1.0.0
381 silly packumentCache full:https://registry.npmjs.org/uniq cache-miss
382 silly fetch manifest concat-stream@~1.6.0
383 silly packumentCache full:https://registry.npmjs.org/concat-stream cache-miss
384 silly fetch manifest duplexer2@~0.0.2
385 silly packumentCache full:https://registry.npmjs.org/duplexer2 cache-miss
386 silly fetch manifest escodegen@~1.3.2
387 silly packumentCache full:https://registry.npmjs.org/escodegen cache-miss
388 silly fetch manifest falafel@^2.1.0
389 silly packumentCache full:https://registry.npmjs.org/falafel cache-miss
390 silly fetch manifest has@^1.0.0
391 silly packumentCache full:https://registry.npmjs.org/has cache-miss
392 silly fetch manifest object-inspect@~0.4.0
393 silly packumentCache full:https://registry.npmjs.org/object-inspect cache-miss
394 silly fetch manifest quote-stream@~0.0.0
395 silly packumentCache full:https://registry.npmjs.org/quote-stream cache-miss
396 silly fetch manifest readable-stream@~1.0.27-1
397 silly packumentCache full:https://registry.npmjs.org/readable-stream cache-miss
398 http fetch GET 200 https://registry.npmjs.org/esprima 47ms (cache miss)
399 silly packumentCache full:https://registry.npmjs.org/esprima set size:undefined disposed:false
400 silly fetch manifest shallow-copy@~0.0.1
401 silly packumentCache full:https://registry.npmjs.org/shallow-copy cache-miss
402 http fetch GET 200 https://registry.npmjs.org/uniq 60ms (cache miss)
403 silly packumentCache full:https://registry.npmjs.org/uniq set size:undefined disposed:false
404 silly fetch manifest static-eval@~0.2.0
405 silly packumentCache full:https://registry.npmjs.org/static-eval cache-miss
406 http fetch GET 200 https://registry.npmjs.org/concat-stream 68ms (cache miss)
407 silly packumentCache full:https://registry.npmjs.org/concat-stream set size:undefined disposed:false
408 silly fetch manifest through2@~0.4.1
409 silly packumentCache full:https://registry.npmjs.org/through2 cache-miss
410 http fetch GET 200 https://registry.npmjs.org/uniq 77ms (cache miss)
411 silly packumentCache full:https://registry.npmjs.org/uniq set size:undefined disposed:false
412 silly fetch manifest yargs@~3.10.0
413 silly packumentCache full:https://registry.npmjs.org/yargs cache-miss
414 http fetch GET 200 https://registry.npmjs.org/has 72ms (cache miss)
415 silly packumentCache full:https://registry.npmjs.org/has set size:undefined disposed:false
416 silly fetch manifest uglify-to-browserify@~1.0.0
417 silly packumentCache full:https://registry.npmjs.org/uglify-to-browserify cache-miss
418 http fetch GET 200 https://registry.npmjs.org/escodegen 81ms (cache miss)
419 silly packumentCache full:https://registry.npmjs.org/escodegen set size:undefined disposed:false
420 http fetch GET 200 https://registry.npmjs.org/yargs 15ms (cache hit)
421 silly packumentCache full:https://registry.npmjs.org/yargs set size:743056 disposed:false
422 http fetch GET 200 https://registry.npmjs.org/falafel 109ms (cache miss)
423 silly packumentCache full:https://registry.npmjs.org/falafel set size:undefined disposed:false
424 http fetch GET 200 https://registry.npmjs.org/quote-stream 108ms (cache miss)
425 silly packumentCache full:https://registry.npmjs.org/quote-stream set size:undefined disposed:false
426 http fetch GET 200 https://registry.npmjs.org/duplexer2 114ms (cache miss)
427 silly packumentCache full:https://registry.npmjs.org/duplexer2 set size:undefined disposed:false
428 http fetch GET 200 https://registry.npmjs.org/readable-stream 115ms (cache miss)
429 silly packumentCache full:https://registry.npmjs.org/readable-stream set size:undefined disposed:false
430 http fetch GET 200 https://registry.npmjs.org/shallow-copy 90ms (cache miss)
431 silly packumentCache full:https://registry.npmjs.org/shallow-copy set size:undefined disposed:false
432 http fetch GET 200 https://registry.npmjs.org/through2 91ms (cache miss)
433 silly packumentCache full:https://registry.npmjs.org/through2 set size:undefined disposed:false
434 http fetch GET 200 https://registry.npmjs.org/uglify-to-browserify 88ms (cache miss)
435 silly packumentCache full:https://registry.npmjs.org/uglify-to-browserify set size:undefined disposed:false
436 http fetch GET 200 https://registry.npmjs.org/static-eval 107ms (cache miss)
437 silly packumentCache full:https://registry.npmjs.org/static-eval set size:undefined disposed:false
438 http fetch GET 200 https://registry.npmjs.org/object-inspect 319ms (cache revalidated)
439 silly packumentCache full:https://registry.npmjs.org/object-inspect set size:101912 disposed:false
440 silly placeDep ROOT uniq@1.0.1 OK for: cwise-compiler@1.1.3 want: ^1.0.0
441 silly placeDep ROOT esprima@1.2.5 OK for: cwise-parser@1.0.3 want: ^1.0.3
442 silly placeDep ROOT bit-twiddle@1.0.2 OK for: ndarray-fft@1.0.3 want: ^1.0.2
443 silly placeDep ROOT ndarray@1.0.19 OK for: ndarray-fft@1.0.3 want: ^1.0.15
444 silly placeDep ROOT typedarray-pool@1.2.0 OK for: ndarray-fft@1.0.3 want: ^1.0.0
445 silly fetch manifest is-buffer@^1.0.2
446 silly packumentCache full:https://registry.npmjs.org/is-buffer cache-miss
447 silly fetch manifest iota-array@^1.0.0
448 silly packumentCache full:https://registry.npmjs.org/iota-array cache-miss
449 silly fetch manifest dup@^1.0.0
450 silly packumentCache full:https://registry.npmjs.org/dup cache-miss
451 http fetch GET 200 https://registry.npmjs.org/is-buffer 57ms (cache miss)
452 silly packumentCache full:https://registry.npmjs.org/is-buffer set size:undefined disposed:false
453 http fetch GET 200 https://registry.npmjs.org/iota-array 86ms (cache miss)
454 silly packumentCache full:https://registry.npmjs.org/iota-array set size:undefined disposed:false
455 http fetch GET 200 https://registry.npmjs.org/dup 87ms (cache miss)
456 silly packumentCache full:https://registry.npmjs.org/dup set size:undefined disposed:false
457 silly placeDep ROOT iota-array@1.0.0 OK for: ndarray@1.0.19 want: ^1.0.0
458 silly placeDep ROOT is-buffer@1.1.6 OK for: ndarray@1.0.19 want: ^1.0.2
459 silly placeDep ROOT whatwg-url@5.0.0 OK for: node-fetch@2.6.13 want: ^5.0.0
460 silly fetch manifest tr46@~0.0.3
461 silly packumentCache full:https://registry.npmjs.org/tr46 cache-miss
462 silly fetch manifest webidl-conversions@^3.0.0
463 silly packumentCache full:https://registry.npmjs.org/webidl-conversions cache-miss
464 http fetch GET 200 https://registry.npmjs.org/tr46 64ms (cache miss)
465 silly packumentCache full:https://registry.npmjs.org/tr46 set size:undefined disposed:false
466 http fetch GET 200 https://registry.npmjs.org/webidl-conversions 150ms (cache miss)
467 silly packumentCache full:https://registry.npmjs.org/webidl-conversions set size:undefined disposed:false
468 silly placeDep ROOT @protobufjs/aspromise@1.1.2 OK for: protobufjs@6.11.4 want: ^1.1.2
469 silly placeDep ROOT @protobufjs/base64@1.1.2 OK for: protobufjs@6.11.4 want: ^1.1.2
470 silly placeDep ROOT @protobufjs/codegen@2.0.4 OK for: protobufjs@6.11.4 want: ^2.0.4
471 silly placeDep ROOT @protobufjs/eventemitter@1.1.0 OK for: protobufjs@6.11.4 want: ^1.1.0
472 silly placeDep ROOT @protobufjs/fetch@1.1.0 OK for: protobufjs@6.11.4 want: ^1.1.0
473 silly placeDep ROOT @protobufjs/float@1.0.2 OK for: protobufjs@6.11.4 want: ^1.0.2
474 silly placeDep ROOT @protobufjs/inquire@1.1.0 OK for: protobufjs@6.11.4 want: ^1.1.0
475 silly placeDep ROOT @protobufjs/path@1.1.2 OK for: protobufjs@6.11.4 want: ^1.1.2
476 silly placeDep ROOT @protobufjs/pool@1.1.0 OK for: protobufjs@6.11.4 want: ^1.1.0
477 silly placeDep ROOT @protobufjs/utf8@1.1.0 OK for: protobufjs@6.11.4 want: ^1.1.0
478 silly placeDep ROOT @types/long@4.0.2 OK for: protobufjs@6.11.4 want: ^4.0.1
479 silly placeDep ROOT long@4.0.0 OK for: protobufjs@6.11.4 want: ^4.0.0
480 silly placeDep ROOT concat-stream@1.6.2 OK for: static-module@1.5.0 want: ~1.6.0
481 silly placeDep ROOT duplexer2@0.0.2 OK for: static-module@1.5.0 want: ~0.0.2
482 silly placeDep ROOT escodegen@1.3.3 OK for: static-module@1.5.0 want: ~1.3.2
483 silly placeDep ROOT falafel@2.2.5 OK for: static-module@1.5.0 want: ^2.1.0
484 silly placeDep ROOT has@1.0.4 OK for: static-module@1.5.0 want: ^1.0.0
485 silly placeDep node_modules/static-module object-inspect@0.4.0 OK for: static-module@1.5.0 want: ~0.4.0
486 silly placeDep ROOT quote-stream@0.0.0 OK for: static-module@1.5.0 want: ~0.0.0
487 silly placeDep ROOT readable-stream@1.0.34 OK for: static-module@1.5.0 want: ~1.0.27-1
488 silly placeDep ROOT shallow-copy@0.0.1 OK for: static-module@1.5.0 want: ~0.0.1
489 silly placeDep ROOT static-eval@0.2.4 OK for: static-module@1.5.0 want: ~0.2.0
490 silly placeDep ROOT through2@0.4.2 OK for: static-module@1.5.0 want: ~0.4.1
491 silly fetch manifest buffer-from@^1.0.0
492 silly packumentCache full:https://registry.npmjs.org/buffer-from cache-miss
493 silly fetch manifest inherits@^2.0.3
494 silly packumentCache full:https://registry.npmjs.org/inherits cache-miss
495 silly fetch manifest readable-stream@^2.2.2
496 silly packumentCache full:https://registry.npmjs.org/readable-stream cache-miss
497 silly fetch manifest typedarray@^0.0.6
498 silly packumentCache full:https://registry.npmjs.org/typedarray cache-miss
499 silly fetch manifest readable-stream@~1.1.9
500 silly packumentCache full:https://registry.npmjs.org/readable-stream cache-miss
501 silly fetch manifest esutils@~1.0.0
502 silly packumentCache full:https://registry.npmjs.org/esutils cache-miss
503 silly fetch manifest estraverse@~1.5.0
504 silly packumentCache full:https://registry.npmjs.org/estraverse cache-miss
505 silly fetch manifest esprima@~1.1.1
506 silly packumentCache full:https://registry.npmjs.org/esprima cache-miss
507 silly fetch manifest source-map@~0.1.33
508 silly packumentCache full:https://registry.npmjs.org/source-map cache-miss
509 silly fetch manifest acorn@^7.1.1
510 silly packumentCache full:https://registry.npmjs.org/acorn cache-miss
511 silly fetch manifest minimist@0.0.8
512 silly packumentCache full:https://registry.npmjs.org/minimist cache-miss
513 http fetch GET 200 https://registry.npmjs.org/readable-stream 27ms (cache hit)
514 silly packumentCache full:https://registry.npmjs.org/readable-stream set size:261096 disposed:false
515 silly fetch manifest isarray@0.0.1
516 silly packumentCache full:https://registry.npmjs.org/isarray cache-miss
517 http fetch GET 200 https://registry.npmjs.org/esprima 31ms (cache hit)
518 silly packumentCache full:https://registry.npmjs.org/esprima set size:118410 disposed:false
519 silly fetch manifest inherits@~2.0.1
520 silly packumentCache full:https://registry.npmjs.org/inherits cache-miss
521 http fetch GET 200 https://registry.npmjs.org/readable-stream 44ms (cache hit)
522 silly packumentCache full:https://registry.npmjs.org/readable-stream set size:261096 disposed:false
523 silly packumentCache full:https://registry.npmjs.org/readable-stream dispose
524 silly fetch manifest core-util-is@~1.0.0
525 silly packumentCache full:https://registry.npmjs.org/core-util-is cache-miss
526 http fetch GET 200 https://registry.npmjs.org/acorn 56ms (cache revalidated)
527 silly packumentCache full:https://registry.npmjs.org/acorn set size:377362 disposed:false
528 silly fetch manifest string_decoder@~0.10.x
529 silly packumentCache full:https://registry.npmjs.org/string_decoder cache-miss
530 http fetch GET 200 https://registry.npmjs.org/typedarray 76ms (cache miss)
531 silly packumentCache full:https://registry.npmjs.org/typedarray set size:undefined disposed:false
532 silly fetch manifest escodegen@~0.0.24
533 silly packumentCache full:https://registry.npmjs.org/escodegen cache-miss
534 http fetch GET 200 https://registry.npmjs.org/buffer-from 81ms (cache miss)
535 silly packumentCache full:https://registry.npmjs.org/buffer-from set size:undefined disposed:false
536 silly fetch manifest xtend@~2.1.1
537 silly packumentCache full:https://registry.npmjs.org/xtend cache-miss
538 http fetch GET 200 https://registry.npmjs.org/minimist 77ms (cache revalidated)
539 silly packumentCache full:https://registry.npmjs.org/minimist set size:77082 disposed:false
540 http fetch GET 200 https://registry.npmjs.org/source-map 83ms (cache revalidated)
541 silly packumentCache full:https://registry.npmjs.org/source-map set size:226141 disposed:false
542 http fetch GET 200 https://registry.npmjs.org/estraverse 93ms (cache revalidated)
543 silly packumentCache full:https://registry.npmjs.org/estraverse set size:62412 disposed:false
544 http fetch GET 200 https://registry.npmjs.org/inherits 99ms (cache miss)
545 silly packumentCache full:https://registry.npmjs.org/inherits set size:undefined disposed:false
546 http fetch GET 200 https://registry.npmjs.org/inherits 62ms (cache miss)
547 silly packumentCache full:https://registry.npmjs.org/inherits set size:undefined disposed:false
548 http fetch GET 200 https://registry.npmjs.org/escodegen 24ms (cache hit)
549 silly packumentCache full:https://registry.npmjs.org/escodegen set size:119723 disposed:false
550 http fetch GET 200 https://registry.npmjs.org/isarray 72ms (cache revalidated)
551 silly packumentCache full:https://registry.npmjs.org/isarray set size:17392 disposed:false
552 http fetch GET 200 https://registry.npmjs.org/string_decoder 47ms (cache miss)
553 silly packumentCache full:https://registry.npmjs.org/string_decoder set size:undefined disposed:false
554 http fetch GET 200 https://registry.npmjs.org/core-util-is 78ms (cache miss)
555 silly packumentCache full:https://registry.npmjs.org/core-util-is set size:undefined disposed:false
556 http fetch GET 200 https://registry.npmjs.org/esutils 159ms (cache revalidated)
557 silly packumentCache full:https://registry.npmjs.org/esutils set size:29522 disposed:false
558 http fetch GET 200 https://registry.npmjs.org/xtend 81ms (cache miss)
559 silly packumentCache full:https://registry.npmjs.org/xtend set size:undefined disposed:false
560 silly placeDep ROOT buffer-from@1.1.2 OK for: concat-stream@1.6.2 want: ^1.0.0
561 silly placeDep ROOT inherits@2.0.4 OK for: concat-stream@1.6.2 want: ^2.0.3
562 silly placeDep node_modules/concat-stream readable-stream@2.3.8 OK for: concat-stream@1.6.2 want: ^2.2.2
563 silly placeDep ROOT typedarray@0.0.6 OK for: concat-stream@1.6.2 want: ^0.0.6
564 silly fetch manifest isarray@~1.0.0
565 silly packumentCache full:https://registry.npmjs.org/isarray cache-hit
566 silly fetch manifest safe-buffer@~5.1.1
567 silly packumentCache full:https://registry.npmjs.org/safe-buffer cache-miss
568 silly fetch manifest string_decoder@~1.1.1
569 silly packumentCache full:https://registry.npmjs.org/string_decoder cache-miss
570 silly fetch manifest util-deprecate@~1.0.1
571 silly packumentCache full:https://registry.npmjs.org/util-deprecate cache-miss
572 silly fetch manifest process-nextick-args@~2.0.0
573 silly packumentCache full:https://registry.npmjs.org/process-nextick-args cache-miss
574 http fetch GET 200 https://registry.npmjs.org/string_decoder 16ms (cache hit)
575 silly packumentCache full:https://registry.npmjs.org/string_decoder set size:28441 disposed:false
576 http fetch GET 200 https://registry.npmjs.org/util-deprecate 50ms (cache miss)
577 silly packumentCache full:https://registry.npmjs.org/util-deprecate set size:undefined disposed:false
578 http fetch GET 200 https://registry.npmjs.org/safe-buffer 76ms (cache miss)
579 silly packumentCache full:https://registry.npmjs.org/safe-buffer set size:undefined disposed:false
580 http fetch GET 200 https://registry.npmjs.org/process-nextick-args 71ms (cache miss)
581 silly packumentCache full:https://registry.npmjs.org/process-nextick-args set size:undefined disposed:false
582 silly placeDep node_modules/duplexer2 readable-stream@1.1.14 OK for: duplexer2@0.0.2 want: ~1.1.9
583 silly placeDep node_modules/escodegen esprima@1.1.1 OK for: escodegen@1.3.3 want: ~1.1.1
584 silly placeDep node_modules/escodegen estraverse@1.5.1 OK for: escodegen@1.3.3 want: ~1.5.0
585 silly placeDep node_modules/escodegen esutils@1.0.0 OK for: escodegen@1.3.3 want: ~1.0.0
586 silly placeDep node_modules/escodegen source-map@0.1.43 OK for: escodegen@1.3.3 want: ~0.1.33
587 silly fetch manifest amdefine@>=0.0.4
588 silly packumentCache full:https://registry.npmjs.org/amdefine cache-miss
589 http fetch GET 200 https://registry.npmjs.org/amdefine 39ms (cache miss)
590 silly packumentCache full:https://registry.npmjs.org/amdefine set size:undefined disposed:false
591 silly placeDep node_modules/falafel acorn@7.4.1 OK for: falafel@2.2.5 want: ^7.1.1
592 silly placeDep node_modules/quote-stream minimist@0.0.8 OK for: quote-stream@0.0.0 want: 0.0.8
593 silly placeDep ROOT core-util-is@1.0.3 OK for: readable-stream@1.0.34 want: ~1.0.0
594 silly placeDep node_modules/readable-stream isarray@0.0.1 OK for: readable-stream@1.0.34 want: 0.0.1
595 silly placeDep ROOT string_decoder@0.10.31 OK for: readable-stream@1.0.34 want: ~0.10.x
596 silly placeDep node_modules/static-eval escodegen@0.0.28 OK for: static-eval@0.2.4 want: ~0.0.24
597 silly fetch manifest esprima@~1.0.2
598 silly packumentCache full:https://registry.npmjs.org/esprima cache-hit
599 silly fetch manifest estraverse@~1.3.0
600 silly packumentCache full:https://registry.npmjs.org/estraverse cache-hit
601 silly placeDep ROOT xtend@2.1.2 OK for: through2@0.4.2 want: ~2.1.1
602 silly fetch manifest object-keys@~0.4.0
603 silly packumentCache full:https://registry.npmjs.org/object-keys cache-miss
604 http fetch GET 200 https://registry.npmjs.org/object-keys 49ms (cache revalidated)
605 silly packumentCache full:https://registry.npmjs.org/object-keys set size:67744 disposed:false
606 silly placeDep ROOT tonal-array@2.2.2 OK for: tonal@2.2.2 want: ^2.2.2
607 silly placeDep ROOT tonal-chord@2.2.2 OK for: tonal@2.2.2 want: ^2.2.2
608 silly placeDep ROOT tonal-dictionary@2.2.2 OK for: tonal@2.2.2 want: ^2.2.2
609 silly placeDep ROOT tonal-distance@2.2.2 OK for: tonal@2.2.2 want: ^2.2.2
610 silly placeDep ROOT tonal-interval@2.2.2 OK for: tonal@2.2.2 want: ^2.2.2
611 silly placeDep ROOT tonal-key@2.2.2 OK for: tonal@2.2.2 want: ^2.2.2
612 silly placeDep ROOT tonal-note@2.2.2 OK for: tonal@2.2.2 want: ^2.2.2
613 silly placeDep ROOT tonal-pcset@2.2.2 OK for: tonal@2.2.2 want: ^2.2.2
614 silly placeDep ROOT tonal-scale@2.2.2 OK for: tonal@2.2.2 want: ^2.2.2
615 silly fetch manifest tonal-roman-numeral@^2.2.2
616 silly packumentCache full:https://registry.npmjs.org/tonal-roman-numeral cache-miss
617 http fetch GET 200 https://registry.npmjs.org/tonal-roman-numeral 129ms (cache miss)
618 silly packumentCache full:https://registry.npmjs.org/tonal-roman-numeral set size:undefined disposed:false
619 silly placeDep ROOT tonal-roman-numeral@2.2.2 OK for: tonal-key@2.2.2 want: ^2.2.2
620 silly placeDep ROOT dup@1.0.0 OK for: typedarray-pool@1.2.0 want: ^1.0.0
621 silly placeDep ROOT uglify-to-browserify@1.0.2 OK for: uglify-js@2.8.29 want: ~1.0.0
622 silly placeDep node_modules/uglify-js yargs@3.10.0 OK for: uglify-js@2.8.29 want: ~3.10.0
623 silly fetch manifest cliui@^2.1.0
624 silly packumentCache full:https://registry.npmjs.org/cliui cache-miss
625 silly fetch manifest camelcase@^1.0.2
626 silly packumentCache full:https://registry.npmjs.org/camelcase cache-miss
627 silly fetch manifest decamelize@^1.0.0
628 silly packumentCache full:https://registry.npmjs.org/decamelize cache-miss
629 silly fetch manifest window-size@0.1.0
630 silly packumentCache full:https://registry.npmjs.org/window-size cache-miss
631 http fetch GET 200 https://registry.npmjs.org/cliui 10ms (cache hit)
632 silly packumentCache full:https://registry.npmjs.org/cliui set size:69089 disposed:false
633 http fetch GET 200 https://registry.npmjs.org/camelcase 49ms (cache miss)
634 silly packumentCache full:https://registry.npmjs.org/camelcase set size:undefined disposed:false
635 http fetch GET 200 https://registry.npmjs.org/decamelize 49ms (cache miss)
636 silly packumentCache full:https://registry.npmjs.org/decamelize set size:undefined disposed:false
637 http fetch GET 200 https://registry.npmjs.org/window-size 106ms (cache miss)
638 silly packumentCache full:https://registry.npmjs.org/window-size set size:undefined disposed:false
639 silly placeDep ROOT tr46@0.0.3 OK for: whatwg-url@5.0.0 want: ~0.0.3
640 silly placeDep ROOT webidl-conversions@3.0.1 OK for: whatwg-url@5.0.0 want: ^3.0.0
641 silly placeDep node_modules/xtend object-keys@0.4.0 OK for: xtend@2.1.2 want: ~0.4.0
642 silly placeDep ROOT cliui@7.0.4 OK for: yargs@16.2.0 want: ^7.0.2
643 silly placeDep ROOT get-caller-file@2.0.5 OK for: yargs@16.2.0 want: ^2.0.5
644 silly placeDep ROOT require-directory@2.1.1 OK for: yargs@16.2.0 want: ^2.1.1
645 silly placeDep ROOT string-width@4.2.3 OK for: yargs@16.2.0 want: ^4.2.0
646 silly placeDep ROOT y18n@5.0.8 OK for: yargs@16.2.0 want: ^5.0.5
647 silly placeDep ROOT yargs-parser@20.2.9 OK for: yargs@16.2.0 want: ^20.2.2
648 silly fetch manifest wrap-ansi@^7.0.0
649 silly packumentCache full:https://registry.npmjs.org/wrap-ansi cache-miss
650 silly fetch manifest strip-ansi@^6.0.0
651 silly packumentCache full:https://registry.npmjs.org/strip-ansi cache-miss
652 silly fetch manifest strip-ansi@^6.0.1
653 silly packumentCache full:https://registry.npmjs.org/strip-ansi cache-miss
654 silly fetch manifest emoji-regex@^8.0.0
655 silly packumentCache full:https://registry.npmjs.org/emoji-regex cache-miss
656 silly fetch manifest is-fullwidth-code-point@^3.0.0
657 silly packumentCache full:https://registry.npmjs.org/is-fullwidth-code-point cache-miss
658 http fetch GET 200 https://registry.npmjs.org/emoji-regex 46ms (cache revalidated)
659 silly packumentCache full:https://registry.npmjs.org/emoji-regex set size:89088 disposed:false
660 http fetch GET 200 https://registry.npmjs.org/is-fullwidth-code-point 48ms (cache miss)
661 silly packumentCache full:https://registry.npmjs.org/is-fullwidth-code-point set size:undefined disposed:false
662 http fetch GET 200 https://registry.npmjs.org/strip-ansi 51ms (cache miss)
663 silly packumentCache full:https://registry.npmjs.org/strip-ansi set size:undefined disposed:false
664 http fetch GET 200 https://registry.npmjs.org/strip-ansi 141ms (cache miss)
665 silly packumentCache full:https://registry.npmjs.org/strip-ansi set size:undefined disposed:false
666 http fetch GET 200 https://registry.npmjs.org/wrap-ansi 144ms (cache miss)
667 silly packumentCache full:https://registry.npmjs.org/wrap-ansi set size:undefined disposed:false
668 silly placeDep ROOT strip-ansi@6.0.1 OK for: cliui@7.0.4 want: ^6.0.0
669 silly placeDep ROOT wrap-ansi@7.0.0 OK for: cliui@7.0.4 want: ^7.0.0
670 silly fetch manifest ansi-regex@^5.0.1
671 silly packumentCache full:https://registry.npmjs.org/ansi-regex cache-miss
672 http fetch GET 200 https://registry.npmjs.org/ansi-regex 39ms (cache miss)
673 silly packumentCache full:https://registry.npmjs.org/ansi-regex set size:undefined disposed:false
674 silly placeDep node_modules/string-width emoji-regex@8.0.0 OK for: string-width@4.2.3 want: ^8.0.0
675 silly placeDep ROOT is-fullwidth-code-point@3.0.0 OK for: string-width@4.2.3 want: ^3.0.0
676 silly placeDep ROOT ansi-regex@5.0.1 OK for: strip-ansi@6.0.1 want: ^5.0.1
677 silly placeDep ROOT sprintf-js@1.0.3 OK for: argparse@1.0.10 want: ~1.0.2
678 silly placeDep node_modules/concat-stream isarray@1.0.0 OK for: readable-stream@2.3.8 want: ~1.0.0
679 silly placeDep ROOT process-nextick-args@2.0.1 OK for: readable-stream@2.3.8 want: ~2.0.0
680 silly placeDep ROOT safe-buffer@5.1.2 OK for: readable-stream@2.3.8 want: ~5.1.1
681 silly placeDep node_modules/concat-stream string_decoder@1.1.1 OK for: readable-stream@2.3.8 want: ~1.1.1
682 silly placeDep ROOT util-deprecate@1.0.2 OK for: readable-stream@2.3.8 want: ~1.0.1
683 silly placeDep node_modules/duplexer2 isarray@0.0.1 OK for: readable-stream@1.1.14 want: 0.0.1
684 silly placeDep ROOT amdefine@1.0.1 OK for: source-map@0.1.43 want: >=0.0.4
685 silly placeDep node_modules/static-eval esprima@1.0.4 OK for: escodegen@0.0.28 want: ~1.0.2
686 silly placeDep node_modules/static-eval estraverse@1.3.2 OK for: escodegen@0.0.28 want: ~1.3.0
687 silly placeDep ROOT camelcase@1.2.1 OK for: yargs@3.10.0 want: ^1.0.2
688 silly placeDep node_modules/uglify-js cliui@2.1.0 OK for: yargs@3.10.0 want: ^2.1.0
689 silly placeDep ROOT decamelize@1.2.0 OK for: yargs@3.10.0 want: ^1.0.0
690 silly placeDep ROOT window-size@0.1.0 OK for: yargs@3.10.0 want: 0.1.0
691 silly fetch manifest wordwrap@0.0.2
692 silly packumentCache full:https://registry.npmjs.org/wordwrap cache-miss
693 silly fetch manifest right-align@^0.1.1
694 silly packumentCache full:https://registry.npmjs.org/right-align cache-miss
695 silly fetch manifest center-align@^0.1.1
696 silly packumentCache full:https://registry.npmjs.org/center-align cache-miss
697 http fetch GET 200 https://registry.npmjs.org/wordwrap 50ms (cache miss)
698 silly packumentCache full:https://registry.npmjs.org/wordwrap set size:undefined disposed:false
699 http fetch GET 200 https://registry.npmjs.org/center-align 78ms (cache miss)
700 silly packumentCache full:https://registry.npmjs.org/center-align set size:undefined disposed:false
701 http fetch GET 200 https://registry.npmjs.org/right-align 88ms (cache miss)
702 silly packumentCache full:https://registry.npmjs.org/right-align set size:undefined disposed:false
703 silly placeDep ROOT center-align@0.1.3 OK for: cliui@2.1.0 want: ^0.1.1
704 silly placeDep ROOT right-align@0.1.3 OK for: cliui@2.1.0 want: ^0.1.1
705 silly placeDep ROOT wordwrap@0.0.2 OK for: cliui@2.1.0 want: 0.0.2
706 silly fetch manifest align-text@^0.1.3
707 silly packumentCache full:https://registry.npmjs.org/align-text cache-miss
708 silly fetch manifest lazy-cache@^1.0.3
709 silly packumentCache full:https://registry.npmjs.org/lazy-cache cache-miss
710 silly fetch manifest align-text@^0.1.1
711 silly packumentCache full:https://registry.npmjs.org/align-text cache-miss
712 http fetch GET 200 https://registry.npmjs.org/align-text 83ms (cache miss)
713 silly packumentCache full:https://registry.npmjs.org/align-text set size:undefined disposed:false
714 http fetch GET 200 https://registry.npmjs.org/align-text 100ms (cache miss)
715 silly packumentCache full:https://registry.npmjs.org/align-text set size:undefined disposed:false
716 http fetch GET 200 https://registry.npmjs.org/lazy-cache 104ms (cache miss)
717 silly packumentCache full:https://registry.npmjs.org/lazy-cache set size:undefined disposed:false
718 silly placeDep ROOT align-text@0.1.4 OK for: center-align@0.1.3 want: ^0.1.3
719 silly placeDep ROOT lazy-cache@1.0.4 OK for: center-align@0.1.3 want: ^1.0.3
720 silly fetch manifest kind-of@^3.0.2
721 silly packumentCache full:https://registry.npmjs.org/kind-of cache-miss
722 silly fetch manifest longest@^1.0.1
723 silly packumentCache full:https://registry.npmjs.org/longest cache-miss
724 silly fetch manifest repeat-string@^1.5.2
725 silly packumentCache full:https://registry.npmjs.org/repeat-string cache-miss
726 http fetch GET 200 https://registry.npmjs.org/longest 86ms (cache miss)
727 silly packumentCache full:https://registry.npmjs.org/longest set size:undefined disposed:false
728 http fetch GET 200 https://registry.npmjs.org/kind-of 89ms (cache miss)
729 silly packumentCache full:https://registry.npmjs.org/kind-of set size:undefined disposed:false
730 http fetch GET 200 https://registry.npmjs.org/repeat-string 90ms (cache miss)
731 silly packumentCache full:https://registry.npmjs.org/repeat-string set size:undefined disposed:false
732 silly placeDep ROOT kind-of@3.2.2 OK for: align-text@0.1.4 want: ^3.0.2
733 silly placeDep ROOT longest@1.0.1 OK for: align-text@0.1.4 want: ^1.0.1
734 silly placeDep ROOT repeat-string@1.6.1 OK for: align-text@0.1.4 want: ^1.5.2
735 silly reify moves {}
736 verbose reify failed optional dependency /Users/home/evolved/music-land/node_modules/@unrs/resolver-binding-win32-x64-msvc
737 silly reify mark deleted [
737 silly reify   '/Users/home/evolved/music-land/node_modules/@unrs/resolver-binding-win32-x64-msvc'
737 silly reify ]
738 verbose reify failed optional dependency /Users/home/evolved/music-land/node_modules/@unrs/resolver-binding-win32-ia32-msvc
739 silly reify mark deleted [
739 silly reify   '/Users/home/evolved/music-land/node_modules/@unrs/resolver-binding-win32-ia32-msvc'
739 silly reify ]
740 verbose reify failed optional dependency /Users/home/evolved/music-land/node_modules/@unrs/resolver-binding-win32-arm64-msvc
741 silly reify mark deleted [
741 silly reify   '/Users/home/evolved/music-land/node_modules/@unrs/resolver-binding-win32-arm64-msvc'
741 silly reify ]
742 verbose reify failed optional dependency /Users/home/evolved/music-land/node_modules/@unrs/resolver-binding-wasm32-wasi
743 silly reify mark deleted [
743 silly reify   '/Users/home/evolved/music-land/node_modules/@unrs/resolver-binding-wasm32-wasi'
743 silly reify ]
744 verbose reify failed optional dependency /Users/home/evolved/music-land/node_modules/@napi-rs/wasm-runtime
745 silly reify mark deleted [ '/Users/home/evolved/music-land/node_modules/@napi-rs/wasm-runtime' ]
746 verbose reify failed optional dependency /Users/home/evolved/music-land/node_modules/@emnapi/core
747 silly reify mark deleted [ '/Users/home/evolved/music-land/node_modules/@emnapi/core' ]
748 verbose reify failed optional dependency /Users/home/evolved/music-land/node_modules/@tybys/wasm-util
749 silly reify mark deleted [ '/Users/home/evolved/music-land/node_modules/@tybys/wasm-util' ]
750 verbose reify failed optional dependency /Users/home/evolved/music-land/node_modules/@emnapi/wasi-threads
751 silly reify mark deleted [ '/Users/home/evolved/music-land/node_modules/@emnapi/wasi-threads' ]
752 verbose reify failed optional dependency /Users/home/evolved/music-land/node_modules/@unrs/resolver-binding-linux-x64-musl
753 silly reify mark deleted [
753 silly reify   '/Users/home/evolved/music-land/node_modules/@unrs/resolver-binding-linux-x64-musl'
753 silly reify ]
754 verbose reify failed optional dependency /Users/home/evolved/music-land/node_modules/@unrs/resolver-binding-linux-x64-gnu
755 silly reify mark deleted [
755 silly reify   '/Users/home/evolved/music-land/node_modules/@unrs/resolver-binding-linux-x64-gnu'
755 silly reify ]
756 verbose reify failed optional dependency /Users/home/evolved/music-land/node_modules/@unrs/resolver-binding-linux-s390x-gnu
757 silly reify mark deleted [
757 silly reify   '/Users/home/evolved/music-land/node_modules/@unrs/resolver-binding-linux-s390x-gnu'
757 silly reify ]
758 verbose reify failed optional dependency /Users/home/evolved/music-land/node_modules/@unrs/resolver-binding-linux-riscv64-musl
759 silly reify mark deleted [
759 silly reify   '/Users/home/evolved/music-land/node_modules/@unrs/resolver-binding-linux-riscv64-musl'
759 silly reify ]
760 verbose reify failed optional dependency /Users/home/evolved/music-land/node_modules/@unrs/resolver-binding-linux-riscv64-gnu
761 silly reify mark deleted [
761 silly reify   '/Users/home/evolved/music-land/node_modules/@unrs/resolver-binding-linux-riscv64-gnu'
761 silly reify ]
762 verbose reify failed optional dependency /Users/home/evolved/music-land/node_modules/@unrs/resolver-binding-linux-ppc64-gnu
763 silly reify mark deleted [
763 silly reify   '/Users/home/evolved/music-land/node_modules/@unrs/resolver-binding-linux-ppc64-gnu'
763 silly reify ]
764 verbose reify failed optional dependency /Users/home/evolved/music-land/node_modules/@unrs/resolver-binding-linux-arm64-musl
765 silly reify mark deleted [
765 silly reify   '/Users/home/evolved/music-land/node_modules/@unrs/resolver-binding-linux-arm64-musl'
765 silly reify ]
766 verbose reify failed optional dependency /Users/home/evolved/music-land/node_modules/@unrs/resolver-binding-linux-arm64-gnu
767 silly reify mark deleted [
767 silly reify   '/Users/home/evolved/music-land/node_modules/@unrs/resolver-binding-linux-arm64-gnu'
767 silly reify ]
768 verbose reify failed optional dependency /Users/home/evolved/music-land/node_modules/@unrs/resolver-binding-linux-arm-musleabihf
769 silly reify mark deleted [
769 silly reify   '/Users/home/evolved/music-land/node_modules/@unrs/resolver-binding-linux-arm-musleabihf'
769 silly reify ]
770 verbose reify failed optional dependency /Users/home/evolved/music-land/node_modules/@unrs/resolver-binding-linux-arm-gnueabihf
771 silly reify mark deleted [
771 silly reify   '/Users/home/evolved/music-land/node_modules/@unrs/resolver-binding-linux-arm-gnueabihf'
771 silly reify ]
772 verbose reify failed optional dependency /Users/home/evolved/music-land/node_modules/@unrs/resolver-binding-freebsd-x64
773 silly reify mark deleted [
773 silly reify   '/Users/home/evolved/music-land/node_modules/@unrs/resolver-binding-freebsd-x64'
773 silly reify ]
774 verbose reify failed optional dependency /Users/home/evolved/music-land/node_modules/@unrs/resolver-binding-darwin-arm64
775 silly reify mark deleted [
775 silly reify   '/Users/home/evolved/music-land/node_modules/@unrs/resolver-binding-darwin-arm64'
775 silly reify ]
776 verbose reify failed optional dependency /Users/home/evolved/music-land/node_modules/@unrs/resolver-binding-android-arm64
777 silly reify mark deleted [
777 silly reify   '/Users/home/evolved/music-land/node_modules/@unrs/resolver-binding-android-arm64'
777 silly reify ]
778 verbose reify failed optional dependency /Users/home/evolved/music-land/node_modules/@unrs/resolver-binding-android-arm-eabi
779 silly reify mark deleted [
779 silly reify   '/Users/home/evolved/music-land/node_modules/@unrs/resolver-binding-android-arm-eabi'
779 silly reify ]
780 verbose reify failed optional dependency /Users/home/evolved/music-land/node_modules/@next/swc-win32-x64-msvc
781 silly reify mark deleted [
781 silly reify   '/Users/home/evolved/music-land/node_modules/@next/swc-win32-x64-msvc'
781 silly reify ]
782 verbose reify failed optional dependency /Users/home/evolved/music-land/node_modules/@next/swc-win32-arm64-msvc
783 silly reify mark deleted [
783 silly reify   '/Users/home/evolved/music-land/node_modules/@next/swc-win32-arm64-msvc'
783 silly reify ]
784 verbose reify failed optional dependency /Users/home/evolved/music-land/node_modules/@next/swc-linux-x64-musl
785 silly reify mark deleted [
785 silly reify   '/Users/home/evolved/music-land/node_modules/@next/swc-linux-x64-musl'
785 silly reify ]
786 verbose reify failed optional dependency /Users/home/evolved/music-land/node_modules/@next/swc-linux-x64-gnu
787 silly reify mark deleted [
787 silly reify   '/Users/home/evolved/music-land/node_modules/@next/swc-linux-x64-gnu'
787 silly reify ]
788 verbose reify failed optional dependency /Users/home/evolved/music-land/node_modules/@next/swc-linux-arm64-musl
789 silly reify mark deleted [
789 silly reify   '/Users/home/evolved/music-land/node_modules/@next/swc-linux-arm64-musl'
789 silly reify ]
790 verbose reify failed optional dependency /Users/home/evolved/music-land/node_modules/@next/swc-linux-arm64-gnu
791 silly reify mark deleted [
791 silly reify   '/Users/home/evolved/music-land/node_modules/@next/swc-linux-arm64-gnu'
791 silly reify ]
792 verbose reify failed optional dependency /Users/home/evolved/music-land/node_modules/@next/swc-darwin-arm64
793 silly reify mark deleted [
793 silly reify   '/Users/home/evolved/music-land/node_modules/@next/swc-darwin-arm64'
793 silly reify ]
794 verbose reify failed optional dependency /Users/home/evolved/music-land/node_modules/@img/sharp-win32-x64
795 silly reify mark deleted [ '/Users/home/evolved/music-land/node_modules/@img/sharp-win32-x64' ]
796 verbose reify failed optional dependency /Users/home/evolved/music-land/node_modules/@img/sharp-win32-ia32
797 silly reify mark deleted [ '/Users/home/evolved/music-land/node_modules/@img/sharp-win32-ia32' ]
798 verbose reify failed optional dependency /Users/home/evolved/music-land/node_modules/@img/sharp-win32-arm64
799 silly reify mark deleted [
799 silly reify   '/Users/home/evolved/music-land/node_modules/@img/sharp-win32-arm64'
799 silly reify ]
800 verbose reify failed optional dependency /Users/home/evolved/music-land/node_modules/@img/sharp-wasm32
801 silly reify mark deleted [ '/Users/home/evolved/music-land/node_modules/@img/sharp-wasm32' ]
802 verbose reify failed optional dependency /Users/home/evolved/music-land/node_modules/@img/sharp-linuxmusl-x64
803 silly reify mark deleted [
803 silly reify   '/Users/home/evolved/music-land/node_modules/@img/sharp-linuxmusl-x64'
803 silly reify ]
804 verbose reify failed optional dependency /Users/home/evolved/music-land/node_modules/@img/sharp-linuxmusl-arm64
805 silly reify mark deleted [
805 silly reify   '/Users/home/evolved/music-land/node_modules/@img/sharp-linuxmusl-arm64'
805 silly reify ]
806 verbose reify failed optional dependency /Users/home/evolved/music-land/node_modules/@img/sharp-linux-x64
807 silly reify mark deleted [ '/Users/home/evolved/music-land/node_modules/@img/sharp-linux-x64' ]
808 verbose reify failed optional dependency /Users/home/evolved/music-land/node_modules/@img/sharp-linux-s390x
809 silly reify mark deleted [
809 silly reify   '/Users/home/evolved/music-land/node_modules/@img/sharp-linux-s390x'
809 silly reify ]
810 verbose reify failed optional dependency /Users/home/evolved/music-land/node_modules/@img/sharp-linux-riscv64
811 silly reify mark deleted [
811 silly reify   '/Users/home/evolved/music-land/node_modules/@img/sharp-linux-riscv64'
811 silly reify ]
812 verbose reify failed optional dependency /Users/home/evolved/music-land/node_modules/@img/sharp-linux-ppc64
813 silly reify mark deleted [
813 silly reify   '/Users/home/evolved/music-land/node_modules/@img/sharp-linux-ppc64'
813 silly reify ]
814 verbose reify failed optional dependency /Users/home/evolved/music-land/node_modules/@img/sharp-linux-arm64
815 silly reify mark deleted [
815 silly reify   '/Users/home/evolved/music-land/node_modules/@img/sharp-linux-arm64'
815 silly reify ]
816 verbose reify failed optional dependency /Users/home/evolved/music-land/node_modules/@img/sharp-linux-arm
817 silly reify mark deleted [ '/Users/home/evolved/music-land/node_modules/@img/sharp-linux-arm' ]
818 verbose reify failed optional dependency /Users/home/evolved/music-land/node_modules/@img/sharp-libvips-linuxmusl-x64
819 silly reify mark deleted [
819 silly reify   '/Users/home/evolved/music-land/node_modules/@img/sharp-libvips-linuxmusl-x64'
819 silly reify ]
820 verbose reify failed optional dependency /Users/home/evolved/music-land/node_modules/@img/sharp-libvips-linuxmusl-arm64
821 silly reify mark deleted [
821 silly reify   '/Users/home/evolved/music-land/node_modules/@img/sharp-libvips-linuxmusl-arm64'
821 silly reify ]
822 verbose reify failed optional dependency /Users/home/evolved/music-land/node_modules/@img/sharp-libvips-linux-x64
823 silly reify mark deleted [
823 silly reify   '/Users/home/evolved/music-land/node_modules/@img/sharp-libvips-linux-x64'
823 silly reify ]
824 verbose reify failed optional dependency /Users/home/evolved/music-land/node_modules/@img/sharp-libvips-linux-s390x
825 silly reify mark deleted [
825 silly reify   '/Users/home/evolved/music-land/node_modules/@img/sharp-libvips-linux-s390x'
825 silly reify ]
826 verbose reify failed optional dependency /Users/home/evolved/music-land/node_modules/@img/sharp-libvips-linux-riscv64
827 silly reify mark deleted [
827 silly reify   '/Users/home/evolved/music-land/node_modules/@img/sharp-libvips-linux-riscv64'
827 silly reify ]
828 verbose reify failed optional dependency /Users/home/evolved/music-land/node_modules/@img/sharp-libvips-linux-ppc64
829 silly reify mark deleted [
829 silly reify   '/Users/home/evolved/music-land/node_modules/@img/sharp-libvips-linux-ppc64'
829 silly reify ]
830 verbose reify failed optional dependency /Users/home/evolved/music-land/node_modules/@img/sharp-libvips-linux-arm64
831 silly reify mark deleted [
831 silly reify   '/Users/home/evolved/music-land/node_modules/@img/sharp-libvips-linux-arm64'
831 silly reify ]
832 verbose reify failed optional dependency /Users/home/evolved/music-land/node_modules/@img/sharp-libvips-linux-arm
833 silly reify mark deleted [
833 silly reify   '/Users/home/evolved/music-land/node_modules/@img/sharp-libvips-linux-arm'
833 silly reify ]
834 verbose reify failed optional dependency /Users/home/evolved/music-land/node_modules/@img/sharp-libvips-darwin-arm64
835 silly reify mark deleted [
835 silly reify   '/Users/home/evolved/music-land/node_modules/@img/sharp-libvips-darwin-arm64'
835 silly reify ]
836 verbose reify failed optional dependency /Users/home/evolved/music-land/node_modules/@img/sharp-darwin-arm64
837 silly reify mark deleted [
837 silly reify   '/Users/home/evolved/music-land/node_modules/@img/sharp-darwin-arm64'
837 silly reify ]
838 silly tarball no local data for kind-of@https://registry.npmjs.org/kind-of/-/kind-of-3.2.2.tgz. Extracting by manifest.
839 silly tarball no local data for repeat-string@https://registry.npmjs.org/repeat-string/-/repeat-string-1.6.1.tgz. Extracting by manifest.
840 silly tarball no local data for longest@https://registry.npmjs.org/longest/-/longest-1.0.1.tgz. Extracting by manifest.
841 silly tarball no local data for align-text@https://registry.npmjs.org/align-text/-/align-text-0.1.4.tgz. Extracting by manifest.
842 silly tarball no local data for wordwrap@https://registry.npmjs.org/wordwrap/-/wordwrap-0.0.2.tgz. Extracting by manifest.
843 silly tarball no local data for lazy-cache@https://registry.npmjs.org/lazy-cache/-/lazy-cache-1.0.4.tgz. Extracting by manifest.
844 silly tarball no local data for right-align@https://registry.npmjs.org/right-align/-/right-align-0.1.3.tgz. Extracting by manifest.
845 silly tarball no local data for center-align@https://registry.npmjs.org/center-align/-/center-align-0.1.3.tgz. Extracting by manifest.
846 silly tarball no local data for window-size@https://registry.npmjs.org/window-size/-/window-size-0.1.0.tgz. Extracting by manifest.
847 silly tarball no local data for decamelize@https://registry.npmjs.org/decamelize/-/decamelize-1.2.0.tgz. Extracting by manifest.
848 silly tarball no local data for amdefine@https://registry.npmjs.org/amdefine/-/amdefine-1.0.1.tgz. Extracting by manifest.
849 silly tarball no local data for util-deprecate@https://registry.npmjs.org/util-deprecate/-/util-deprecate-1.0.2.tgz. Extracting by manifest.
850 silly tarball no local data for camelcase@https://registry.npmjs.org/camelcase/-/camelcase-1.2.1.tgz. Extracting by manifest.
851 silly tarball no local data for safe-buffer@https://registry.npmjs.org/safe-buffer/-/safe-buffer-5.1.2.tgz. Extracting by manifest.
852 silly tarball no local data for sprintf-js@https://registry.npmjs.org/sprintf-js/-/sprintf-js-1.0.3.tgz. Extracting by manifest.
853 silly tarball no local data for ansi-regex@https://registry.npmjs.org/ansi-regex/-/ansi-regex-5.0.1.tgz. Extracting by manifest.
854 silly tarball no local data for is-fullwidth-code-point@https://registry.npmjs.org/is-fullwidth-code-point/-/is-fullwidth-code-point-3.0.0.tgz. Extracting by manifest.
855 silly tarball no local data for wrap-ansi@https://registry.npmjs.org/wrap-ansi/-/wrap-ansi-7.0.0.tgz. Extracting by manifest.
856 silly tarball no local data for strip-ansi@https://registry.npmjs.org/strip-ansi/-/strip-ansi-6.0.1.tgz. Extracting by manifest.
857 silly tarball no local data for yargs-parser@https://registry.npmjs.org/yargs-parser/-/yargs-parser-20.2.9.tgz. Extracting by manifest.
858 silly tarball no local data for process-nextick-args@https://registry.npmjs.org/process-nextick-args/-/process-nextick-args-2.0.1.tgz. Extracting by manifest.
859 silly tarball no local data for y18n@https://registry.npmjs.org/y18n/-/y18n-5.0.8.tgz. Extracting by manifest.
860 silly tarball no local data for string-width@https://registry.npmjs.org/string-width/-/string-width-4.2.3.tgz. Extracting by manifest.
861 silly tarball no local data for require-directory@https://registry.npmjs.org/require-directory/-/require-directory-2.1.1.tgz. Extracting by manifest.
862 silly tarball no local data for cliui@https://registry.npmjs.org/cliui/-/cliui-7.0.4.tgz. Extracting by manifest.
863 silly tarball no local data for get-caller-file@https://registry.npmjs.org/get-caller-file/-/get-caller-file-2.0.5.tgz. Extracting by manifest.
864 silly tarball no local data for tr46@https://registry.npmjs.org/tr46/-/tr46-0.0.3.tgz. Extracting by manifest.
865 silly tarball no local data for webidl-conversions@https://registry.npmjs.org/webidl-conversions/-/webidl-conversions-3.0.1.tgz. Extracting by manifest.
866 silly tarball no local data for tonal-roman-numeral@https://registry.npmjs.org/tonal-roman-numeral/-/tonal-roman-numeral-2.2.2.tgz. Extracting by manifest.
867 silly tarball no local data for dup@https://registry.npmjs.org/dup/-/dup-1.0.0.tgz. Extracting by manifest.
868 silly tarball no local data for tonal-scale@https://registry.npmjs.org/tonal-scale/-/tonal-scale-2.2.2.tgz. Extracting by manifest.
869 silly tarball no local data for tonal-pcset@https://registry.npmjs.org/tonal-pcset/-/tonal-pcset-2.2.2.tgz. Extracting by manifest.
870 silly tarball no local data for tonal-note@https://registry.npmjs.org/tonal-note/-/tonal-note-2.2.2.tgz. Extracting by manifest.
871 silly tarball no local data for uglify-to-browserify@https://registry.npmjs.org/uglify-to-browserify/-/uglify-to-browserify-1.0.2.tgz. Extracting by manifest.
872 silly tarball no local data for tonal-key@https://registry.npmjs.org/tonal-key/-/tonal-key-2.2.2.tgz. Extracting by manifest.
873 silly tarball no local data for tonal-interval@https://registry.npmjs.org/tonal-interval/-/tonal-interval-2.2.2.tgz. Extracting by manifest.
874 silly tarball no local data for tonal-distance@https://registry.npmjs.org/tonal-distance/-/tonal-distance-2.2.2.tgz. Extracting by manifest.
875 silly tarball no local data for tonal-chord@https://registry.npmjs.org/tonal-chord/-/tonal-chord-2.2.2.tgz. Extracting by manifest.
876 silly tarball no local data for tonal-array@https://registry.npmjs.org/tonal-array/-/tonal-array-2.2.2.tgz. Extracting by manifest.
877 silly tarball no local data for tonal-dictionary@https://registry.npmjs.org/tonal-dictionary/-/tonal-dictionary-2.2.2.tgz. Extracting by manifest.
878 silly tarball no local data for xtend@https://registry.npmjs.org/xtend/-/xtend-2.1.2.tgz. Extracting by manifest.
879 silly tarball no local data for core-util-is@https://registry.npmjs.org/core-util-is/-/core-util-is-1.0.3.tgz. Extracting by manifest.
880 silly tarball no local data for string_decoder@https://registry.npmjs.org/string_decoder/-/string_decoder-0.10.31.tgz. Extracting by manifest.
881 silly tarball no local data for inherits@https://registry.npmjs.org/inherits/-/inherits-2.0.4.tgz. Extracting by manifest.
882 silly tarball no local data for typedarray@https://registry.npmjs.org/typedarray/-/typedarray-0.0.6.tgz. Extracting by manifest.
883 silly tarball no local data for buffer-from@https://registry.npmjs.org/buffer-from/-/buffer-from-1.1.2.tgz. Extracting by manifest.
884 silly tarball no local data for through2@https://registry.npmjs.org/through2/-/through2-0.4.2.tgz. Extracting by manifest.
885 silly tarball no local data for static-eval@https://registry.npmjs.org/static-eval/-/static-eval-0.2.4.tgz. Extracting by manifest.
886 silly tarball no local data for readable-stream@https://registry.npmjs.org/readable-stream/-/readable-stream-1.0.34.tgz. Extracting by manifest.
887 silly tarball no local data for shallow-copy@https://registry.npmjs.org/shallow-copy/-/shallow-copy-0.0.1.tgz. Extracting by manifest.
888 silly tarball no local data for has@https://registry.npmjs.org/has/-/has-1.0.4.tgz. Extracting by manifest.
889 silly tarball no local data for falafel@https://registry.npmjs.org/falafel/-/falafel-2.2.5.tgz. Extracting by manifest.
890 silly tarball no local data for quote-stream@https://registry.npmjs.org/quote-stream/-/quote-stream-0.0.0.tgz. Extracting by manifest.
891 silly tarball no local data for escodegen@https://registry.npmjs.org/escodegen/-/escodegen-1.3.3.tgz. Extracting by manifest.
892 silly tarball no local data for duplexer2@https://registry.npmjs.org/duplexer2/-/duplexer2-0.0.2.tgz. Extracting by manifest.
893 silly tarball no local data for @types/long@https://registry.npmjs.org/@types/long/-/long-4.0.2.tgz. Extracting by manifest.
894 silly tarball no local data for concat-stream@https://registry.npmjs.org/concat-stream/-/concat-stream-1.6.2.tgz. Extracting by manifest.
895 silly tarball no local data for @protobufjs/utf8@https://registry.npmjs.org/@protobufjs/utf8/-/utf8-1.1.0.tgz. Extracting by manifest.
896 silly tarball no local data for long@https://registry.npmjs.org/long/-/long-4.0.0.tgz. Extracting by manifest.
897 silly tarball no local data for @protobufjs/pool@https://registry.npmjs.org/@protobufjs/pool/-/pool-1.1.0.tgz. Extracting by manifest.
898 silly tarball no local data for @protobufjs/path@https://registry.npmjs.org/@protobufjs/path/-/path-1.1.2.tgz. Extracting by manifest.
899 silly tarball no local data for @protobufjs/fetch@https://registry.npmjs.org/@protobufjs/fetch/-/fetch-1.1.0.tgz. Extracting by manifest.
900 silly tarball no local data for @protobufjs/inquire@https://registry.npmjs.org/@protobufjs/inquire/-/inquire-1.1.0.tgz. Extracting by manifest.
901 silly tarball no local data for @protobufjs/eventemitter@https://registry.npmjs.org/@protobufjs/eventemitter/-/eventemitter-1.1.0.tgz. Extracting by manifest.
902 silly tarball no local data for @protobufjs/float@https://registry.npmjs.org/@protobufjs/float/-/float-1.0.2.tgz. Extracting by manifest.
903 silly tarball no local data for @protobufjs/codegen@https://registry.npmjs.org/@protobufjs/codegen/-/codegen-2.0.4.tgz. Extracting by manifest.
904 silly tarball no local data for @protobufjs/aspromise@https://registry.npmjs.org/@protobufjs/aspromise/-/aspromise-1.1.2.tgz. Extracting by manifest.
905 silly tarball no local data for is-buffer@https://registry.npmjs.org/is-buffer/-/is-buffer-1.1.6.tgz. Extracting by manifest.
906 silly tarball no local data for whatwg-url@https://registry.npmjs.org/whatwg-url/-/whatwg-url-5.0.0.tgz. Extracting by manifest.
907 silly tarball no local data for @protobufjs/base64@https://registry.npmjs.org/@protobufjs/base64/-/base64-1.1.2.tgz. Extracting by manifest.
908 silly tarball no local data for ndarray@https://registry.npmjs.org/ndarray/-/ndarray-1.0.19.tgz. Extracting by manifest.
909 silly tarball no local data for bit-twiddle@https://registry.npmjs.org/bit-twiddle/-/bit-twiddle-1.0.2.tgz. Extracting by manifest.
910 silly tarball no local data for typedarray-pool@https://registry.npmjs.org/typedarray-pool/-/typedarray-pool-1.2.0.tgz. Extracting by manifest.
911 silly tarball no local data for iota-array@https://registry.npmjs.org/iota-array/-/iota-array-1.0.0.tgz. Extracting by manifest.
912 silly tarball no local data for esprima@https://registry.npmjs.org/esprima/-/esprima-1.2.5.tgz. Extracting by manifest.
913 silly tarball no local data for uniq@https://registry.npmjs.org/uniq/-/uniq-1.0.1.tgz. Extracting by manifest.
914 silly tarball no local data for uglify-js@https://registry.npmjs.org/uglify-js/-/uglify-js-2.8.29.tgz. Extracting by manifest.
915 silly tarball no local data for static-module@https://registry.npmjs.org/static-module/-/static-module-1.5.0.tgz. Extracting by manifest.
916 silly tarball no local data for cwise-parser@https://registry.npmjs.org/cwise-parser/-/cwise-parser-1.0.3.tgz. Extracting by manifest.
917 silly tarball no local data for cwise-compiler@https://registry.npmjs.org/cwise-compiler/-/cwise-compiler-1.1.3.tgz. Extracting by manifest.
918 silly tarball no local data for ndarray-scratch@https://registry.npmjs.org/ndarray-scratch/-/ndarray-scratch-1.2.0.tgz. Extracting by manifest.
919 silly tarball no local data for cwise@https://registry.npmjs.org/cwise/-/cwise-1.0.10.tgz. Extracting by manifest.
920 silly tarball no local data for ndarray-fft@https://registry.npmjs.org/ndarray-fft/-/ndarray-fft-1.0.3.tgz. Extracting by manifest.
921 silly tarball no local data for ndarray-ops@https://registry.npmjs.org/ndarray-ops/-/ndarray-ops-1.2.2.tgz. Extracting by manifest.
922 silly tarball no local data for mime-db@https://registry.npmjs.org/mime-db/-/mime-db-1.52.0.tgz. Extracting by manifest.
923 silly tarball no local data for delayed-stream@https://registry.npmjs.org/delayed-stream/-/delayed-stream-1.0.0.tgz. Extracting by manifest.
924 silly tarball no local data for mime-types@https://registry.npmjs.org/mime-types/-/mime-types-2.1.35.tgz. Extracting by manifest.
925 silly tarball no local data for form-data@https://registry.npmjs.org/form-data/-/form-data-4.0.5.tgz. Extracting by manifest.
926 silly tarball no local data for asynckit@https://registry.npmjs.org/asynckit/-/asynckit-0.4.0.tgz. Extracting by manifest.
927 silly tarball no local data for combined-stream@https://registry.npmjs.org/combined-stream/-/combined-stream-1.0.8.tgz. Extracting by manifest.
928 silly tarball no local data for array-flatten@https://registry.npmjs.org/array-flatten/-/array-flatten-3.0.0.tgz. Extracting by manifest.
929 silly tarball no local data for @types/node-fetch@https://registry.npmjs.org/@types/node-fetch/-/node-fetch-2.6.13.tgz. Extracting by manifest.
930 silly tarball no local data for midi-file@https://registry.npmjs.org/midi-file/-/midi-file-1.2.4.tgz. Extracting by manifest.
931 silly tarball no local data for @types/webgl-ext@https://registry.npmjs.org/@types/webgl-ext/-/webgl-ext-0.0.30.tgz. Extracting by manifest.
932 silly tarball no local data for @types/webgl2@https://registry.npmjs.org/@types/webgl2/-/webgl2-0.0.5.tgz. Extracting by manifest.
933 silly tarball no local data for node-fetch@https://registry.npmjs.org/node-fetch/-/node-fetch-2.6.13.tgz. Extracting by manifest.
934 silly tarball no local data for @types/offscreencanvas@https://registry.npmjs.org/@types/offscreencanvas/-/offscreencanvas-2019.3.0.tgz. Extracting by manifest.
935 silly tarball no local data for seedrandom@https://registry.npmjs.org/seedrandom/-/seedrandom-2.4.3.tgz. Extracting by manifest.
936 silly tarball no local data for yargs@https://registry.npmjs.org/yargs/-/yargs-16.2.0.tgz. Extracting by manifest.
937 silly tarball no local data for @types/seedrandom@https://registry.npmjs.org/@types/seedrandom/-/seedrandom-2.4.27.tgz. Extracting by manifest.
938 silly tarball no local data for regenerator-runtime@https://registry.npmjs.org/regenerator-runtime/-/regenerator-runtime-0.13.11.tgz. Extracting by manifest.
939 silly tarball no local data for core-js@https://registry.npmjs.org/core-js/-/core-js-3.47.0.tgz. Extracting by manifest.
940 silly tarball no local data for @tensorflow/tfjs-data@https://registry.npmjs.org/@tensorflow/tfjs-data/-/tfjs-data-2.8.6.tgz. Extracting by manifest.
941 silly tarball no local data for @tensorflow/tfjs-layers@https://registry.npmjs.org/@tensorflow/tfjs-layers/-/tfjs-layers-2.8.6.tgz. Extracting by manifest.
942 silly tarball no local data for @tensorflow/tfjs-core@https://registry.npmjs.org/@tensorflow/tfjs-core/-/tfjs-core-2.8.6.tgz. Extracting by manifest.
943 silly tarball no local data for @tensorflow/tfjs-converter@https://registry.npmjs.org/@tensorflow/tfjs-converter/-/tfjs-converter-2.8.6.tgz. Extracting by manifest.
944 silly tarball no local data for @tensorflow/tfjs-backend-cpu@https://registry.npmjs.org/@tensorflow/tfjs-backend-cpu/-/tfjs-backend-cpu-2.8.6.tgz. Extracting by manifest.
945 silly tarball no local data for tonal@https://registry.npmjs.org/tonal/-/tonal-2.2.2.tgz. Extracting by manifest.
946 silly tarball no local data for staffrender@https://registry.npmjs.org/staffrender/-/staffrender-0.2.1.tgz. Extracting by manifest.
947 silly tarball no local data for protobufjs@https://registry.npmjs.org/protobufjs/-/protobufjs-6.11.4.tgz. Extracting by manifest.
948 silly tarball no local data for ndarray-resample@https://registry.npmjs.org/ndarray-resample/-/ndarray-resample-1.0.1.tgz. Extracting by manifest.
949 silly tarball no local data for fft.js@https://registry.npmjs.org/fft.js/-/fft.js-4.0.4.tgz. Extracting by manifest.
950 silly tarball no local data for @tonejs/midi@https://registry.npmjs.org/@tonejs/midi/-/midi-2.0.28.tgz. Extracting by manifest.
951 silly tarball no local data for @tensorflow/tfjs@https://registry.npmjs.org/@tensorflow/tfjs/-/tfjs-2.8.6.tgz. Extracting by manifest.
952 silly tarball no local data for @tensorflow/tfjs-backend-webgl@https://registry.npmjs.org/@tensorflow/tfjs-backend-webgl/-/tfjs-backend-webgl-2.8.6.tgz. Extracting by manifest.
953 silly tarball no local data for @magenta/music@https://registry.npmjs.org/@magenta/music/-/music-1.23.1.tgz. Extracting by manifest.
954 silly tarball no local data for emoji-regex@https://registry.npmjs.org/emoji-regex/-/emoji-regex-8.0.0.tgz. Extracting by manifest.
955 silly tarball no local data for estraverse@https://registry.npmjs.org/estraverse/-/estraverse-1.3.2.tgz. Extracting by manifest.
956 silly tarball no local data for object-keys@https://registry.npmjs.org/object-keys/-/object-keys-0.4.0.tgz. Extracting by manifest.
957 silly tarball no local data for escodegen@https://registry.npmjs.org/escodegen/-/escodegen-0.0.28.tgz. Extracting by manifest.
958 silly tarball no local data for esprima@https://registry.npmjs.org/esprima/-/esprima-1.0.4.tgz. Extracting by manifest.
959 silly tarball no local data for minimist@https://registry.npmjs.org/minimist/-/minimist-0.0.8.tgz. Extracting by manifest.
960 silly tarball no local data for acorn@https://registry.npmjs.org/acorn/-/acorn-7.4.1.tgz. Extracting by manifest.
961 silly tarball no local data for source-map@https://registry.npmjs.org/source-map/-/source-map-0.1.43.tgz. Extracting by manifest.
962 silly tarball no local data for isarray@https://registry.npmjs.org/isarray/-/isarray-0.0.1.tgz. Extracting by manifest.
963 silly tarball no local data for estraverse@https://registry.npmjs.org/estraverse/-/estraverse-1.5.1.tgz. Extracting by manifest.
964 silly tarball no local data for esutils@https://registry.npmjs.org/esutils/-/esutils-1.0.0.tgz. Extracting by manifest.
965 silly tarball no local data for esprima@https://registry.npmjs.org/esprima/-/esprima-1.1.1.tgz. Extracting by manifest.
966 silly tarball no local data for isarray@https://registry.npmjs.org/isarray/-/isarray-0.0.1.tgz. Extracting by manifest.
967 silly tarball no local data for readable-stream@https://registry.npmjs.org/readable-stream/-/readable-stream-1.1.14.tgz. Extracting by manifest.
968 silly tarball no local data for string_decoder@https://registry.npmjs.org/string_decoder/-/string_decoder-1.1.1.tgz. Extracting by manifest.
969 silly tarball no local data for isarray@https://registry.npmjs.org/isarray/-/isarray-1.0.0.tgz. Extracting by manifest.
970 silly tarball no local data for readable-stream@https://registry.npmjs.org/readable-stream/-/readable-stream-2.3.8.tgz. Extracting by manifest.
971 silly tarball no local data for cliui@https://registry.npmjs.org/cliui/-/cliui-2.1.0.tgz. Extracting by manifest.
972 silly tarball no local data for yargs@https://registry.npmjs.org/yargs/-/yargs-3.10.0.tgz. Extracting by manifest.
973 silly tarball no local data for object-inspect@https://registry.npmjs.org/object-inspect/-/object-inspect-0.4.0.tgz. Extracting by manifest.
974 silly tarball no local data for argparse@https://registry.npmjs.org/argparse/-/argparse-1.0.10.tgz. Extracting by manifest.
975 silly tarball no local data for tone@https://registry.npmjs.org/tone/-/tone-14.9.17.tgz. Extracting by manifest.
976 http fetch GET 200 https://registry.npmjs.org/right-align/-/right-align-0.1.3.tgz 663ms (cache miss)
977 http fetch GET 200 https://registry.npmjs.org/amdefine/-/amdefine-1.0.1.tgz 659ms (cache miss)
978 http fetch GET 200 https://registry.npmjs.org/align-text/-/align-text-0.1.4.tgz 666ms (cache miss)
979 http fetch GET 200 https://registry.npmjs.org/longest/-/longest-1.0.1.tgz 667ms (cache miss)
980 http fetch GET 200 https://registry.npmjs.org/repeat-string/-/repeat-string-1.6.1.tgz 668ms (cache miss)
981 http fetch GET 200 https://registry.npmjs.org/window-size/-/window-size-0.1.0.tgz 663ms (cache miss)
982 http fetch GET 200 https://registry.npmjs.org/lazy-cache/-/lazy-cache-1.0.4.tgz 665ms (cache miss)
983 http fetch GET 200 https://registry.npmjs.org/decamelize/-/decamelize-1.2.0.tgz 663ms (cache miss)
984 http fetch GET 200 https://registry.npmjs.org/wordwrap/-/wordwrap-0.0.2.tgz 691ms (cache miss)
985 http fetch GET 200 https://registry.npmjs.org/ansi-regex/-/ansi-regex-5.0.1.tgz 681ms (cache miss)
986 http fetch GET 200 https://registry.npmjs.org/center-align/-/center-align-0.1.3.tgz 692ms (cache miss)
987 http fetch GET 200 https://registry.npmjs.org/is-fullwidth-code-point/-/is-fullwidth-code-point-3.0.0.tgz 702ms (cache miss)
988 http fetch GET 200 https://registry.npmjs.org/strip-ansi/-/strip-ansi-6.0.1.tgz 700ms (cache miss)
989 http fetch GET 200 https://registry.npmjs.org/process-nextick-args/-/process-nextick-args-2.0.1.tgz 698ms (cache miss)
990 http fetch GET 200 https://registry.npmjs.org/string-width/-/string-width-4.2.3.tgz 697ms (cache miss)
991 http fetch GET 200 https://registry.npmjs.org/y18n/-/y18n-5.0.8.tgz 721ms (cache miss)
992 http fetch GET 200 https://registry.npmjs.org/wrap-ansi/-/wrap-ansi-7.0.0.tgz 725ms (cache miss)
993 http fetch GET 200 https://registry.npmjs.org/kind-of/-/kind-of-3.2.2.tgz 743ms (cache miss)
994 http fetch GET 200 https://registry.npmjs.org/get-caller-file/-/get-caller-file-2.0.5.tgz 718ms (cache miss)
995 http fetch GET 200 https://registry.npmjs.org/cliui/-/cliui-7.0.4.tgz 719ms (cache miss)
996 http fetch GET 200 https://registry.npmjs.org/require-directory/-/require-directory-2.1.1.tgz 776ms (cache miss)
997 http fetch GET 200 https://registry.npmjs.org/webidl-conversions/-/webidl-conversions-3.0.1.tgz 768ms (cache miss)
998 http fetch GET 200 https://registry.npmjs.org/dup/-/dup-1.0.0.tgz 766ms (cache miss)
999 http fetch GET 200 https://registry.npmjs.org/uglify-to-browserify/-/uglify-to-browserify-1.0.2.tgz 793ms (cache miss)
1000 http fetch GET 200 https://registry.npmjs.org/tonal-pcset/-/tonal-pcset-2.2.2.tgz 808ms (cache miss)
1001 http fetch GET 200 https://registry.npmjs.org/camelcase/-/camelcase-1.2.1.tgz 834ms (cache miss)
1002 http fetch GET 200 https://registry.npmjs.org/tonal-chord/-/tonal-chord-2.2.2.tgz 805ms (cache miss)
1003 http fetch GET 200 https://registry.npmjs.org/tonal-scale/-/tonal-scale-2.2.2.tgz 814ms (cache miss)
1004 http fetch GET 200 https://registry.npmjs.org/tonal-array/-/tonal-array-2.2.2.tgz 857ms (cache miss)
1005 http fetch GET 200 https://registry.npmjs.org/util-deprecate/-/util-deprecate-1.0.2.tgz 891ms (cache miss)
1006 http fetch GET 200 https://registry.npmjs.org/tonal-distance/-/tonal-distance-2.2.2.tgz 963ms (cache miss)
1007 http fetch GET 200 https://registry.npmjs.org/xtend/-/xtend-2.1.2.tgz 960ms (cache miss)
1008 http fetch GET 200 https://registry.npmjs.org/tonal-interval/-/tonal-interval-2.2.2.tgz 965ms (cache miss)
1009 http fetch GET 200 https://registry.npmjs.org/core-util-is/-/core-util-is-1.0.3.tgz 960ms (cache miss)
1010 http fetch GET 200 https://registry.npmjs.org/static-eval/-/static-eval-0.2.4.tgz 954ms (cache miss)
1011 http fetch GET 200 https://registry.npmjs.org/shallow-copy/-/shallow-copy-0.0.1.tgz 953ms (cache miss)
1012 http fetch GET 200 https://registry.npmjs.org/readable-stream/-/readable-stream-1.0.34.tgz 955ms (cache miss)
1013 http fetch GET 200 https://registry.npmjs.org/has/-/has-1.0.4.tgz 953ms (cache miss)
1014 http fetch GET 200 https://registry.npmjs.org/concat-stream/-/concat-stream-1.6.2.tgz 943ms (cache miss)
1015 http fetch GET 200 https://registry.npmjs.org/is-buffer/-/is-buffer-1.1.6.tgz 933ms (cache miss)
1016 http fetch GET 200 https://registry.npmjs.org/@protobufjs/pool/-/pool-1.1.0.tgz 939ms (cache miss)
1017 http fetch GET 200 https://registry.npmjs.org/ndarray/-/ndarray-1.0.19.tgz 930ms (cache miss)
1018 http fetch GET 200 https://registry.npmjs.org/@protobufjs/fetch/-/fetch-1.1.0.tgz 939ms (cache miss)
1019 http fetch GET 200 https://registry.npmjs.org/@protobufjs/inquire/-/inquire-1.1.0.tgz 937ms (cache miss)
1020 http fetch GET 200 https://registry.npmjs.org/@types/long/-/long-4.0.2.tgz 946ms (cache miss)
1021 http fetch GET 200 https://registry.npmjs.org/@protobufjs/path/-/path-1.1.2.tgz 941ms (cache miss)
1022 http fetch GET 200 https://registry.npmjs.org/through2/-/through2-0.4.2.tgz 967ms (cache miss)
1023 http fetch GET 200 https://registry.npmjs.org/inherits/-/inherits-2.0.4.tgz 973ms (cache miss)
1024 http fetch GET 200 https://registry.npmjs.org/yargs-parser/-/yargs-parser-20.2.9.tgz 998ms (cache miss)
1025 http fetch GET 200 https://registry.npmjs.org/bit-twiddle/-/bit-twiddle-1.0.2.tgz 942ms (cache miss)
1026 http fetch GET 200 https://registry.npmjs.org/typedarray-pool/-/typedarray-pool-1.2.0.tgz 942ms (cache miss)
1027 http fetch GET 200 https://registry.npmjs.org/string_decoder/-/string_decoder-0.10.31.tgz 986ms (cache miss)
1028 http fetch GET 200 https://registry.npmjs.org/buffer-from/-/buffer-from-1.1.2.tgz 982ms (cache miss)
1029 http fetch GET 200 https://registry.npmjs.org/quote-stream/-/quote-stream-0.0.0.tgz 976ms (cache miss)
1030 http fetch GET 200 https://registry.npmjs.org/duplexer2/-/duplexer2-0.0.2.tgz 972ms (cache miss)
1031 http fetch GET 200 https://registry.npmjs.org/@protobufjs/eventemitter/-/eventemitter-1.1.0.tgz 962ms (cache miss)
1032 http fetch GET 200 https://registry.npmjs.org/iota-array/-/iota-array-1.0.0.tgz 953ms (cache miss)
1033 http fetch GET 200 https://registry.npmjs.org/uniq/-/uniq-1.0.1.tgz 952ms (cache miss)
1034 http fetch GET 200 https://registry.npmjs.org/@protobufjs/aspromise/-/aspromise-1.1.2.tgz 967ms (cache miss)
1035 http fetch GET 200 https://registry.npmjs.org/@protobufjs/float/-/float-1.0.2.tgz 969ms (cache miss)
1036 http fetch GET 200 https://registry.npmjs.org/@protobufjs/utf8/-/utf8-1.1.0.tgz 975ms (cache miss)
1037 http fetch GET 200 https://registry.npmjs.org/static-module/-/static-module-1.5.0.tgz 958ms (cache miss)
1038 http fetch GET 200 https://registry.npmjs.org/cwise-compiler/-/cwise-compiler-1.1.3.tgz 956ms (cache miss)
1039 http fetch GET 200 https://registry.npmjs.org/@protobufjs/codegen/-/codegen-2.0.4.tgz 969ms (cache miss)
1040 http fetch GET 200 https://registry.npmjs.org/ndarray-scratch/-/ndarray-scratch-1.2.0.tgz 956ms (cache miss)
1041 http fetch GET 200 https://registry.npmjs.org/tonal-dictionary/-/tonal-dictionary-2.2.2.tgz 1009ms (cache miss)
1042 http fetch GET 200 https://registry.npmjs.org/typedarray/-/typedarray-0.0.6.tgz 1005ms (cache miss)
1043 http fetch GET 200 https://registry.npmjs.org/ndarray-ops/-/ndarray-ops-1.2.2.tgz 964ms (cache miss)
1044 http fetch GET 200 https://registry.npmjs.org/tr46/-/tr46-0.0.3.tgz 1027ms (cache miss)
1045 http fetch GET 200 https://registry.npmjs.org/safe-buffer/-/safe-buffer-5.1.2.tgz 1048ms (cache miss)
1046 http fetch GET 200 https://registry.npmjs.org/delayed-stream/-/delayed-stream-1.0.0.tgz 963ms (cache miss)
1047 http fetch GET 200 https://registry.npmjs.org/mime-types/-/mime-types-2.1.35.tgz 963ms (cache miss)
1048 http fetch GET 200 https://registry.npmjs.org/array-flatten/-/array-flatten-3.0.0.tgz 971ms (cache miss)
1049 http fetch GET 200 https://registry.npmjs.org/midi-file/-/midi-file-1.2.4.tgz 969ms (cache miss)
1050 http fetch GET 200 https://registry.npmjs.org/@protobufjs/base64/-/base64-1.1.2.tgz 998ms (cache miss)
1051 http fetch GET 200 https://registry.npmjs.org/asynckit/-/asynckit-0.4.0.tgz 973ms (cache miss)
1052 http fetch GET 200 https://registry.npmjs.org/cwise-parser/-/cwise-parser-1.0.3.tgz 998ms (cache miss)
1053 http fetch GET 200 https://registry.npmjs.org/combined-stream/-/combined-stream-1.0.8.tgz 982ms (cache miss)
1054 http fetch GET 200 https://registry.npmjs.org/form-data/-/form-data-4.0.5.tgz 994ms (cache miss)
1055 http fetch GET 200 https://registry.npmjs.org/ndarray-fft/-/ndarray-fft-1.0.3.tgz 1005ms (cache miss)
1056 http fetch GET 200 https://registry.npmjs.org/@types/node-fetch/-/node-fetch-2.6.13.tgz 992ms (cache miss)
1057 http fetch GET 200 https://registry.npmjs.org/@types/webgl-ext/-/webgl-ext-0.0.30.tgz 991ms (cache miss)
1058 http fetch GET 200 https://registry.npmjs.org/tonal-roman-numeral/-/tonal-roman-numeral-2.2.2.tgz 1067ms (cache miss)
1059 http fetch GET 200 https://registry.npmjs.org/cwise/-/cwise-1.0.10.tgz 1014ms (cache miss)
1060 http fetch GET 200 https://registry.npmjs.org/escodegen/-/escodegen-1.3.3.tgz 1051ms (cache miss)
1061 http fetch GET 200 https://registry.npmjs.org/@types/offscreencanvas/-/offscreencanvas-2019.3.0.tgz 1001ms (cache miss)
1062 http fetch GET 200 https://registry.npmjs.org/@types/seedrandom/-/seedrandom-2.4.27.tgz 999ms (cache miss)
1063 http fetch GET 200 https://registry.npmjs.org/fft.js/-/fft.js-4.0.4.tgz 998ms (cache miss)
1064 http fetch GET 200 https://registry.npmjs.org/mime-db/-/mime-db-1.52.0.tgz 1034ms (cache miss)
1065 http fetch GET 200 https://registry.npmjs.org/@types/webgl2/-/webgl2-0.0.5.tgz 1019ms (cache miss)
1066 http fetch GET 200 https://registry.npmjs.org/falafel/-/falafel-2.2.5.tgz 1077ms (cache miss)
1067 http fetch GET 200 https://registry.npmjs.org/object-keys/-/object-keys-0.4.0.tgz 1007ms (cache miss)
1068 http fetch GET 200 https://registry.npmjs.org/tonal/-/tonal-2.2.2.tgz 1025ms (cache miss)
1069 http fetch GET 200 https://registry.npmjs.org/estraverse/-/estraverse-1.3.2.tgz 1013ms (cache miss)
1070 http fetch GET 200 https://registry.npmjs.org/emoji-regex/-/emoji-regex-8.0.0.tgz 1014ms (cache miss)
1071 http fetch GET 200 https://registry.npmjs.org/sprintf-js/-/sprintf-js-1.0.3.tgz 1139ms (cache miss)
1072 http fetch GET 200 https://registry.npmjs.org/whatwg-url/-/whatwg-url-5.0.0.tgz 1078ms (cache miss)
1073 http fetch GET 200 https://registry.npmjs.org/regenerator-runtime/-/regenerator-runtime-0.13.11.tgz 1043ms (cache miss)
1074 http fetch GET 200 https://registry.npmjs.org/escodegen/-/escodegen-0.0.28.tgz 1025ms (cache miss)
1075 http fetch GET 200 https://registry.npmjs.org/tonal-key/-/tonal-key-2.2.2.tgz 1122ms (cache miss)
1076 http fetch GET 200 https://registry.npmjs.org/isarray/-/isarray-0.0.1.tgz 1030ms (cache miss)
1077 http fetch GET 200 https://registry.npmjs.org/minimist/-/minimist-0.0.8.tgz 1040ms (cache miss)
1078 http fetch GET 200 https://registry.npmjs.org/tonal-note/-/tonal-note-2.2.2.tgz 1173ms (cache miss)
1079 http fetch GET 200 https://registry.npmjs.org/long/-/long-4.0.0.tgz 1160ms (cache miss)
1080 http fetch GET 200 https://registry.npmjs.org/node-fetch/-/node-fetch-2.6.13.tgz 1133ms (cache miss)
1081 http fetch GET 200 https://registry.npmjs.org/isarray/-/isarray-0.0.1.tgz 1114ms (cache miss)
1082 http fetch GET 200 https://registry.npmjs.org/estraverse/-/estraverse-1.5.1.tgz 1117ms (cache miss)
1083 http fetch GET 200 https://registry.npmjs.org/esutils/-/esutils-1.0.0.tgz 1122ms (cache miss)
1084 http fetch GET 200 https://registry.npmjs.org/readable-stream/-/readable-stream-1.1.14.tgz 1144ms (cache miss)
1085 http fetch GET 200 https://registry.npmjs.org/staffrender/-/staffrender-0.2.1.tgz 1168ms (cache miss)
1086 http fetch GET 200 https://registry.npmjs.org/uglify-js/-/uglify-js-2.8.29.tgz 1253ms (cache miss)
1087 http fetch GET 200 https://registry.npmjs.org/string_decoder/-/string_decoder-1.1.1.tgz 1218ms (cache miss)
1088 http fetch GET 200 https://registry.npmjs.org/isarray/-/isarray-1.0.0.tgz 1218ms (cache miss)
1089 http fetch GET 200 https://registry.npmjs.org/ndarray-resample/-/ndarray-resample-1.0.1.tgz 1248ms (cache miss)
1090 http fetch GET 200 https://registry.npmjs.org/source-map/-/source-map-0.1.43.tgz 1237ms (cache miss)
1091 http fetch GET 200 https://registry.npmjs.org/cliui/-/cliui-2.1.0.tgz 1245ms (cache miss)
1092 http fetch GET 200 https://registry.npmjs.org/esprima/-/esprima-1.2.5.tgz 1312ms (cache miss)
1093 http fetch GET 200 https://registry.npmjs.org/object-inspect/-/object-inspect-0.4.0.tgz 1250ms (cache miss)
1094 http fetch GET 200 https://registry.npmjs.org/@tonejs/midi/-/midi-2.0.28.tgz 1284ms (cache miss)
1095 http fetch GET 200 https://registry.npmjs.org/seedrandom/-/seedrandom-2.4.3.tgz 1302ms (cache miss)
1096 http fetch GET 200 https://registry.npmjs.org/yargs/-/yargs-16.2.0.tgz 1307ms (cache miss)
1097 http fetch GET 200 https://registry.npmjs.org/esprima/-/esprima-1.0.4.tgz 1281ms (cache miss)
1098 http fetch GET 200 https://registry.npmjs.org/yargs/-/yargs-3.10.0.tgz 1272ms (cache miss)
1099 http fetch GET 200 https://registry.npmjs.org/readable-stream/-/readable-stream-2.3.8.tgz 1320ms (cache miss)
1100 http fetch GET 200 https://registry.npmjs.org/argparse/-/argparse-1.0.10.tgz 1329ms (cache miss)
1101 http fetch GET 200 https://registry.npmjs.org/acorn/-/acorn-7.4.1.tgz 1348ms (cache miss)
1102 http fetch GET 200 https://registry.npmjs.org/esprima/-/esprima-1.1.1.tgz 1350ms (cache miss)
1103 http fetch GET 200 https://registry.npmjs.org/@tensorflow/tfjs-data/-/tfjs-data-2.8.6.tgz 2341ms (cache miss)
1104 http fetch GET 200 https://registry.npmjs.org/@tensorflow/tfjs-converter/-/tfjs-converter-2.8.6.tgz 2826ms (cache miss)
1105 http fetch GET 200 https://registry.npmjs.org/@magenta/music/-/music-1.23.1.tgz 2977ms (cache miss)
1106 http fetch GET 200 https://registry.npmjs.org/tone/-/tone-14.9.17.tgz 3108ms (cache miss)
1107 http fetch GET 200 https://registry.npmjs.org/@tensorflow/tfjs-backend-cpu/-/tfjs-backend-cpu-2.8.6.tgz 3325ms (cache miss)
1108 http fetch GET 200 https://registry.npmjs.org/@tensorflow/tfjs-layers/-/tfjs-layers-2.8.6.tgz 3478ms (cache miss)
1109 http fetch GET 200 https://registry.npmjs.org/@tensorflow/tfjs-backend-webgl/-/tfjs-backend-webgl-2.8.6.tgz 3914ms (cache miss)
1110 http fetch GET 200 https://registry.npmjs.org/@tensorflow/tfjs/-/tfjs-2.8.6.tgz 4447ms (cache miss)
1111 http fetch GET 200 https://registry.npmjs.org/core-js/-/core-js-3.47.0.tgz 4660ms (cache miss)
1112 http fetch GET 200 https://registry.npmjs.org/protobufjs/-/protobufjs-6.11.4.tgz 4723ms (cache miss)
1113 http fetch GET 200 https://registry.npmjs.org/@tensorflow/tfjs-core/-/tfjs-core-2.8.6.tgz 5039ms (cache miss)
1114 info run core-js@3.47.0 postinstall node_modules/core-js node -e "try{require('./postinstall')}catch(e){}"
1115 info run protobufjs@6.11.4 postinstall node_modules/protobufjs node scripts/postinstall
1116 info run protobufjs@6.11.4 postinstall { code: 0, signal: null }
1117 info run core-js@3.47.0 postinstall { code: 0, signal: null }
1118 silly ADD node_modules/repeat-string
1119 silly ADD node_modules/longest
1120 silly ADD node_modules/kind-of
1121 silly ADD node_modules/lazy-cache
1122 silly ADD node_modules/align-text
1123 silly ADD node_modules/wordwrap
1124 silly ADD node_modules/right-align
1125 silly ADD node_modules/center-align
1126 silly ADD node_modules/window-size
1127 silly ADD node_modules/decamelize
1128 silly ADD node_modules/camelcase
1129 silly ADD node_modules/amdefine
1130 silly ADD node_modules/util-deprecate
1131 silly ADD node_modules/safe-buffer
1132 silly ADD node_modules/process-nextick-args
1133 silly ADD node_modules/sprintf-js
1134 silly ADD node_modules/ansi-regex
1135 silly ADD node_modules/is-fullwidth-code-point
1136 silly ADD node_modules/wrap-ansi
1137 silly ADD node_modules/strip-ansi
1138 silly ADD node_modules/yargs-parser
1139 silly ADD node_modules/y18n
1140 silly ADD node_modules/string-width
1141 silly ADD node_modules/string-width/node_modules/emoji-regex
1142 silly ADD node_modules/require-directory
1143 silly ADD node_modules/get-caller-file
1144 silly ADD node_modules/cliui
1145 silly ADD node_modules/webidl-conversions
1146 silly ADD node_modules/tr46
1147 silly ADD node_modules/uglify-to-browserify
1148 silly ADD node_modules/dup
1149 silly ADD node_modules/tonal-roman-numeral
1150 silly ADD node_modules/tonal-scale
1151 silly ADD node_modules/tonal-pcset
1152 silly ADD node_modules/tonal-note
1153 silly ADD node_modules/tonal-key
1154 silly ADD node_modules/tonal-interval
1155 silly ADD node_modules/tonal-distance
1156 silly ADD node_modules/tonal-dictionary
1157 silly ADD node_modules/tonal-chord
1158 silly ADD node_modules/tonal-array
1159 silly ADD node_modules/xtend
1160 silly ADD node_modules/xtend/node_modules/object-keys
1161 silly ADD node_modules/string_decoder
1162 silly ADD node_modules/core-util-is
1163 silly ADD node_modules/typedarray
1164 silly ADD node_modules/inherits
1165 silly ADD node_modules/buffer-from
1166 silly ADD node_modules/through2
1167 silly ADD node_modules/static-eval
1168 silly ADD node_modules/static-eval/node_modules/estraverse
1169 silly ADD node_modules/static-eval/node_modules/esprima
1170 silly ADD node_modules/static-eval/node_modules/escodegen
1171 silly ADD node_modules/shallow-copy
1172 silly ADD node_modules/readable-stream
1173 silly ADD node_modules/readable-stream/node_modules/isarray
1174 silly ADD node_modules/quote-stream
1175 silly ADD node_modules/quote-stream/node_modules/minimist
1176 silly ADD node_modules/has
1177 silly ADD node_modules/falafel
1178 silly ADD node_modules/falafel/node_modules/acorn
1179 silly ADD node_modules/escodegen
1180 silly ADD node_modules/escodegen/node_modules/source-map
1181 silly ADD node_modules/escodegen/node_modules/esutils
1182 silly ADD node_modules/escodegen/node_modules/estraverse
1183 silly ADD node_modules/escodegen/node_modules/esprima
1184 silly ADD node_modules/duplexer2
1185 silly ADD node_modules/duplexer2/node_modules/isarray
1186 silly ADD node_modules/duplexer2/node_modules/readable-stream
1187 silly ADD node_modules/concat-stream
1188 silly ADD node_modules/concat-stream/node_modules/string_decoder
1189 silly ADD node_modules/concat-stream/node_modules/isarray
1190 silly ADD node_modules/concat-stream/node_modules/readable-stream
1191 silly ADD node_modules/long
1192 silly ADD node_modules/@types/long
1193 silly ADD node_modules/@protobufjs/utf8
1194 silly ADD node_modules/@protobufjs/pool
1195 silly ADD node_modules/@protobufjs/path
1196 silly ADD node_modules/@protobufjs/inquire
1197 silly ADD node_modules/@protobufjs/float
1198 silly ADD node_modules/@protobufjs/fetch
1199 silly ADD node_modules/@protobufjs/eventemitter
1200 silly ADD node_modules/@protobufjs/codegen
1201 silly ADD node_modules/@protobufjs/base64
1202 silly ADD node_modules/@protobufjs/aspromise
1203 silly ADD node_modules/whatwg-url
1204 silly ADD node_modules/is-buffer
1205 silly ADD node_modules/iota-array
1206 silly ADD node_modules/typedarray-pool
1207 silly ADD node_modules/ndarray
1208 silly ADD node_modules/bit-twiddle
1209 silly ADD node_modules/esprima
1210 silly ADD node_modules/uniq
1211 silly ADD node_modules/uglify-js
1212 silly ADD node_modules/uglify-js/node_modules/cliui
1213 silly ADD node_modules/uglify-js/node_modules/yargs
1214 silly ADD node_modules/static-module
1215 silly ADD node_modules/static-module/node_modules/object-inspect
1216 silly ADD node_modules/cwise-parser
1217 silly ADD node_modules/cwise-compiler
1218 silly ADD node_modules/ndarray-scratch
1219 silly ADD node_modules/ndarray-ops
1220 silly ADD node_modules/ndarray-fft
1221 silly ADD node_modules/cwise
1222 silly ADD node_modules/mime-db
1223 silly ADD node_modules/delayed-stream
1224 silly ADD node_modules/mime-types
1225 silly ADD node_modules/combined-stream
1226 silly ADD node_modules/asynckit
1227 silly ADD node_modules/form-data
1228 silly ADD node_modules/midi-file
1229 silly ADD node_modules/array-flatten
1230 silly ADD node_modules/@types/node-fetch
1231 silly ADD node_modules/node-fetch
1232 silly ADD node_modules/@types/webgl2
1233 silly ADD node_modules/@types/webgl-ext
1234 silly ADD node_modules/@types/offscreencanvas
1235 silly ADD node_modules/seedrandom
1236 silly ADD node_modules/@types/seedrandom
1237 silly ADD node_modules/yargs
1238 silly ADD node_modules/regenerator-runtime
1239 silly ADD node_modules/core-js
1240 silly ADD node_modules/@tensorflow/tfjs-layers
1241 silly ADD node_modules/@tensorflow/tfjs-data
1242 silly ADD node_modules/@tensorflow/tfjs-core
1243 silly ADD node_modules/@tensorflow/tfjs-converter
1244 silly ADD node_modules/@tensorflow/tfjs-backend-cpu
1245 silly ADD node_modules/tonal
1246 silly ADD node_modules/staffrender
1247 silly ADD node_modules/protobufjs
1248 silly ADD node_modules/ndarray-resample
1249 silly ADD node_modules/fft.js
1250 silly ADD node_modules/@tonejs/midi
1251 silly ADD node_modules/@tensorflow/tfjs-backend-webgl
1252 silly ADD node_modules/@tensorflow/tfjs
1253 silly ADD node_modules/@tensorflow/tfjs/node_modules/argparse
1254 silly ADD node_modules/@magenta/music
1255 silly ADD node_modules/@magenta/music/node_modules/tone
1256 silly ADD
1257 silly ADD
1258 silly ADD
1259 silly ADD
1260 silly ADD
1261 silly ADD
1262 silly ADD
1263 silly ADD
1264 silly ADD
1265 silly ADD
1266 silly ADD
1267 silly ADD
1268 silly ADD
1269 silly ADD
1270 silly ADD
1271 silly ADD
1272 silly ADD
1273 silly ADD
1274 silly ADD
1275 silly ADD
1276 silly ADD
1277 silly ADD
1278 silly ADD
1279 silly ADD
1280 silly ADD
1281 silly ADD
1282 silly ADD
1283 silly ADD
1284 silly ADD
1285 silly ADD
1286 silly ADD
1287 silly ADD
1288 silly ADD
1289 silly ADD
1290 silly ADD
1291 silly ADD
1292 silly ADD
1293 silly ADD
1294 silly ADD
1295 silly ADD
1296 silly ADD
1297 silly ADD
1298 silly ADD
1299 silly ADD
1300 silly ADD
1301 silly ADD
1302 silly ADD
1303 silly ADD
1304 silly ADD
1305 silly ADD
1306 silly ADD
1307 verbose cwd /Users/home/evolved/music-land
1308 verbose os Darwin 24.6.0
1309 verbose node v20.19.5
1310 verbose npm  v10.8.2
1311 verbose exit 0
1312 info ok
