0 verbose cli /usr/local/Cellar/node@20/20.19.5/bin/node /usr/local/opt/node@20/bin/npm
1 info using npm@10.8.2
2 info using node@v20.19.5
3 silly config load:file:/usr/local/Cellar/node@20/20.19.5/lib/node_modules/npm/npmrc
4 silly config load:file:/Users/home/evolved/music-land/.npmrc
5 silly config load:file:/Users/home/.npmrc
6 silly config load:file:/usr/local/etc/npmrc
7 verbose title npm install
8 verbose argv "install" "--cache" ".npm-cache" "--no-audit" "--no-fund"
9 verbose logfile logs-max:10 dir:/Users/home/evolved/music-land/.npm-cache/_logs/2025-12-26T22_43_20_620Z-
10 verbose logfile /Users/home/evolved/music-land/.npm-cache/_logs/2025-12-26T22_43_20_620Z-debug-0.log
11 silly packumentCache heap:4345298944 maxSize:1086324736 maxEntrySize:543162368
12 silly logfile done cleaning log files
13 silly idealTree buildDeps
14 silly fetch manifest @emotion/react@^11.14.0
15 silly packumentCache full:https://registry.npmjs.org/@emotion%2freact cache-miss
16 http fetch GET 200 https://registry.npmjs.org/npm 262ms
17 http fetch GET 200 https://registry.npmjs.org/@emotion%2freact 335ms (cache miss)
18 silly packumentCache full:https://registry.npmjs.org/@emotion%2freact set size:undefined disposed:false
19 silly fetch manifest @emotion/styled@^11.14.1
20 silly packumentCache full:https://registry.npmjs.org/@emotion%2fstyled cache-miss
21 http fetch GET 200 https://registry.npmjs.org/@emotion%2fstyled 136ms (cache miss)
22 silly packumentCache full:https://registry.npmjs.org/@emotion%2fstyled set size:undefined disposed:false
23 silly fetch manifest @mui/icons-material@^7.3.6
24 silly packumentCache full:https://registry.npmjs.org/@mui%2ficons-material cache-miss
25 http fetch GET 200 https://registry.npmjs.org/@mui%2ficons-material 195ms (cache miss)
26 silly packumentCache full:https://registry.npmjs.org/@mui%2ficons-material set size:undefined disposed:false
27 silly fetch manifest @mui/material@^7.3.6
28 silly packumentCache full:https://registry.npmjs.org/@mui%2fmaterial cache-miss
29 http fetch GET 200 https://registry.npmjs.org/@mui%2fmaterial 106ms (cache miss)
30 silly packumentCache full:https://registry.npmjs.org/@mui%2fmaterial set size:undefined disposed:false
31 silly fetch manifest next@16.1.1
32 silly packumentCache full:https://registry.npmjs.org/next cache-miss
33 http fetch GET 200 https://registry.npmjs.org/next 818ms (cache miss)
34 silly packumentCache full:https://registry.npmjs.org/next set size:undefined disposed:false
35 silly fetch manifest react@19.2.3
36 silly packumentCache full:https://registry.npmjs.org/react cache-miss
37 http fetch GET 200 https://registry.npmjs.org/react 147ms (cache miss)
38 silly packumentCache full:https://registry.npmjs.org/react set size:undefined disposed:false
39 silly fetch manifest react-dom@19.2.3
40 silly packumentCache full:https://registry.npmjs.org/react-dom cache-miss
41 http fetch GET 200 https://registry.npmjs.org/react-dom 304ms (cache miss)
42 silly packumentCache full:https://registry.npmjs.org/react-dom set size:undefined disposed:false
43 silly fetch manifest @types/node@^20
44 silly packumentCache full:https://registry.npmjs.org/@types%2fnode cache-miss
45 http fetch GET 200 https://registry.npmjs.org/@types%2fnode 217ms (cache miss)
46 silly packumentCache full:https://registry.npmjs.org/@types%2fnode set size:undefined disposed:false
47 silly fetch manifest @types/react@^19
48 silly packumentCache full:https://registry.npmjs.org/@types%2freact cache-miss
49 http fetch GET 200 https://registry.npmjs.org/@types%2freact 106ms (cache miss)
50 silly packumentCache full:https://registry.npmjs.org/@types%2freact set size:undefined disposed:false
51 silly fetch manifest @types/react-dom@^19
52 silly packumentCache full:https://registry.npmjs.org/@types%2freact-dom cache-miss
53 http fetch GET 200 https://registry.npmjs.org/@types%2freact-dom 90ms (cache miss)
54 silly packumentCache full:https://registry.npmjs.org/@types%2freact-dom set size:undefined disposed:false
55 silly fetch manifest eslint@^9
56 silly packumentCache full:https://registry.npmjs.org/eslint cache-miss
57 http fetch GET 200 https://registry.npmjs.org/eslint 73ms (cache miss)
58 silly packumentCache full:https://registry.npmjs.org/eslint set size:undefined disposed:false
59 silly fetch manifest eslint-config-next@16.1.1
60 silly packumentCache full:https://registry.npmjs.org/eslint-config-next cache-miss
61 http fetch GET 200 https://registry.npmjs.org/eslint-config-next 153ms (cache miss)
62 silly packumentCache full:https://registry.npmjs.org/eslint-config-next set size:undefined disposed:false
63 silly fetch manifest typescript@^5
64 silly packumentCache full:https://registry.npmjs.org/typescript cache-miss
65 http fetch GET 200 https://registry.npmjs.org/typescript 609ms (cache miss)
66 silly packumentCache full:https://registry.npmjs.org/typescript set size:undefined disposed:false
67 silly placeDep ROOT @emotion/react@11.14.0 OK for: music-land@0.1.0 want: ^11.14.0
68 silly placeDep ROOT @emotion/styled@11.14.1 OK for: music-land@0.1.0 want: ^11.14.1
69 silly placeDep ROOT @mui/icons-material@7.3.6 OK for: music-land@0.1.0 want: ^7.3.6
70 silly placeDep ROOT @mui/material@7.3.6 OK for: music-land@0.1.0 want: ^7.3.6
71 silly placeDep ROOT @types/node@20.19.27 OK for: music-land@0.1.0 want: ^20
72 silly placeDep ROOT @types/react@19.2.7 OK for: music-land@0.1.0 want: ^19
73 silly placeDep ROOT @types/react-dom@19.2.3 OK for: music-land@0.1.0 want: ^19
74 silly placeDep ROOT eslint@9.39.2 OK for: music-land@0.1.0 want: ^9
75 silly placeDep ROOT eslint-config-next@16.1.1 OK for: music-land@0.1.0 want: 16.1.1
76 silly placeDep ROOT next@16.1.1 OK for: music-land@0.1.0 want: 16.1.1
77 silly placeDep ROOT react@19.2.3 OK for: music-land@0.1.0 want: 19.2.3
78 silly placeDep ROOT react-dom@19.2.3 OK for: music-land@0.1.0 want: 19.2.3
79 silly placeDep ROOT typescript@5.9.3 OK for: music-land@0.1.0 want: ^5
80 silly fetch manifest @babel/runtime@^7.18.3
81 silly packumentCache full:https://registry.npmjs.org/@babel%2fruntime cache-miss
82 silly fetch manifest @emotion/babel-plugin@^11.13.5
83 silly packumentCache full:https://registry.npmjs.org/@emotion%2fbabel-plugin cache-miss
84 silly fetch manifest @emotion/cache@^11.14.0
85 silly packumentCache full:https://registry.npmjs.org/@emotion%2fcache cache-miss
86 silly fetch manifest @emotion/serialize@^1.3.3
87 silly packumentCache full:https://registry.npmjs.org/@emotion%2fserialize cache-miss
88 silly fetch manifest @emotion/use-insertion-effect-with-fallbacks@^1.2.0
89 silly packumentCache full:https://registry.npmjs.org/@emotion%2fuse-insertion-effect-with-fallbacks cache-miss
90 silly fetch manifest @emotion/utils@^1.4.2
91 silly packumentCache full:https://registry.npmjs.org/@emotion%2futils cache-miss
92 silly fetch manifest @emotion/weak-memoize@^0.4.0
93 silly packumentCache full:https://registry.npmjs.org/@emotion%2fweak-memoize cache-miss
94 silly fetch manifest hoist-non-react-statics@^3.3.1
95 silly packumentCache full:https://registry.npmjs.org/hoist-non-react-statics cache-miss
96 silly fetch manifest @babel/runtime@^7.18.3
97 silly packumentCache full:https://registry.npmjs.org/@babel%2fruntime cache-miss
98 silly fetch manifest @emotion/babel-plugin@^11.13.5
99 silly packumentCache full:https://registry.npmjs.org/@emotion%2fbabel-plugin cache-miss
100 silly fetch manifest @emotion/is-prop-valid@^1.3.0
101 silly packumentCache full:https://registry.npmjs.org/@emotion%2fis-prop-valid cache-miss
102 http fetch GET 200 https://registry.npmjs.org/@emotion%2fbabel-plugin 233ms (cache miss)
103 silly packumentCache full:https://registry.npmjs.org/@emotion%2fbabel-plugin set size:undefined disposed:false
104 silly fetch manifest @emotion/serialize@^1.3.3
105 silly packumentCache full:https://registry.npmjs.org/@emotion%2fserialize cache-miss
106 http fetch GET 200 https://registry.npmjs.org/@babel%2fruntime 282ms (cache miss)
107 silly packumentCache full:https://registry.npmjs.org/@babel%2fruntime set size:undefined disposed:false
108 silly fetch manifest @emotion/use-insertion-effect-with-fallbacks@^1.2.0
109 silly packumentCache full:https://registry.npmjs.org/@emotion%2fuse-insertion-effect-with-fallbacks cache-miss
110 http fetch GET 200 https://registry.npmjs.org/@emotion%2fcache 308ms (cache miss)
111 silly packumentCache full:https://registry.npmjs.org/@emotion%2fcache set size:undefined disposed:false
112 silly fetch manifest @emotion/utils@^1.4.2
113 silly packumentCache full:https://registry.npmjs.org/@emotion%2futils cache-miss
114 http fetch GET 200 https://registry.npmjs.org/@emotion%2fuse-insertion-effect-with-fallbacks 375ms (cache miss)
115 silly packumentCache full:https://registry.npmjs.org/@emotion%2fuse-insertion-effect-with-fallbacks set size:undefined disposed:false
116 silly fetch manifest @babel/runtime@^7.28.4
117 silly packumentCache full:https://registry.npmjs.org/@babel%2fruntime cache-miss
118 http fetch GET 200 https://registry.npmjs.org/@babel%2fruntime 17ms (cache hit)
119 silly packumentCache full:https://registry.npmjs.org/@babel%2fruntime set size:3239112 disposed:false
120 silly fetch manifest @popperjs/core@^2.11.8
121 silly packumentCache full:https://registry.npmjs.org/@popperjs%2fcore cache-miss
122 http fetch GET 200 https://registry.npmjs.org/hoist-non-react-statics 442ms (cache miss)
123 silly packumentCache full:https://registry.npmjs.org/hoist-non-react-statics set size:undefined disposed:false
124 silly fetch manifest @types/react-transition-group@^4.4.12
125 silly packumentCache full:https://registry.npmjs.org/@types%2freact-transition-group cache-miss
126 http fetch GET 200 https://registry.npmjs.org/@emotion%2fis-prop-valid 445ms (cache miss)
127 silly packumentCache full:https://registry.npmjs.org/@emotion%2fis-prop-valid set size:undefined disposed:false
128 silly fetch manifest clsx@^2.1.1
129 silly packumentCache full:https://registry.npmjs.org/clsx cache-miss
130 http fetch GET 200 https://registry.npmjs.org/@emotion%2fweak-memoize 475ms (cache miss)
131 silly packumentCache full:https://registry.npmjs.org/@emotion%2fweak-memoize set size:undefined disposed:false
132 silly fetch manifest csstype@^3.1.3
133 silly packumentCache full:https://registry.npmjs.org/csstype cache-miss
134 http fetch GET 200 https://registry.npmjs.org/@emotion%2futils 479ms (cache miss)
135 silly packumentCache full:https://registry.npmjs.org/@emotion%2futils set size:undefined disposed:false
136 silly fetch manifest prop-types@^15.8.1
137 silly packumentCache full:https://registry.npmjs.org/prop-types cache-miss
138 http fetch GET 200 https://registry.npmjs.org/@emotion%2fuse-insertion-effect-with-fallbacks 195ms (cache miss)
139 silly packumentCache full:https://registry.npmjs.org/@emotion%2fuse-insertion-effect-with-fallbacks set size:undefined disposed:false
140 silly fetch manifest react-is@^19.2.0
141 silly packumentCache full:https://registry.npmjs.org/react-is cache-miss
142 http fetch GET 200 https://registry.npmjs.org/@emotion%2fserialize 266ms (cache miss)
143 silly packumentCache full:https://registry.npmjs.org/@emotion%2fserialize set size:undefined disposed:false
144 silly fetch manifest react-transition-group@^4.4.5
145 silly packumentCache full:https://registry.npmjs.org/react-transition-group cache-miss
146 http fetch GET 200 https://registry.npmjs.org/@emotion%2fserialize 504ms (cache miss)
147 silly packumentCache full:https://registry.npmjs.org/@emotion%2fserialize set size:undefined disposed:false
148 silly fetch manifest @mui/core-downloads-tracker@^7.3.6
149 silly packumentCache full:https://registry.npmjs.org/@mui%2fcore-downloads-tracker cache-miss
150 http fetch GET 200 https://registry.npmjs.org/@emotion%2fbabel-plugin 514ms (cache miss)
151 silly packumentCache full:https://registry.npmjs.org/@emotion%2fbabel-plugin set size:undefined disposed:false
152 silly fetch manifest @mui/system@^7.3.6
153 silly packumentCache full:https://registry.npmjs.org/@mui%2fsystem cache-miss
154 http fetch GET 200 https://registry.npmjs.org/@babel%2fruntime 519ms (cache miss)
155 silly packumentCache full:https://registry.npmjs.org/@babel%2fruntime set size:undefined disposed:false
156 silly fetch manifest @mui/types@^7.4.9
157 silly packumentCache full:https://registry.npmjs.org/@mui%2ftypes cache-miss
158 http fetch GET 200 https://registry.npmjs.org/@emotion%2futils 241ms (cache miss)
159 silly packumentCache full:https://registry.npmjs.org/@emotion%2futils set size:undefined disposed:false
160 silly fetch manifest @mui/utils@^7.3.6
161 silly packumentCache full:https://registry.npmjs.org/@mui%2futils cache-miss
162 http fetch GET 200 https://registry.npmjs.org/clsx 103ms (cache miss)
163 silly packumentCache full:https://registry.npmjs.org/clsx set size:undefined disposed:false
164 silly fetch manifest undici-types@~6.21.0
165 silly packumentCache full:https://registry.npmjs.org/undici-types cache-miss
166 http fetch GET 200 https://registry.npmjs.org/csstype 101ms (cache miss)
167 silly packumentCache full:https://registry.npmjs.org/csstype set size:undefined disposed:false
168 silly fetch manifest csstype@^3.2.2
169 silly packumentCache full:https://registry.npmjs.org/csstype cache-miss
170 http fetch GET 200 https://registry.npmjs.org/csstype 5ms (cache hit)
171 silly packumentCache full:https://registry.npmjs.org/csstype set size:274189 disposed:false
172 silly fetch manifest @eslint-community/eslint-utils@^4.8.0
173 silly packumentCache full:https://registry.npmjs.org/@eslint-community%2feslint-utils cache-miss
174 http fetch GET 200 https://registry.npmjs.org/@popperjs%2fcore 168ms (cache miss)
175 silly packumentCache full:https://registry.npmjs.org/@popperjs%2fcore set size:undefined disposed:false
176 silly fetch manifest @eslint-community/regexpp@^4.12.1
177 silly packumentCache full:https://registry.npmjs.org/@eslint-community%2fregexpp cache-miss
178 http fetch GET 200 https://registry.npmjs.org/@types%2freact-transition-group 188ms (cache miss)
179 silly packumentCache full:https://registry.npmjs.org/@types%2freact-transition-group set size:undefined disposed:false
180 silly fetch manifest @eslint/config-array@^0.21.1
181 silly packumentCache full:https://registry.npmjs.org/@eslint%2fconfig-array cache-miss
182 http fetch GET 200 https://registry.npmjs.org/prop-types 163ms (cache miss)
183 silly packumentCache full:https://registry.npmjs.org/prop-types set size:undefined disposed:false
184 silly fetch manifest @eslint/config-helpers@^0.4.2
185 silly packumentCache full:https://registry.npmjs.org/@eslint%2fconfig-helpers cache-miss
186 http fetch GET 200 https://registry.npmjs.org/react-transition-group 195ms (cache miss)
187 silly packumentCache full:https://registry.npmjs.org/react-transition-group set size:undefined disposed:false
188 silly fetch manifest @eslint/core@^0.17.0
189 silly packumentCache full:https://registry.npmjs.org/@eslint%2fcore cache-miss
190 http fetch GET 200 https://registry.npmjs.org/@eslint-community%2fregexpp 100ms (cache miss)
191 silly packumentCache full:https://registry.npmjs.org/@eslint-community%2fregexpp set size:undefined disposed:false
192 silly fetch manifest @eslint/eslintrc@^3.3.1
193 silly packumentCache full:https://registry.npmjs.org/@eslint%2feslintrc cache-miss
194 http fetch GET 200 https://registry.npmjs.org/undici-types 191ms (cache miss)
195 silly packumentCache full:https://registry.npmjs.org/undici-types set size:undefined disposed:false
196 silly fetch manifest @eslint/js@9.39.2
197 silly packumentCache full:https://registry.npmjs.org/@eslint%2fjs cache-miss
198 http fetch GET 200 https://registry.npmjs.org/@mui%2futils 211ms (cache miss)
199 silly packumentCache full:https://registry.npmjs.org/@mui%2futils set size:undefined disposed:false
200 silly fetch manifest @eslint/plugin-kit@^0.4.1
201 silly packumentCache full:https://registry.npmjs.org/@eslint%2fplugin-kit cache-miss
202 http fetch GET 200 https://registry.npmjs.org/@mui%2fcore-downloads-tracker 262ms (cache miss)
203 silly packumentCache full:https://registry.npmjs.org/@mui%2fcore-downloads-tracker set size:undefined disposed:false
204 silly fetch manifest @humanfs/node@^0.16.6
205 silly packumentCache full:https://registry.npmjs.org/@humanfs%2fnode cache-miss
206 http fetch GET 200 https://registry.npmjs.org/@eslint%2fconfig-helpers 134ms (cache miss)
207 silly packumentCache full:https://registry.npmjs.org/@eslint%2fconfig-helpers set size:undefined disposed:false
208 silly fetch manifest @humanwhocodes/module-importer@^1.0.1
209 silly packumentCache full:https://registry.npmjs.org/@humanwhocodes%2fmodule-importer cache-miss
210 http fetch GET 200 https://registry.npmjs.org/@eslint%2fconfig-array 148ms (cache miss)
211 silly packumentCache full:https://registry.npmjs.org/@eslint%2fconfig-array set size:undefined disposed:false
212 silly fetch manifest @humanwhocodes/retry@^0.4.2
213 silly packumentCache full:https://registry.npmjs.org/@humanwhocodes%2fretry cache-miss
214 http fetch GET 200 https://registry.npmjs.org/@eslint-community%2feslint-utils 197ms (cache miss)
215 silly packumentCache full:https://registry.npmjs.org/@eslint-community%2feslint-utils set size:undefined disposed:false
216 silly fetch manifest @types/estree@^1.0.6
217 silly packumentCache full:https://registry.npmjs.org/@types%2festree cache-miss
218 http fetch GET 200 https://registry.npmjs.org/@mui%2ftypes 258ms (cache miss)
219 silly packumentCache full:https://registry.npmjs.org/@mui%2ftypes set size:undefined disposed:false
220 silly fetch manifest ajv@^6.12.4
221 silly packumentCache full:https://registry.npmjs.org/ajv cache-miss
222 http fetch GET 200 https://registry.npmjs.org/@eslint%2fcore 111ms (cache miss)
223 silly packumentCache full:https://registry.npmjs.org/@eslint%2fcore set size:undefined disposed:false
224 silly fetch manifest chalk@^4.0.0
225 silly packumentCache full:https://registry.npmjs.org/chalk cache-miss
226 http fetch GET 200 https://registry.npmjs.org/@mui%2fsystem 300ms (cache miss)
227 silly packumentCache full:https://registry.npmjs.org/@mui%2fsystem set size:undefined disposed:false
228 silly fetch manifest cross-spawn@^7.0.6
229 silly packumentCache full:https://registry.npmjs.org/cross-spawn cache-miss
230 http fetch GET 200 https://registry.npmjs.org/@eslint%2feslintrc 123ms (cache miss)
231 silly packumentCache full:https://registry.npmjs.org/@eslint%2feslintrc set size:undefined disposed:false
232 silly fetch manifest debug@^4.3.2
233 silly packumentCache full:https://registry.npmjs.org/debug cache-miss
234 http fetch GET 200 https://registry.npmjs.org/@humanfs%2fnode 89ms (cache miss)
235 silly packumentCache full:https://registry.npmjs.org/@humanfs%2fnode set size:undefined disposed:false
236 silly fetch manifest escape-string-regexp@^4.0.0
237 silly packumentCache full:https://registry.npmjs.org/escape-string-regexp cache-miss
238 http fetch GET 200 https://registry.npmjs.org/chalk 71ms (cache miss)
239 silly packumentCache full:https://registry.npmjs.org/chalk set size:undefined disposed:false
240 silly fetch manifest eslint-scope@^8.4.0
241 silly packumentCache full:https://registry.npmjs.org/eslint-scope cache-miss
242 http fetch GET 200 https://registry.npmjs.org/@types%2festree 96ms (cache miss)
243 silly packumentCache full:https://registry.npmjs.org/@types%2festree set size:undefined disposed:false
244 silly fetch manifest eslint-visitor-keys@^4.2.1
245 silly packumentCache full:https://registry.npmjs.org/eslint-visitor-keys cache-miss
246 http fetch GET 200 https://registry.npmjs.org/@eslint%2fplugin-kit 126ms (cache miss)
247 silly packumentCache full:https://registry.npmjs.org/@eslint%2fplugin-kit set size:undefined disposed:false
248 silly fetch manifest espree@^10.4.0
249 silly packumentCache full:https://registry.npmjs.org/espree cache-miss
250 http fetch GET 200 https://registry.npmjs.org/@eslint%2fjs 142ms (cache miss)
251 silly packumentCache full:https://registry.npmjs.org/@eslint%2fjs set size:undefined disposed:false
252 silly fetch manifest esquery@^1.5.0
253 silly packumentCache full:https://registry.npmjs.org/esquery cache-miss
254 http fetch GET 200 https://registry.npmjs.org/debug 72ms (cache miss)
255 silly packumentCache full:https://registry.npmjs.org/debug set size:undefined disposed:false
256 silly fetch manifest esutils@^2.0.2
257 silly packumentCache full:https://registry.npmjs.org/esutils cache-miss
258 http fetch GET 200 https://registry.npmjs.org/@humanwhocodes%2fmodule-importer 122ms (cache miss)
259 silly packumentCache full:https://registry.npmjs.org/@humanwhocodes%2fmodule-importer set size:undefined disposed:false
260 silly fetch manifest fast-deep-equal@^3.1.3
261 silly packumentCache full:https://registry.npmjs.org/fast-deep-equal cache-miss
262 http fetch GET 200 https://registry.npmjs.org/@humanwhocodes%2fretry 124ms (cache miss)
263 silly packumentCache full:https://registry.npmjs.org/@humanwhocodes%2fretry set size:undefined disposed:false
264 silly fetch manifest file-entry-cache@^8.0.0
265 silly packumentCache full:https://registry.npmjs.org/file-entry-cache cache-miss
266 http fetch GET 200 https://registry.npmjs.org/cross-spawn 90ms (cache miss)
267 silly packumentCache full:https://registry.npmjs.org/cross-spawn set size:undefined disposed:false
268 silly fetch manifest find-up@^5.0.0
269 silly packumentCache full:https://registry.npmjs.org/find-up cache-miss
270 http fetch GET 200 https://registry.npmjs.org/escape-string-regexp 54ms (cache miss)
271 silly packumentCache full:https://registry.npmjs.org/escape-string-regexp set size:undefined disposed:false
272 silly fetch manifest glob-parent@^6.0.2
273 silly packumentCache full:https://registry.npmjs.org/glob-parent cache-miss
274 http fetch GET 200 https://registry.npmjs.org/ajv 126ms (cache miss)
275 silly packumentCache full:https://registry.npmjs.org/ajv set size:undefined disposed:false
276 silly fetch manifest ignore@^5.2.0
277 silly packumentCache full:https://registry.npmjs.org/ignore cache-miss
278 http fetch GET 200 https://registry.npmjs.org/esquery 62ms (cache miss)
279 silly packumentCache full:https://registry.npmjs.org/esquery set size:undefined disposed:false
280 silly fetch manifest imurmurhash@^0.1.4
281 silly packumentCache full:https://registry.npmjs.org/imurmurhash cache-miss
282 http fetch GET 200 https://registry.npmjs.org/eslint-visitor-keys 78ms (cache miss)
283 silly packumentCache full:https://registry.npmjs.org/eslint-visitor-keys set size:undefined disposed:false
284 silly fetch manifest is-glob@^4.0.0
285 silly packumentCache full:https://registry.npmjs.org/is-glob cache-miss
286 http fetch GET 200 https://registry.npmjs.org/fast-deep-equal 60ms (cache miss)
287 silly packumentCache full:https://registry.npmjs.org/fast-deep-equal set size:undefined disposed:false
288 silly fetch manifest json-stable-stringify-without-jsonify@^1.0.1
289 silly packumentCache full:https://registry.npmjs.org/json-stable-stringify-without-jsonify cache-miss
290 http fetch GET 200 https://registry.npmjs.org/esutils 67ms (cache miss)
291 silly packumentCache full:https://registry.npmjs.org/esutils set size:undefined disposed:false
292 silly fetch manifest lodash.merge@^4.6.2
293 silly packumentCache full:https://registry.npmjs.org/lodash.merge cache-miss
294 http fetch GET 200 https://registry.npmjs.org/find-up 63ms (cache miss)
295 silly packumentCache full:https://registry.npmjs.org/find-up set size:undefined disposed:false
296 silly fetch manifest minimatch@^3.1.2
297 silly packumentCache full:https://registry.npmjs.org/minimatch cache-miss
298 http fetch GET 200 https://registry.npmjs.org/file-entry-cache 76ms (cache miss)
299 silly packumentCache full:https://registry.npmjs.org/file-entry-cache set size:undefined disposed:false
300 silly fetch manifest natural-compare@^1.4.0
301 silly packumentCache full:https://registry.npmjs.org/natural-compare cache-miss
302 http fetch GET 200 https://registry.npmjs.org/glob-parent 75ms (cache miss)
303 silly packumentCache full:https://registry.npmjs.org/glob-parent set size:undefined disposed:false
304 silly fetch manifest optionator@^0.9.3
305 silly packumentCache full:https://registry.npmjs.org/optionator cache-miss
306 http fetch GET 200 https://registry.npmjs.org/eslint-scope 112ms (cache miss)
307 silly packumentCache full:https://registry.npmjs.org/eslint-scope set size:undefined disposed:false
308 silly fetch manifest globals@16.4.0
309 silly packumentCache full:https://registry.npmjs.org/globals cache-miss
310 http fetch GET 200 https://registry.npmjs.org/espree 112ms (cache miss)
311 silly packumentCache full:https://registry.npmjs.org/espree set size:undefined disposed:false
312 silly fetch manifest typescript-eslint@^8.46.0
313 silly packumentCache full:https://registry.npmjs.org/typescript-eslint cache-miss
314 http fetch GET 200 https://registry.npmjs.org/ignore 67ms (cache miss)
315 silly packumentCache full:https://registry.npmjs.org/ignore set size:undefined disposed:false
316 silly fetch manifest eslint-plugin-react@^7.37.0
317 silly packumentCache full:https://registry.npmjs.org/eslint-plugin-react cache-miss
318 http fetch GET 200 https://registry.npmjs.org/imurmurhash 74ms (cache miss)
319 silly packumentCache full:https://registry.npmjs.org/imurmurhash set size:undefined disposed:false
320 silly fetch manifest eslint-plugin-import@^2.32.0
321 silly packumentCache full:https://registry.npmjs.org/eslint-plugin-import cache-miss
322 http fetch GET 200 https://registry.npmjs.org/natural-compare 48ms (cache miss)
323 silly packumentCache full:https://registry.npmjs.org/natural-compare set size:undefined disposed:false
324 silly fetch manifest eslint-plugin-jsx-a11y@^6.10.0
325 silly packumentCache full:https://registry.npmjs.org/eslint-plugin-jsx-a11y cache-miss
326 http fetch GET 200 https://registry.npmjs.org/lodash.merge 69ms (cache miss)
327 silly packumentCache full:https://registry.npmjs.org/lodash.merge set size:undefined disposed:false
328 silly fetch manifest @next/eslint-plugin-next@16.1.1
329 silly packumentCache full:https://registry.npmjs.org/@next%2feslint-plugin-next cache-miss
330 http fetch GET 200 https://registry.npmjs.org/is-glob 79ms (cache miss)
331 silly packumentCache full:https://registry.npmjs.org/is-glob set size:undefined disposed:false
332 silly fetch manifest eslint-plugin-react-hooks@^7.0.0
333 silly packumentCache full:https://registry.npmjs.org/eslint-plugin-react-hooks cache-miss
334 http fetch GET 200 https://registry.npmjs.org/minimatch 74ms (cache miss)
335 silly packumentCache full:https://registry.npmjs.org/minimatch set size:undefined disposed:false
336 silly fetch manifest eslint-import-resolver-node@^0.3.6
337 silly packumentCache full:https://registry.npmjs.org/eslint-import-resolver-node cache-miss
338 http fetch GET 200 https://registry.npmjs.org/json-stable-stringify-without-jsonify 92ms (cache miss)
339 silly packumentCache full:https://registry.npmjs.org/json-stable-stringify-without-jsonify set size:undefined disposed:false
340 silly fetch manifest eslint-import-resolver-typescript@^3.5.2
341 silly packumentCache full:https://registry.npmjs.org/eslint-import-resolver-typescript cache-miss
342 http fetch GET 200 https://registry.npmjs.org/optionator 81ms (cache miss)
343 silly packumentCache full:https://registry.npmjs.org/optionator set size:undefined disposed:false
344 silly fetch manifest postcss@8.4.31
345 silly packumentCache full:https://registry.npmjs.org/postcss cache-miss
346 http fetch GET 200 https://registry.npmjs.org/react-is 580ms (cache miss)
347 silly packumentCache full:https://registry.npmjs.org/react-is set size:undefined disposed:false
348 silly fetch manifest @next/env@16.1.1
349 silly packumentCache full:https://registry.npmjs.org/@next%2fenv cache-miss
350 http fetch GET 200 https://registry.npmjs.org/eslint-import-resolver-node 67ms (cache miss)
351 silly packumentCache full:https://registry.npmjs.org/eslint-import-resolver-node set size:undefined disposed:false
352 silly fetch manifest styled-jsx@5.1.6
353 silly packumentCache full:https://registry.npmjs.org/styled-jsx cache-miss
354 http fetch GET 200 https://registry.npmjs.org/globals 139ms (cache miss)
355 silly packumentCache full:https://registry.npmjs.org/globals set size:undefined disposed:false
356 silly fetch manifest @swc/helpers@0.5.15
357 silly packumentCache full:https://registry.npmjs.org/@swc%2fhelpers cache-miss
358 http fetch GET 200 https://registry.npmjs.org/eslint-plugin-jsx-a11y 116ms (cache miss)
359 silly packumentCache full:https://registry.npmjs.org/eslint-plugin-jsx-a11y set size:undefined disposed:false
360 silly fetch manifest caniuse-lite@^1.0.30001579
361 silly packumentCache full:https://registry.npmjs.org/caniuse-lite cache-miss
362 http fetch GET 200 https://registry.npmjs.org/eslint-plugin-react 156ms (cache miss)
363 silly packumentCache full:https://registry.npmjs.org/eslint-plugin-react set size:undefined disposed:false
364 silly fetch manifest baseline-browser-mapping@^2.8.3
365 silly packumentCache full:https://registry.npmjs.org/baseline-browser-mapping cache-miss
366 http fetch GET 200 https://registry.npmjs.org/eslint-plugin-import 178ms (cache miss)
367 silly packumentCache full:https://registry.npmjs.org/eslint-plugin-import set size:undefined disposed:false
368 silly fetch manifest sharp@^0.34.4
369 silly packumentCache full:https://registry.npmjs.org/sharp cache-miss
370 http fetch GET 200 https://registry.npmjs.org/eslint-import-resolver-typescript 166ms (cache miss)
371 silly packumentCache full:https://registry.npmjs.org/eslint-import-resolver-typescript set size:undefined disposed:false
372 silly fetch manifest @next/swc-darwin-x64@16.1.1
373 silly packumentCache full:https://registry.npmjs.org/@next%2fswc-darwin-x64 cache-miss
374 http fetch GET 200 https://registry.npmjs.org/styled-jsx 110ms (cache miss)
375 silly packumentCache full:https://registry.npmjs.org/styled-jsx set size:undefined disposed:false
376 silly fetch manifest @next/swc-darwin-arm64@16.1.1
377 silly packumentCache full:https://registry.npmjs.org/@next%2fswc-darwin-arm64 cache-miss
378 http fetch GET 200 https://registry.npmjs.org/postcss 228ms (cache miss)
379 silly packumentCache full:https://registry.npmjs.org/postcss set size:undefined disposed:false
380 silly fetch manifest @next/swc-linux-x64-gnu@16.1.1
381 silly packumentCache full:https://registry.npmjs.org/@next%2fswc-linux-x64-gnu cache-miss
382 http fetch GET 200 https://registry.npmjs.org/baseline-browser-mapping 135ms (cache miss)
383 silly packumentCache full:https://registry.npmjs.org/baseline-browser-mapping set size:undefined disposed:false
384 silly fetch manifest @next/swc-linux-x64-musl@16.1.1
385 silly packumentCache full:https://registry.npmjs.org/@next%2fswc-linux-x64-musl cache-miss
386 http fetch GET 200 https://registry.npmjs.org/@swc%2fhelpers 207ms (cache miss)
387 silly packumentCache full:https://registry.npmjs.org/@swc%2fhelpers set size:undefined disposed:false
388 silly fetch manifest @next/swc-win32-x64-msvc@16.1.1
389 silly packumentCache full:https://registry.npmjs.org/@next%2fswc-win32-x64-msvc cache-miss
390 http fetch GET 200 https://registry.npmjs.org/sharp 154ms (cache miss)
391 silly packumentCache full:https://registry.npmjs.org/sharp set size:undefined disposed:false
392 silly fetch manifest @next/swc-linux-arm64-gnu@16.1.1
393 silly packumentCache full:https://registry.npmjs.org/@next%2fswc-linux-arm64-gnu cache-miss
394 http fetch GET 200 https://registry.npmjs.org/typescript-eslint 402ms (cache miss)
395 silly packumentCache full:https://registry.npmjs.org/typescript-eslint set size:undefined disposed:false
396 silly fetch manifest @next/swc-linux-arm64-musl@16.1.1
397 silly packumentCache full:https://registry.npmjs.org/@next%2fswc-linux-arm64-musl cache-miss
398 http fetch GET 200 https://registry.npmjs.org/caniuse-lite 316ms (cache miss)
399 silly packumentCache full:https://registry.npmjs.org/caniuse-lite set size:undefined disposed:false
400 silly fetch manifest @next/swc-win32-arm64-msvc@16.1.1
401 silly packumentCache full:https://registry.npmjs.org/@next%2fswc-win32-arm64-msvc cache-miss
402 http fetch GET 200 https://registry.npmjs.org/@next%2fswc-darwin-x64 446ms (cache miss)
403 silly packumentCache full:https://registry.npmjs.org/@next%2fswc-darwin-x64 set size:undefined disposed:false
404 silly fetch manifest scheduler@^0.27.0
405 silly packumentCache full:https://registry.npmjs.org/scheduler cache-miss
406 http fetch GET 200 https://registry.npmjs.org/@next%2feslint-plugin-next 673ms (cache miss)
407 silly packumentCache full:https://registry.npmjs.org/@next%2feslint-plugin-next set size:undefined disposed:false
408 http fetch GET 200 https://registry.npmjs.org/eslint-plugin-react-hooks 737ms (cache miss)
409 silly packumentCache full:https://registry.npmjs.org/eslint-plugin-react-hooks set size:undefined disposed:false
410 http fetch GET 200 https://registry.npmjs.org/@next%2fswc-darwin-arm64 631ms (cache miss)
411 silly packumentCache full:https://registry.npmjs.org/@next%2fswc-darwin-arm64 set size:undefined disposed:false
412 http fetch GET 200 https://registry.npmjs.org/@next%2fenv 793ms (cache miss)
413 silly packumentCache full:https://registry.npmjs.org/@next%2fenv set size:undefined disposed:false
414 http fetch GET 200 https://registry.npmjs.org/@next%2fswc-win32-x64-msvc 628ms (cache miss)
415 silly packumentCache full:https://registry.npmjs.org/@next%2fswc-win32-x64-msvc set size:undefined disposed:false
416 http fetch GET 200 https://registry.npmjs.org/@next%2fswc-linux-x64-musl 680ms (cache miss)
417 silly packumentCache full:https://registry.npmjs.org/@next%2fswc-linux-x64-musl set size:undefined disposed:false
418 http fetch GET 200 https://registry.npmjs.org/@next%2fswc-linux-x64-gnu 772ms (cache miss)
419 silly packumentCache full:https://registry.npmjs.org/@next%2fswc-linux-x64-gnu set size:undefined disposed:false
420 http fetch GET 200 https://registry.npmjs.org/@next%2fswc-linux-arm64-gnu 737ms (cache miss)
421 silly packumentCache full:https://registry.npmjs.org/@next%2fswc-linux-arm64-gnu set size:undefined disposed:false
422 http fetch GET 200 https://registry.npmjs.org/@next%2fswc-linux-arm64-musl 747ms (cache miss)
423 silly packumentCache full:https://registry.npmjs.org/@next%2fswc-linux-arm64-musl set size:undefined disposed:false
424 http fetch GET 200 https://registry.npmjs.org/@next%2fswc-win32-arm64-msvc 751ms (cache miss)
425 silly packumentCache full:https://registry.npmjs.org/@next%2fswc-win32-arm64-msvc set size:undefined disposed:false
426 http fetch GET 200 https://registry.npmjs.org/scheduler 598ms (cache miss)
427 silly packumentCache full:https://registry.npmjs.org/scheduler set size:undefined disposed:false
428 silly placeDep ROOT @babel/runtime@7.28.4 OK for: @emotion/react@11.14.0 want: ^7.18.3
429 silly placeDep ROOT @emotion/babel-plugin@11.13.5 OK for: @emotion/react@11.14.0 want: ^11.13.5
430 silly placeDep ROOT @emotion/cache@11.14.0 OK for: @emotion/react@11.14.0 want: ^11.14.0
431 silly placeDep ROOT @emotion/serialize@1.3.3 OK for: @emotion/react@11.14.0 want: ^1.3.3
432 silly placeDep ROOT @emotion/use-insertion-effect-with-fallbacks@1.2.0 OK for: @emotion/react@11.14.0 want: ^1.2.0
433 silly placeDep ROOT @emotion/utils@1.4.2 OK for: @emotion/react@11.14.0 want: ^1.4.2
434 silly placeDep ROOT @emotion/weak-memoize@0.4.0 OK for: @emotion/react@11.14.0 want: ^0.4.0
435 silly placeDep ROOT hoist-non-react-statics@3.3.2 OK for: @emotion/react@11.14.0 want: ^3.3.1
436 silly fetch manifest @babel/helper-module-imports@^7.16.7
437 silly packumentCache full:https://registry.npmjs.org/@babel%2fhelper-module-imports cache-miss
438 silly fetch manifest @emotion/hash@^0.9.2
439 silly packumentCache full:https://registry.npmjs.org/@emotion%2fhash cache-miss
440 silly fetch manifest @emotion/memoize@^0.9.0
441 silly packumentCache full:https://registry.npmjs.org/@emotion%2fmemoize cache-miss
442 silly fetch manifest babel-plugin-macros@^3.1.0
443 silly packumentCache full:https://registry.npmjs.org/babel-plugin-macros cache-miss
444 silly fetch manifest convert-source-map@^1.5.0
445 silly packumentCache full:https://registry.npmjs.org/convert-source-map cache-miss
446 silly fetch manifest find-root@^1.1.0
447 silly packumentCache full:https://registry.npmjs.org/find-root cache-miss
448 silly fetch manifest source-map@^0.5.7
449 silly packumentCache full:https://registry.npmjs.org/source-map cache-miss
450 silly fetch manifest stylis@4.2.0
451 silly packumentCache full:https://registry.npmjs.org/stylis cache-miss
452 silly fetch manifest @emotion/memoize@^0.9.0
453 silly packumentCache full:https://registry.npmjs.org/@emotion%2fmemoize cache-miss
454 silly fetch manifest @emotion/sheet@^1.4.0
455 silly packumentCache full:https://registry.npmjs.org/@emotion%2fsheet cache-miss
456 silly fetch manifest stylis@4.2.0
457 silly packumentCache full:https://registry.npmjs.org/stylis cache-miss
458 http fetch GET 200 https://registry.npmjs.org/convert-source-map 40ms (cache miss)
459 silly packumentCache full:https://registry.npmjs.org/convert-source-map set size:undefined disposed:false
460 silly fetch manifest @emotion/hash@^0.9.2
461 silly packumentCache full:https://registry.npmjs.org/@emotion%2fhash cache-miss
462 http fetch GET 200 https://registry.npmjs.org/find-root 45ms (cache miss)
463 silly packumentCache full:https://registry.npmjs.org/find-root set size:undefined disposed:false
464 silly fetch manifest @emotion/memoize@^0.9.0
465 silly packumentCache full:https://registry.npmjs.org/@emotion%2fmemoize cache-miss
466 http fetch GET 200 https://registry.npmjs.org/source-map 59ms (cache miss)
467 silly packumentCache full:https://registry.npmjs.org/source-map set size:undefined disposed:false
468 silly fetch manifest @emotion/unitless@^0.10.0
469 silly packumentCache full:https://registry.npmjs.org/@emotion%2funitless cache-miss
470 http fetch GET 200 https://registry.npmjs.org/@emotion%2fhash 115ms (cache miss)
471 silly packumentCache full:https://registry.npmjs.org/@emotion%2fhash set size:undefined disposed:false
472 silly fetch manifest csstype@^3.0.2
473 silly packumentCache full:https://registry.npmjs.org/csstype cache-hit
474 silly fetch manifest react-is@^16.7.0
475 silly packumentCache full:https://registry.npmjs.org/react-is cache-miss
476 http fetch GET 200 https://registry.npmjs.org/stylis 118ms (cache miss)
477 silly packumentCache full:https://registry.npmjs.org/stylis set size:undefined disposed:false
478 http fetch GET 200 https://registry.npmjs.org/react-is 22ms (cache hit)
479 silly packumentCache full:https://registry.npmjs.org/react-is set size:5156420 disposed:false
480 http fetch GET 200 https://registry.npmjs.org/babel-plugin-macros 222ms (cache miss)
481 silly packumentCache full:https://registry.npmjs.org/babel-plugin-macros set size:undefined disposed:false
482 http fetch GET 200 https://registry.npmjs.org/@emotion%2fhash 193ms (cache miss)
483 silly packumentCache full:https://registry.npmjs.org/@emotion%2fhash set size:undefined disposed:false
484 http fetch GET 200 https://registry.npmjs.org/@emotion%2funitless 172ms (cache miss)
485 silly packumentCache full:https://registry.npmjs.org/@emotion%2funitless set size:undefined disposed:false
486 http fetch GET 200 https://registry.npmjs.org/@emotion%2fmemoize 242ms (cache miss)
487 silly packumentCache full:https://registry.npmjs.org/@emotion%2fmemoize set size:undefined disposed:false
488 http fetch GET 200 https://registry.npmjs.org/stylis 244ms (cache miss)
489 silly packumentCache full:https://registry.npmjs.org/stylis set size:undefined disposed:false
490 http fetch GET 200 https://registry.npmjs.org/@emotion%2fmemoize 203ms (cache miss)
491 silly packumentCache full:https://registry.npmjs.org/@emotion%2fmemoize set size:undefined disposed:false
492 http fetch GET 200 https://registry.npmjs.org/@emotion%2fmemoize 252ms (cache miss)
493 silly packumentCache full:https://registry.npmjs.org/@emotion%2fmemoize set size:undefined disposed:false
494 http fetch GET 200 https://registry.npmjs.org/@emotion%2fsheet 272ms (cache miss)
495 silly packumentCache full:https://registry.npmjs.org/@emotion%2fsheet set size:undefined disposed:false
496 http fetch GET 200 https://registry.npmjs.org/@babel%2fhelper-module-imports 281ms (cache miss)
497 silly packumentCache full:https://registry.npmjs.org/@babel%2fhelper-module-imports set size:undefined disposed:false
498 silly placeDep ROOT @babel/helper-module-imports@7.27.1 OK for: @emotion/babel-plugin@11.13.5 want: ^7.16.7
499 silly placeDep ROOT @emotion/hash@0.9.2 OK for: @emotion/babel-plugin@11.13.5 want: ^0.9.2
500 silly placeDep ROOT @emotion/memoize@0.9.0 OK for: @emotion/babel-plugin@11.13.5 want: ^0.9.0
501 silly placeDep ROOT babel-plugin-macros@3.1.0 OK for: @emotion/babel-plugin@11.13.5 want: ^3.1.0
502 silly placeDep ROOT convert-source-map@1.9.0 OK for: @emotion/babel-plugin@11.13.5 want: ^1.5.0
503 silly placeDep ROOT escape-string-regexp@4.0.0 OK for: @emotion/babel-plugin@11.13.5 want: ^4.0.0
504 silly placeDep ROOT find-root@1.1.0 OK for: @emotion/babel-plugin@11.13.5 want: ^1.1.0
505 silly placeDep ROOT source-map@0.5.7 OK for: @emotion/babel-plugin@11.13.5 want: ^0.5.7
506 silly placeDep ROOT stylis@4.2.0 OK for: @emotion/babel-plugin@11.13.5 want: 4.2.0
507 silly fetch manifest @babel/types@^7.27.1
508 silly packumentCache full:https://registry.npmjs.org/@babel%2ftypes cache-miss
509 silly fetch manifest @babel/traverse@^7.27.1
510 silly packumentCache full:https://registry.npmjs.org/@babel%2ftraverse cache-miss
511 silly fetch manifest cosmiconfig@^7.0.0
512 silly packumentCache full:https://registry.npmjs.org/cosmiconfig cache-miss
513 silly fetch manifest resolve@^1.19.0
514 silly packumentCache full:https://registry.npmjs.org/resolve cache-miss
515 http fetch GET 200 https://registry.npmjs.org/@babel%2ftypes 49ms (cache miss)
516 silly packumentCache full:https://registry.npmjs.org/@babel%2ftypes set size:undefined disposed:false
517 http fetch GET 200 https://registry.npmjs.org/@babel%2ftraverse 62ms (cache miss)
518 silly packumentCache full:https://registry.npmjs.org/@babel%2ftraverse set size:undefined disposed:false
519 http fetch GET 200 https://registry.npmjs.org/cosmiconfig 75ms (cache miss)
520 silly packumentCache full:https://registry.npmjs.org/cosmiconfig set size:undefined disposed:false
521 http fetch GET 200 https://registry.npmjs.org/resolve 78ms (cache miss)
522 silly packumentCache full:https://registry.npmjs.org/resolve set size:undefined disposed:false
523 silly placeDep ROOT @babel/traverse@7.28.5 OK for: @babel/helper-module-imports@7.27.1 want: ^7.27.1
524 silly placeDep ROOT @babel/types@7.28.5 OK for: @babel/helper-module-imports@7.27.1 want: ^7.27.1
525 silly fetch manifest @babel/code-frame@^7.27.1
526 silly packumentCache full:https://registry.npmjs.org/@babel%2fcode-frame cache-miss
527 silly fetch manifest @babel/generator@^7.28.5
528 silly packumentCache full:https://registry.npmjs.org/@babel%2fgenerator cache-miss
529 silly fetch manifest @babel/helper-globals@^7.28.0
530 silly packumentCache full:https://registry.npmjs.org/@babel%2fhelper-globals cache-miss
531 silly fetch manifest @babel/parser@^7.28.5
532 silly packumentCache full:https://registry.npmjs.org/@babel%2fparser cache-miss
533 silly fetch manifest @babel/template@^7.27.2
534 silly packumentCache full:https://registry.npmjs.org/@babel%2ftemplate cache-miss
535 silly fetch manifest @babel/types@^7.28.5
536 silly packumentCache full:https://registry.npmjs.org/@babel%2ftypes cache-miss
537 silly fetch manifest debug@^4.3.1
538 silly packumentCache full:https://registry.npmjs.org/debug cache-miss
539 silly fetch manifest @babel/helper-string-parser@^7.27.1
540 silly packumentCache full:https://registry.npmjs.org/@babel%2fhelper-string-parser cache-miss
541 silly fetch manifest @babel/helper-validator-identifier@^7.28.5
542 silly packumentCache full:https://registry.npmjs.org/@babel%2fhelper-validator-identifier cache-miss
543 http fetch GET 200 https://registry.npmjs.org/@babel%2ftypes 13ms (cache hit)
544 silly packumentCache full:https://registry.npmjs.org/@babel%2ftypes set size:475698 disposed:false
545 http fetch GET 200 https://registry.npmjs.org/debug 17ms (cache hit)
546 silly packumentCache full:https://registry.npmjs.org/debug set size:195840 disposed:false
547 http fetch GET 200 https://registry.npmjs.org/@babel%2fhelper-string-parser 57ms (cache miss)
548 silly packumentCache full:https://registry.npmjs.org/@babel%2fhelper-string-parser set size:undefined disposed:false
549 http fetch GET 200 https://registry.npmjs.org/@babel%2fhelper-validator-identifier 57ms (cache miss)
550 silly packumentCache full:https://registry.npmjs.org/@babel%2fhelper-validator-identifier set size:undefined disposed:false
551 http fetch GET 200 https://registry.npmjs.org/@babel%2fparser 73ms (cache miss)
552 silly packumentCache full:https://registry.npmjs.org/@babel%2fparser set size:undefined disposed:false
553 http fetch GET 200 https://registry.npmjs.org/@babel%2ftemplate 76ms (cache miss)
554 silly packumentCache full:https://registry.npmjs.org/@babel%2ftemplate set size:undefined disposed:false
555 http fetch GET 200 https://registry.npmjs.org/@babel%2fgenerator 105ms (cache miss)
556 silly packumentCache full:https://registry.npmjs.org/@babel%2fgenerator set size:undefined disposed:false
557 http fetch GET 200 https://registry.npmjs.org/@babel%2fhelper-globals 125ms (cache miss)
558 silly packumentCache full:https://registry.npmjs.org/@babel%2fhelper-globals set size:undefined disposed:false
559 http fetch GET 200 https://registry.npmjs.org/@babel%2fcode-frame 133ms (cache miss)
560 silly packumentCache full:https://registry.npmjs.org/@babel%2fcode-frame set size:undefined disposed:false
561 silly placeDep ROOT @babel/code-frame@7.27.1 OK for: @babel/traverse@7.28.5 want: ^7.27.1
562 silly placeDep ROOT @babel/generator@7.28.5 OK for: @babel/traverse@7.28.5 want: ^7.28.5
563 silly placeDep ROOT @babel/helper-globals@7.28.0 OK for: @babel/traverse@7.28.5 want: ^7.28.0
564 silly placeDep ROOT @babel/parser@7.28.5 OK for: @babel/traverse@7.28.5 want: ^7.28.5
565 silly placeDep ROOT @babel/template@7.27.2 OK for: @babel/traverse@7.28.5 want: ^7.27.2
566 silly placeDep ROOT debug@4.4.3 OK for: @babel/traverse@7.28.5 want: ^4.3.1
567 silly fetch manifest js-tokens@^4.0.0
568 silly packumentCache full:https://registry.npmjs.org/js-tokens cache-miss
569 silly fetch manifest picocolors@^1.1.1
570 silly packumentCache full:https://registry.npmjs.org/picocolors cache-miss
571 silly fetch manifest @babel/helper-validator-identifier@^7.27.1
572 silly packumentCache full:https://registry.npmjs.org/@babel%2fhelper-validator-identifier cache-miss
573 silly fetch manifest @jridgewell/gen-mapping@^0.3.12
574 silly packumentCache full:https://registry.npmjs.org/@jridgewell%2fgen-mapping cache-miss
575 silly fetch manifest @jridgewell/trace-mapping@^0.3.28
576 silly packumentCache full:https://registry.npmjs.org/@jridgewell%2ftrace-mapping cache-miss
577 silly fetch manifest jsesc@^3.0.2
578 silly packumentCache full:https://registry.npmjs.org/jsesc cache-miss
579 silly fetch manifest ms@^2.1.3
580 silly packumentCache full:https://registry.npmjs.org/ms cache-miss
581 http fetch GET 200 https://registry.npmjs.org/@babel%2fhelper-validator-identifier 10ms (cache hit)
582 silly packumentCache full:https://registry.npmjs.org/@babel%2fhelper-validator-identifier set size:108996 disposed:false
583 http fetch GET 200 https://registry.npmjs.org/picocolors 46ms (cache miss)
584 silly packumentCache full:https://registry.npmjs.org/picocolors set size:undefined disposed:false
585 http fetch GET 200 https://registry.npmjs.org/js-tokens 48ms (cache miss)
586 silly packumentCache full:https://registry.npmjs.org/js-tokens set size:undefined disposed:false
587 http fetch GET 200 https://registry.npmjs.org/jsesc 59ms (cache miss)
588 silly packumentCache full:https://registry.npmjs.org/jsesc set size:undefined disposed:false
589 http fetch GET 200 https://registry.npmjs.org/ms 107ms (cache miss)
590 silly packumentCache full:https://registry.npmjs.org/ms set size:undefined disposed:false
591 http fetch GET 200 https://registry.npmjs.org/@jridgewell%2ftrace-mapping 140ms (cache miss)
592 silly packumentCache full:https://registry.npmjs.org/@jridgewell%2ftrace-mapping set size:undefined disposed:false
593 http fetch GET 200 https://registry.npmjs.org/@jridgewell%2fgen-mapping 147ms (cache miss)
594 silly packumentCache full:https://registry.npmjs.org/@jridgewell%2fgen-mapping set size:undefined disposed:false
595 silly placeDep ROOT @babel/helper-validator-identifier@7.28.5 OK for: @babel/code-frame@7.27.1 want: ^7.27.1
596 silly placeDep ROOT js-tokens@4.0.0 OK for: @babel/code-frame@7.27.1 want: ^4.0.0
597 silly placeDep ROOT picocolors@1.1.1 OK for: @babel/code-frame@7.27.1 want: ^1.1.1
598 silly placeDep ROOT @jridgewell/gen-mapping@0.3.13 OK for: @babel/generator@7.28.5 want: ^0.3.12
599 silly placeDep ROOT @jridgewell/trace-mapping@0.3.31 OK for: @babel/generator@7.28.5 want: ^0.3.28
600 silly placeDep ROOT jsesc@3.1.0 OK for: @babel/generator@7.28.5 want: ^3.0.2
601 silly fetch manifest @jridgewell/sourcemap-codec@^1.5.0
602 silly packumentCache full:https://registry.npmjs.org/@jridgewell%2fsourcemap-codec cache-miss
603 silly fetch manifest @jridgewell/trace-mapping@^0.3.24
604 silly packumentCache full:https://registry.npmjs.org/@jridgewell%2ftrace-mapping cache-miss
605 silly fetch manifest @jridgewell/resolve-uri@^3.1.0
606 silly packumentCache full:https://registry.npmjs.org/@jridgewell%2fresolve-uri cache-miss
607 silly fetch manifest @jridgewell/sourcemap-codec@^1.4.14
608 silly packumentCache full:https://registry.npmjs.org/@jridgewell%2fsourcemap-codec cache-miss
609 http fetch GET 200 https://registry.npmjs.org/@jridgewell%2ftrace-mapping 32ms (cache hit)
610 silly packumentCache full:https://registry.npmjs.org/@jridgewell%2ftrace-mapping set size:170909 disposed:false
611 http fetch GET 200 https://registry.npmjs.org/@jridgewell%2fsourcemap-codec 49ms (cache miss)
612 silly packumentCache full:https://registry.npmjs.org/@jridgewell%2fsourcemap-codec set size:undefined disposed:false
613 http fetch GET 200 https://registry.npmjs.org/@jridgewell%2fsourcemap-codec 50ms (cache miss)
614 silly packumentCache full:https://registry.npmjs.org/@jridgewell%2fsourcemap-codec set size:undefined disposed:false
615 http fetch GET 200 https://registry.npmjs.org/@jridgewell%2fresolve-uri 153ms (cache miss)
616 silly packumentCache full:https://registry.npmjs.org/@jridgewell%2fresolve-uri set size:undefined disposed:false
617 silly placeDep ROOT @babel/helper-string-parser@7.27.1 OK for: @babel/types@7.28.5 want: ^7.27.1
618 silly placeDep ROOT @emotion/sheet@1.4.0 OK for: @emotion/cache@11.14.0 want: ^1.4.0
619 silly placeDep ROOT @emotion/unitless@0.10.0 OK for: @emotion/serialize@1.3.3 want: ^0.10.0
620 silly placeDep ROOT csstype@3.2.3 OK for: @emotion/serialize@1.3.3 want: ^3.0.2
621 silly placeDep ROOT @emotion/is-prop-valid@1.4.0 OK for: @emotion/styled@11.14.1 want: ^1.3.0
622 silly placeDep ROOT @jridgewell/sourcemap-codec@1.5.5 OK for: @jridgewell/gen-mapping@0.3.13 want: ^1.5.0
623 silly placeDep ROOT @jridgewell/resolve-uri@3.1.2 OK for: @jridgewell/trace-mapping@0.3.31 want: ^3.1.0
624 silly placeDep ROOT @mui/core-downloads-tracker@7.3.6 OK for: @mui/material@7.3.6 want: ^7.3.6
625 silly placeDep ROOT @mui/system@7.3.6 OK for: @mui/material@7.3.6 want: ^7.3.6
626 silly placeDep ROOT @mui/types@7.4.9 OK for: @mui/material@7.3.6 want: ^7.4.9
627 silly placeDep ROOT @mui/utils@7.3.6 OK for: @mui/material@7.3.6 want: ^7.3.6
628 silly placeDep ROOT @popperjs/core@2.11.8 OK for: @mui/material@7.3.6 want: ^2.11.8
629 silly placeDep ROOT @types/react-transition-group@4.4.12 OK for: @mui/material@7.3.6 want: ^4.4.12
630 silly placeDep ROOT clsx@2.1.1 OK for: @mui/material@7.3.6 want: ^2.1.1
631 silly placeDep ROOT prop-types@15.8.1 OK for: @mui/material@7.3.6 want: ^15.8.1
632 silly placeDep ROOT react-is@19.2.3 OK for: @mui/material@7.3.6 want: ^19.2.0
633 silly placeDep ROOT react-transition-group@4.4.5 OK for: @mui/material@7.3.6 want: ^4.4.5
634 silly fetch manifest @mui/private-theming@^7.3.6
635 silly packumentCache full:https://registry.npmjs.org/@mui%2fprivate-theming cache-miss
636 silly fetch manifest @mui/styled-engine@^7.3.6
637 silly packumentCache full:https://registry.npmjs.org/@mui%2fstyled-engine cache-miss
638 silly fetch manifest @types/prop-types@^15.7.15
639 silly packumentCache full:https://registry.npmjs.org/@types%2fprop-types cache-miss
640 silly fetch manifest loose-envify@^1.4.0
641 silly packumentCache full:https://registry.npmjs.org/loose-envify cache-miss
642 silly fetch manifest object-assign@^4.1.1
643 silly packumentCache full:https://registry.npmjs.org/object-assign cache-miss
644 silly fetch manifest react-is@^16.13.1
645 silly packumentCache full:https://registry.npmjs.org/react-is cache-miss
646 silly fetch manifest dom-helpers@^5.0.1
647 silly packumentCache full:https://registry.npmjs.org/dom-helpers cache-miss
648 silly fetch manifest loose-envify@^1.4.0
649 silly packumentCache full:https://registry.npmjs.org/loose-envify cache-miss
650 http fetch GET 200 https://registry.npmjs.org/react-is 21ms (cache hit)
651 silly packumentCache full:https://registry.npmjs.org/react-is set size:5156420 disposed:false
652 http fetch GET 200 https://registry.npmjs.org/loose-envify 82ms (cache miss)
653 silly packumentCache full:https://registry.npmjs.org/loose-envify set size:undefined disposed:false
654 http fetch GET 200 https://registry.npmjs.org/loose-envify 78ms (cache miss)
655 silly packumentCache full:https://registry.npmjs.org/loose-envify set size:undefined disposed:false
656 http fetch GET 200 https://registry.npmjs.org/object-assign 83ms (cache miss)
657 silly packumentCache full:https://registry.npmjs.org/object-assign set size:undefined disposed:false
658 http fetch GET 200 https://registry.npmjs.org/dom-helpers 83ms (cache miss)
659 silly packumentCache full:https://registry.npmjs.org/dom-helpers set size:undefined disposed:false
660 http fetch GET 200 https://registry.npmjs.org/@mui%2fstyled-engine 112ms (cache miss)
661 silly packumentCache full:https://registry.npmjs.org/@mui%2fstyled-engine set size:undefined disposed:false
662 http fetch GET 200 https://registry.npmjs.org/@types%2fprop-types 113ms (cache miss)
663 silly packumentCache full:https://registry.npmjs.org/@types%2fprop-types set size:undefined disposed:false
664 http fetch GET 200 https://registry.npmjs.org/@mui%2fprivate-theming 264ms (cache miss)
665 silly packumentCache full:https://registry.npmjs.org/@mui%2fprivate-theming set size:undefined disposed:false
666 silly placeDep ROOT @mui/private-theming@7.3.6 OK for: @mui/system@7.3.6 want: ^7.3.6
667 silly placeDep ROOT @mui/styled-engine@7.3.6 OK for: @mui/system@7.3.6 want: ^7.3.6
668 silly placeDep ROOT @types/prop-types@15.7.15 OK for: @mui/utils@7.3.6 want: ^15.7.15
669 silly placeDep ROOT undici-types@6.21.0 OK for: @types/node@20.19.27 want: ~6.21.0
670 silly placeDep ROOT cosmiconfig@7.1.0 OK for: babel-plugin-macros@3.1.0 want: ^7.0.0
671 silly placeDep ROOT resolve@1.22.11 OK for: babel-plugin-macros@3.1.0 want: ^1.19.0
672 silly fetch manifest @types/parse-json@^4.0.0
673 silly packumentCache full:https://registry.npmjs.org/@types%2fparse-json cache-miss
674 silly fetch manifest import-fresh@^3.2.1
675 silly packumentCache full:https://registry.npmjs.org/import-fresh cache-miss
676 silly fetch manifest parse-json@^5.0.0
677 silly packumentCache full:https://registry.npmjs.org/parse-json cache-miss
678 silly fetch manifest path-type@^4.0.0
679 silly packumentCache full:https://registry.npmjs.org/path-type cache-miss
680 silly fetch manifest yaml@^1.10.0
681 silly packumentCache full:https://registry.npmjs.org/yaml cache-miss
682 silly fetch manifest is-core-module@^2.16.1
683 silly packumentCache full:https://registry.npmjs.org/is-core-module cache-miss
684 silly fetch manifest path-parse@^1.0.7
685 silly packumentCache full:https://registry.npmjs.org/path-parse cache-miss
686 silly fetch manifest supports-preserve-symlinks-flag@^1.0.0
687 silly packumentCache full:https://registry.npmjs.org/supports-preserve-symlinks-flag cache-miss
688 http fetch GET 200 https://registry.npmjs.org/path-parse 33ms (cache miss)
689 silly packumentCache full:https://registry.npmjs.org/path-parse set size:undefined disposed:false
690 http fetch GET 200 https://registry.npmjs.org/supports-preserve-symlinks-flag 47ms (cache miss)
691 silly packumentCache full:https://registry.npmjs.org/supports-preserve-symlinks-flag set size:undefined disposed:false
692 http fetch GET 200 https://registry.npmjs.org/import-fresh 56ms (cache miss)
693 silly packumentCache full:https://registry.npmjs.org/import-fresh set size:undefined disposed:false
694 http fetch GET 200 https://registry.npmjs.org/parse-json 58ms (cache miss)
695 silly packumentCache full:https://registry.npmjs.org/parse-json set size:undefined disposed:false
696 http fetch GET 200 https://registry.npmjs.org/yaml 77ms (cache miss)
697 silly packumentCache full:https://registry.npmjs.org/yaml set size:undefined disposed:false
698 http fetch GET 200 https://registry.npmjs.org/is-core-module 83ms (cache miss)
699 silly packumentCache full:https://registry.npmjs.org/is-core-module set size:undefined disposed:false
700 http fetch GET 200 https://registry.npmjs.org/path-type 106ms (cache miss)
701 silly packumentCache full:https://registry.npmjs.org/path-type set size:undefined disposed:false
702 http fetch GET 200 https://registry.npmjs.org/@types%2fparse-json 129ms (cache miss)
703 silly packumentCache full:https://registry.npmjs.org/@types%2fparse-json set size:undefined disposed:false
704 silly placeDep ROOT @types/parse-json@4.0.2 OK for: cosmiconfig@7.1.0 want: ^4.0.0
705 silly placeDep ROOT import-fresh@3.3.1 OK for: cosmiconfig@7.1.0 want: ^3.2.1
706 silly placeDep ROOT parse-json@5.2.0 OK for: cosmiconfig@7.1.0 want: ^5.0.0
707 silly placeDep ROOT path-type@4.0.0 OK for: cosmiconfig@7.1.0 want: ^4.0.0
708 silly placeDep ROOT yaml@1.10.2 OK for: cosmiconfig@7.1.0 want: ^1.10.0
709 silly fetch manifest parent-module@^1.0.0
710 silly packumentCache full:https://registry.npmjs.org/parent-module cache-miss
711 silly fetch manifest resolve-from@^4.0.0
712 silly packumentCache full:https://registry.npmjs.org/resolve-from cache-miss
713 silly fetch manifest error-ex@^1.3.1
714 silly packumentCache full:https://registry.npmjs.org/error-ex cache-miss
715 silly fetch manifest lines-and-columns@^1.1.6
716 silly packumentCache full:https://registry.npmjs.org/lines-and-columns cache-miss
717 silly fetch manifest json-parse-even-better-errors@^2.3.0
718 silly packumentCache full:https://registry.npmjs.org/json-parse-even-better-errors cache-miss
719 http fetch GET 200 https://registry.npmjs.org/resolve-from 34ms (cache miss)
720 silly packumentCache full:https://registry.npmjs.org/resolve-from set size:undefined disposed:false
721 http fetch GET 200 https://registry.npmjs.org/parent-module 36ms (cache miss)
722 silly packumentCache full:https://registry.npmjs.org/parent-module set size:undefined disposed:false
723 http fetch GET 200 https://registry.npmjs.org/error-ex 43ms (cache miss)
724 silly packumentCache full:https://registry.npmjs.org/error-ex set size:undefined disposed:false
725 http fetch GET 200 https://registry.npmjs.org/lines-and-columns 46ms (cache miss)
726 silly packumentCache full:https://registry.npmjs.org/lines-and-columns set size:undefined disposed:false
727 http fetch GET 200 https://registry.npmjs.org/json-parse-even-better-errors 49ms (cache miss)
728 silly packumentCache full:https://registry.npmjs.org/json-parse-even-better-errors set size:undefined disposed:false
729 silly placeDep ROOT ms@2.1.3 OK for: debug@4.4.3 want: ^2.1.3
730 silly placeDep ROOT @eslint-community/eslint-utils@4.9.0 OK for: eslint@9.39.2 want: ^4.8.0
731 silly placeDep ROOT @eslint-community/regexpp@4.12.2 OK for: eslint@9.39.2 want: ^4.12.1
732 silly placeDep ROOT @eslint/config-array@0.21.1 OK for: eslint@9.39.2 want: ^0.21.1
733 silly placeDep ROOT @eslint/config-helpers@0.4.2 OK for: eslint@9.39.2 want: ^0.4.2
734 silly placeDep ROOT @eslint/core@0.17.0 OK for: eslint@9.39.2 want: ^0.17.0
735 silly placeDep ROOT @eslint/eslintrc@3.3.3 OK for: eslint@9.39.2 want: ^3.3.1
736 silly placeDep ROOT @eslint/js@9.39.2 OK for: eslint@9.39.2 want: 9.39.2
737 silly placeDep ROOT @eslint/plugin-kit@0.4.1 OK for: eslint@9.39.2 want: ^0.4.1
738 silly placeDep ROOT @humanfs/node@0.16.7 OK for: eslint@9.39.2 want: ^0.16.6
739 silly placeDep ROOT @humanwhocodes/module-importer@1.0.1 OK for: eslint@9.39.2 want: ^1.0.1
740 silly placeDep ROOT @humanwhocodes/retry@0.4.3 OK for: eslint@9.39.2 want: ^0.4.2
741 silly placeDep ROOT @types/estree@1.0.8 OK for: eslint@9.39.2 want: ^1.0.6
742 silly placeDep ROOT ajv@6.12.6 OK for: eslint@9.39.2 want: ^6.12.4
743 silly placeDep ROOT chalk@4.1.2 OK for: eslint@9.39.2 want: ^4.0.0
744 silly placeDep ROOT cross-spawn@7.0.6 OK for: eslint@9.39.2 want: ^7.0.6
745 silly placeDep ROOT eslint-scope@8.4.0 OK for: eslint@9.39.2 want: ^8.4.0
746 silly placeDep ROOT eslint-visitor-keys@4.2.1 OK for: eslint@9.39.2 want: ^4.2.1
747 silly placeDep ROOT espree@10.4.0 OK for: eslint@9.39.2 want: ^10.4.0
748 silly placeDep ROOT esquery@1.6.0 OK for: eslint@9.39.2 want: ^1.5.0
749 silly placeDep ROOT esutils@2.0.3 OK for: eslint@9.39.2 want: ^2.0.2
750 silly placeDep ROOT fast-deep-equal@3.1.3 OK for: eslint@9.39.2 want: ^3.1.3
751 silly placeDep ROOT file-entry-cache@8.0.0 OK for: eslint@9.39.2 want: ^8.0.0
752 silly placeDep ROOT find-up@5.0.0 OK for: eslint@9.39.2 want: ^5.0.0
753 silly placeDep ROOT glob-parent@6.0.2 OK for: eslint@9.39.2 want: ^6.0.2
754 silly placeDep ROOT ignore@5.3.2 OK for: eslint@9.39.2 want: ^5.2.0
755 silly placeDep ROOT imurmurhash@0.1.4 OK for: eslint@9.39.2 want: ^0.1.4
756 silly placeDep ROOT is-glob@4.0.3 OK for: eslint@9.39.2 want: ^4.0.0
757 silly placeDep ROOT json-stable-stringify-without-jsonify@1.0.1 OK for: eslint@9.39.2 want: ^1.0.1
758 silly placeDep ROOT lodash.merge@4.6.2 OK for: eslint@9.39.2 want: ^4.6.2
759 silly placeDep ROOT minimatch@3.1.2 OK for: eslint@9.39.2 want: ^3.1.2
760 silly placeDep ROOT natural-compare@1.4.0 OK for: eslint@9.39.2 want: ^1.4.0
761 silly placeDep ROOT optionator@0.9.4 OK for: eslint@9.39.2 want: ^0.9.3
762 silly fetch manifest eslint-visitor-keys@^3.4.3
763 silly packumentCache full:https://registry.npmjs.org/eslint-visitor-keys cache-miss
764 silly fetch manifest @eslint/object-schema@^2.1.7
765 silly packumentCache full:https://registry.npmjs.org/@eslint%2fobject-schema cache-miss
766 silly fetch manifest @types/json-schema@^7.0.15
767 silly packumentCache full:https://registry.npmjs.org/@types%2fjson-schema cache-miss
768 silly fetch manifest espree@^10.0.1
769 silly packumentCache full:https://registry.npmjs.org/espree cache-miss
770 silly fetch manifest globals@^14.0.0
771 silly packumentCache full:https://registry.npmjs.org/globals cache-miss
772 silly fetch manifest js-yaml@^4.1.1
773 silly packumentCache full:https://registry.npmjs.org/js-yaml cache-miss
774 silly fetch manifest strip-json-comments@^3.1.1
775 silly packumentCache full:https://registry.npmjs.org/strip-json-comments cache-miss
776 silly fetch manifest levn@^0.4.1
777 silly packumentCache full:https://registry.npmjs.org/levn cache-miss
778 silly fetch manifest @humanwhocodes/retry@^0.4.0
779 silly packumentCache full:https://registry.npmjs.org/@humanwhocodes%2fretry cache-miss
780 silly fetch manifest @humanfs/core@^0.19.1
781 silly packumentCache full:https://registry.npmjs.org/@humanfs%2fcore cache-miss
782 silly fetch manifest uri-js@^4.2.2
783 silly packumentCache full:https://registry.npmjs.org/uri-js cache-miss
784 http fetch GET 200 https://registry.npmjs.org/eslint-visitor-keys 49ms (cache hit)
785 silly packumentCache full:https://registry.npmjs.org/eslint-visitor-keys set size:67352 disposed:false
786 silly fetch manifest fast-deep-equal@^3.1.1
787 silly packumentCache full:https://registry.npmjs.org/fast-deep-equal cache-miss
788 http fetch GET 200 https://registry.npmjs.org/espree 21ms (cache hit)
789 silly packumentCache full:https://registry.npmjs.org/espree set size:317497 disposed:false
790 silly fetch manifest json-schema-traverse@^0.4.1
791 silly packumentCache full:https://registry.npmjs.org/json-schema-traverse cache-miss
792 http fetch GET 200 https://registry.npmjs.org/@humanwhocodes%2fretry 21ms (cache hit)
793 silly packumentCache full:https://registry.npmjs.org/@humanwhocodes%2fretry set size:42348 disposed:false
794 silly fetch manifest fast-json-stable-stringify@^2.0.0
795 silly packumentCache full:https://registry.npmjs.org/fast-json-stable-stringify cache-miss
796 http fetch GET 200 https://registry.npmjs.org/globals 28ms (cache hit)
797 silly packumentCache full:https://registry.npmjs.org/globals set size:290151 disposed:false
798 silly fetch manifest ansi-styles@^4.1.0
799 silly packumentCache full:https://registry.npmjs.org/ansi-styles cache-miss
800 http fetch GET 200 https://registry.npmjs.org/fast-deep-equal 22ms (cache hit)
801 silly packumentCache full:https://registry.npmjs.org/fast-deep-equal set size:48634 disposed:false
802 silly fetch manifest supports-color@^7.1.0
803 silly packumentCache full:https://registry.npmjs.org/supports-color cache-miss
804 http fetch GET 200 https://registry.npmjs.org/uri-js 43ms (cache miss)
805 silly packumentCache full:https://registry.npmjs.org/uri-js set size:undefined disposed:false
806 silly fetch manifest which@^2.0.1
807 silly packumentCache full:https://registry.npmjs.org/which cache-miss
808 http fetch GET 200 https://registry.npmjs.org/js-yaml 52ms (cache miss)
809 silly packumentCache full:https://registry.npmjs.org/js-yaml set size:undefined disposed:false
810 silly fetch manifest path-key@^3.1.0
811 silly packumentCache full:https://registry.npmjs.org/path-key cache-miss
812 http fetch GET 200 https://registry.npmjs.org/@humanfs%2fcore 56ms (cache miss)
813 silly packumentCache full:https://registry.npmjs.org/@humanfs%2fcore set size:undefined disposed:false
814 silly fetch manifest shebang-command@^2.0.0
815 silly packumentCache full:https://registry.npmjs.org/shebang-command cache-miss
816 http fetch GET 200 https://registry.npmjs.org/@eslint%2fobject-schema 95ms (cache miss)
817 silly packumentCache full:https://registry.npmjs.org/@eslint%2fobject-schema set size:undefined disposed:false
818 silly fetch manifest esrecurse@^4.3.0
819 silly packumentCache full:https://registry.npmjs.org/esrecurse cache-miss
820 http fetch GET 200 https://registry.npmjs.org/json-schema-traverse 43ms (cache miss)
821 silly packumentCache full:https://registry.npmjs.org/json-schema-traverse set size:undefined disposed:false
822 silly fetch manifest estraverse@^5.2.0
823 silly packumentCache full:https://registry.npmjs.org/estraverse cache-miss
824 http fetch GET 200 https://registry.npmjs.org/strip-json-comments 70ms (cache miss)
825 silly packumentCache full:https://registry.npmjs.org/strip-json-comments set size:undefined disposed:false
826 silly fetch manifest acorn@^8.15.0
827 silly packumentCache full:https://registry.npmjs.org/acorn cache-miss
828 http fetch GET 200 https://registry.npmjs.org/fast-json-stable-stringify 52ms (cache miss)
829 silly packumentCache full:https://registry.npmjs.org/fast-json-stable-stringify set size:undefined disposed:false
830 silly fetch manifest acorn-jsx@^5.3.2
831 silly packumentCache full:https://registry.npmjs.org/acorn-jsx cache-miss
832 http fetch GET 200 https://registry.npmjs.org/levn 83ms (cache miss)
833 silly packumentCache full:https://registry.npmjs.org/levn set size:undefined disposed:false
834 silly fetch manifest estraverse@^5.1.0
835 silly packumentCache full:https://registry.npmjs.org/estraverse cache-miss
836 http fetch GET 200 https://registry.npmjs.org/ansi-styles 58ms (cache miss)
837 silly packumentCache full:https://registry.npmjs.org/ansi-styles set size:undefined disposed:false
838 silly fetch manifest flat-cache@^4.0.0
839 silly packumentCache full:https://registry.npmjs.org/flat-cache cache-miss
840 http fetch GET 200 https://registry.npmjs.org/supports-color 50ms (cache miss)
841 silly packumentCache full:https://registry.npmjs.org/supports-color set size:undefined disposed:false
842 silly fetch manifest locate-path@^6.0.0
843 silly packumentCache full:https://registry.npmjs.org/locate-path cache-miss
844 http fetch GET 200 https://registry.npmjs.org/path-key 45ms (cache miss)
845 silly packumentCache full:https://registry.npmjs.org/path-key set size:undefined disposed:false
846 silly fetch manifest path-exists@^4.0.0
847 silly packumentCache full:https://registry.npmjs.org/path-exists cache-miss
848 http fetch GET 200 https://registry.npmjs.org/shebang-command 42ms (cache miss)
849 silly packumentCache full:https://registry.npmjs.org/shebang-command set size:undefined disposed:false
850 silly fetch manifest is-glob@^4.0.3
851 silly packumentCache full:https://registry.npmjs.org/is-glob cache-miss
852 http fetch GET 200 https://registry.npmjs.org/which 58ms (cache miss)
853 silly packumentCache full:https://registry.npmjs.org/which set size:undefined disposed:false
854 silly fetch manifest is-extglob@^2.1.1
855 silly packumentCache full:https://registry.npmjs.org/is-extglob cache-miss
856 http fetch GET 200 https://registry.npmjs.org/is-glob 11ms (cache hit)
857 silly packumentCache full:https://registry.npmjs.org/is-glob set size:40530 disposed:false
858 silly fetch manifest brace-expansion@^1.1.7
859 silly packumentCache full:https://registry.npmjs.org/brace-expansion cache-miss
860 http fetch GET 200 https://registry.npmjs.org/@types%2fjson-schema 147ms (cache miss)
861 silly packumentCache full:https://registry.npmjs.org/@types%2fjson-schema set size:undefined disposed:false
862 silly fetch manifest prelude-ls@^1.2.1
863 silly packumentCache full:https://registry.npmjs.org/prelude-ls cache-miss
864 http fetch GET 200 https://registry.npmjs.org/estraverse 82ms (cache miss)
865 silly packumentCache full:https://registry.npmjs.org/estraverse set size:undefined disposed:false
866 silly fetch manifest deep-is@^0.1.3
867 silly packumentCache full:https://registry.npmjs.org/deep-is cache-miss
868 http fetch GET 200 https://registry.npmjs.org/esrecurse 92ms (cache miss)
869 silly packumentCache full:https://registry.npmjs.org/esrecurse set size:undefined disposed:false
870 silly fetch manifest word-wrap@^1.2.5
871 silly packumentCache full:https://registry.npmjs.org/word-wrap cache-miss
872 http fetch GET 200 https://registry.npmjs.org/is-extglob 52ms (cache miss)
873 silly packumentCache full:https://registry.npmjs.org/is-extglob set size:undefined disposed:false
874 silly fetch manifest type-check@^0.4.0
875 silly packumentCache full:https://registry.npmjs.org/type-check cache-miss
876 http fetch GET 200 https://registry.npmjs.org/path-exists 61ms (cache miss)
877 silly packumentCache full:https://registry.npmjs.org/path-exists set size:undefined disposed:false
878 silly fetch manifest fast-levenshtein@^2.0.6
879 silly packumentCache full:https://registry.npmjs.org/fast-levenshtein cache-miss
880 http fetch GET 200 https://registry.npmjs.org/estraverse 79ms (cache miss)
881 silly packumentCache full:https://registry.npmjs.org/estraverse set size:undefined disposed:false
882 http fetch GET 200 https://registry.npmjs.org/locate-path 73ms (cache miss)
883 silly packumentCache full:https://registry.npmjs.org/locate-path set size:undefined disposed:false
884 http fetch GET 200 https://registry.npmjs.org/acorn-jsx 89ms (cache miss)
885 silly packumentCache full:https://registry.npmjs.org/acorn-jsx set size:undefined disposed:false
886 http fetch GET 200 https://registry.npmjs.org/brace-expansion 54ms (cache miss)
887 silly packumentCache full:https://registry.npmjs.org/brace-expansion set size:undefined disposed:false
888 http fetch GET 200 https://registry.npmjs.org/flat-cache 82ms (cache miss)
889 silly packumentCache full:https://registry.npmjs.org/flat-cache set size:undefined disposed:false
890 http fetch GET 200 https://registry.npmjs.org/acorn 102ms (cache miss)
891 silly packumentCache full:https://registry.npmjs.org/acorn set size:undefined disposed:false
892 http fetch GET 200 https://registry.npmjs.org/prelude-ls 41ms (cache miss)
893 silly packumentCache full:https://registry.npmjs.org/prelude-ls set size:undefined disposed:false
894 http fetch GET 200 https://registry.npmjs.org/deep-is 53ms (cache miss)
895 silly packumentCache full:https://registry.npmjs.org/deep-is set size:undefined disposed:false
896 http fetch GET 200 https://registry.npmjs.org/word-wrap 66ms (cache miss)
897 silly packumentCache full:https://registry.npmjs.org/word-wrap set size:undefined disposed:false
898 http fetch GET 200 https://registry.npmjs.org/fast-levenshtein 62ms (cache miss)
899 silly packumentCache full:https://registry.npmjs.org/fast-levenshtein set size:undefined disposed:false
900 http fetch GET 200 https://registry.npmjs.org/type-check 77ms (cache miss)
901 silly packumentCache full:https://registry.npmjs.org/type-check set size:undefined disposed:false
902 silly placeDep node_modules/@eslint-community/eslint-utils eslint-visitor-keys@3.4.3 OK for: @eslint-community/eslint-utils@4.9.0 want: ^3.4.3
903 silly placeDep ROOT @eslint/object-schema@2.1.7 OK for: @eslint/config-array@0.21.1 want: ^2.1.7
904 silly placeDep ROOT @types/json-schema@7.0.15 OK for: @eslint/core@0.17.0 want: ^7.0.15
905 silly placeDep ROOT globals@14.0.0 OK for: @eslint/eslintrc@3.3.3 want: ^14.0.0
906 silly placeDep ROOT js-yaml@4.1.1 OK for: @eslint/eslintrc@3.3.3 want: ^4.1.1
907 silly placeDep ROOT strip-json-comments@3.1.1 OK for: @eslint/eslintrc@3.3.3 want: ^3.1.1
908 silly fetch manifest argparse@^2.0.1
909 silly packumentCache full:https://registry.npmjs.org/argparse cache-miss
910 http fetch GET 200 https://registry.npmjs.org/argparse 33ms (cache miss)
911 silly packumentCache full:https://registry.npmjs.org/argparse set size:undefined disposed:false
912 silly placeDep ROOT levn@0.4.1 OK for: @eslint/plugin-kit@0.4.1 want: ^0.4.1
913 silly fetch manifest type-check@~0.4.0
914 silly packumentCache full:https://registry.npmjs.org/type-check cache-miss
915 http fetch GET 200 https://registry.npmjs.org/type-check 2ms (cache hit)
916 silly packumentCache full:https://registry.npmjs.org/type-check set size:21221 disposed:false
917 silly placeDep ROOT @humanfs/core@0.19.1 OK for: @humanfs/node@0.16.7 want: ^0.19.1
918 silly placeDep ROOT fast-json-stable-stringify@2.1.0 OK for: ajv@6.12.6 want: ^2.0.0
919 silly placeDep ROOT json-schema-traverse@0.4.1 OK for: ajv@6.12.6 want: ^0.4.1
920 silly placeDep ROOT uri-js@4.4.1 OK for: ajv@6.12.6 want: ^4.2.2
921 silly fetch manifest punycode@^2.1.0
922 silly packumentCache full:https://registry.npmjs.org/punycode cache-miss
923 http fetch GET 200 https://registry.npmjs.org/punycode 35ms (cache miss)
924 silly packumentCache full:https://registry.npmjs.org/punycode set size:undefined disposed:false
925 silly placeDep ROOT ansi-styles@4.3.0 OK for: chalk@4.1.2 want: ^4.1.0
926 silly placeDep ROOT supports-color@7.2.0 OK for: chalk@4.1.2 want: ^7.1.0
927 silly fetch manifest color-convert@^2.0.1
928 silly packumentCache full:https://registry.npmjs.org/color-convert cache-miss
929 silly fetch manifest has-flag@^4.0.0
930 silly packumentCache full:https://registry.npmjs.org/has-flag cache-miss
931 http fetch GET 200 https://registry.npmjs.org/has-flag 44ms (cache miss)
932 silly packumentCache full:https://registry.npmjs.org/has-flag set size:undefined disposed:false
933 http fetch GET 200 https://registry.npmjs.org/color-convert 63ms (cache miss)
934 silly packumentCache full:https://registry.npmjs.org/color-convert set size:undefined disposed:false
935 silly placeDep ROOT color-convert@2.0.1 OK for: ansi-styles@4.3.0 want: ^2.0.1
936 silly fetch manifest color-name@~1.1.4
937 silly packumentCache full:https://registry.npmjs.org/color-name cache-miss
938 http fetch GET 200 https://registry.npmjs.org/color-name 40ms (cache miss)
939 silly packumentCache full:https://registry.npmjs.org/color-name set size:undefined disposed:false
940 silly placeDep ROOT color-name@1.1.4 OK for: color-convert@2.0.1 want: ~1.1.4
941 silly placeDep ROOT path-key@3.1.1 OK for: cross-spawn@7.0.6 want: ^3.1.0
942 silly placeDep ROOT shebang-command@2.0.0 OK for: cross-spawn@7.0.6 want: ^2.0.0
943 silly placeDep ROOT which@2.0.2 OK for: cross-spawn@7.0.6 want: ^2.0.1
944 silly fetch manifest shebang-regex@^3.0.0
945 silly packumentCache full:https://registry.npmjs.org/shebang-regex cache-miss
946 silly fetch manifest isexe@^2.0.0
947 silly packumentCache full:https://registry.npmjs.org/isexe cache-miss
948 http fetch GET 200 https://registry.npmjs.org/isexe 39ms (cache miss)
949 silly packumentCache full:https://registry.npmjs.org/isexe set size:undefined disposed:false
950 http fetch GET 200 https://registry.npmjs.org/shebang-regex 46ms (cache miss)
951 silly packumentCache full:https://registry.npmjs.org/shebang-regex set size:undefined disposed:false
952 silly placeDep ROOT @next/eslint-plugin-next@16.1.1 OK for: eslint-config-next@16.1.1 want: 16.1.1
953 silly placeDep ROOT eslint-import-resolver-node@0.3.9 OK for: eslint-config-next@16.1.1 want: ^0.3.6
954 silly placeDep ROOT eslint-import-resolver-typescript@3.10.1 OK for: eslint-config-next@16.1.1 want: ^3.5.2
955 silly placeDep ROOT eslint-plugin-import@2.32.0 OK for: eslint-config-next@16.1.1 want: ^2.32.0
956 silly placeDep ROOT eslint-plugin-jsx-a11y@6.10.2 OK for: eslint-config-next@16.1.1 want: ^6.10.0
957 silly placeDep ROOT eslint-plugin-react@7.37.5 OK for: eslint-config-next@16.1.1 want: ^7.37.0
958 silly placeDep ROOT eslint-plugin-react-hooks@7.0.1 OK for: eslint-config-next@16.1.1 want: ^7.0.0
959 silly placeDep node_modules/eslint-config-next globals@16.4.0 OK for: eslint-config-next@16.1.1 want: 16.4.0
960 silly placeDep ROOT typescript-eslint@8.50.1 OK for: eslint-config-next@16.1.1 want: ^8.46.0
961 silly fetch manifest fast-glob@3.3.1
962 silly packumentCache full:https://registry.npmjs.org/fast-glob cache-miss
963 silly fetch manifest debug@^3.2.7
964 silly packumentCache full:https://registry.npmjs.org/debug cache-hit
965 silly fetch manifest is-core-module@^2.13.0
966 silly packumentCache full:https://registry.npmjs.org/is-core-module cache-miss
967 silly fetch manifest tinyglobby@^0.2.13
968 silly packumentCache full:https://registry.npmjs.org/tinyglobby cache-miss
969 silly fetch manifest stable-hash@^0.0.5
970 silly packumentCache full:https://registry.npmjs.org/stable-hash cache-miss
971 silly fetch manifest get-tsconfig@^4.10.0
972 silly packumentCache full:https://registry.npmjs.org/get-tsconfig cache-miss
973 silly fetch manifest is-bun-module@^2.0.0
974 silly packumentCache full:https://registry.npmjs.org/is-bun-module cache-miss
975 silly fetch manifest unrs-resolver@^1.6.2
976 silly packumentCache full:https://registry.npmjs.org/unrs-resolver cache-miss
977 silly fetch manifest @nolyfill/is-core-module@1.0.39
978 silly packumentCache full:https://registry.npmjs.org/@nolyfill%2fis-core-module cache-miss
979 silly fetch manifest @rtsao/scc@^1.1.0
980 silly packumentCache full:https://registry.npmjs.org/@rtsao%2fscc cache-miss
981 silly fetch manifest array-includes@^3.1.9
982 silly packumentCache full:https://registry.npmjs.org/array-includes cache-miss
983 silly fetch manifest array.prototype.findlastindex@^1.2.6
984 silly packumentCache full:https://registry.npmjs.org/array.prototype.findlastindex cache-miss
985 http fetch GET 200 https://registry.npmjs.org/is-core-module 21ms (cache hit)
986 silly packumentCache full:https://registry.npmjs.org/is-core-module set size:71788 disposed:false
987 silly fetch manifest array.prototype.flat@^1.3.3
988 silly packumentCache full:https://registry.npmjs.org/array.prototype.flat cache-miss
989 http fetch GET 200 https://registry.npmjs.org/stable-hash 50ms (cache miss)
990 silly packumentCache full:https://registry.npmjs.org/stable-hash set size:undefined disposed:false
991 silly fetch manifest array.prototype.flatmap@^1.3.3
992 silly packumentCache full:https://registry.npmjs.org/array.prototype.flatmap cache-miss
993 http fetch GET 200 https://registry.npmjs.org/array.prototype.findlastindex 57ms (cache miss)
994 silly packumentCache full:https://registry.npmjs.org/array.prototype.findlastindex set size:undefined disposed:false
995 silly fetch manifest doctrine@^2.1.0
996 silly packumentCache full:https://registry.npmjs.org/doctrine cache-miss
997 http fetch GET 200 https://registry.npmjs.org/get-tsconfig 67ms (cache miss)
998 silly packumentCache full:https://registry.npmjs.org/get-tsconfig set size:undefined disposed:false
999 silly fetch manifest eslint-module-utils@^2.12.1
1000 silly packumentCache full:https://registry.npmjs.org/eslint-module-utils cache-miss
1001 http fetch GET 200 https://registry.npmjs.org/tinyglobby 73ms (cache miss)
1002 silly packumentCache full:https://registry.npmjs.org/tinyglobby set size:undefined disposed:false
1003 silly fetch manifest hasown@^2.0.2
1004 silly packumentCache full:https://registry.npmjs.org/hasown cache-miss
1005 http fetch GET 200 https://registry.npmjs.org/is-bun-module 85ms (cache miss)
1006 silly packumentCache full:https://registry.npmjs.org/is-bun-module set size:undefined disposed:false
1007 silly fetch manifest object.fromentries@^2.0.8
1008 silly packumentCache full:https://registry.npmjs.org/object.fromentries cache-miss
1009 http fetch GET 200 https://registry.npmjs.org/@nolyfill%2fis-core-module 98ms (cache miss)
1010 silly packumentCache full:https://registry.npmjs.org/@nolyfill%2fis-core-module set size:undefined disposed:false
1011 silly fetch manifest object.groupby@^1.0.3
1012 silly packumentCache full:https://registry.npmjs.org/object.groupby cache-miss
1013 http fetch GET 200 https://registry.npmjs.org/array.prototype.flat 83ms (cache miss)
1014 silly packumentCache full:https://registry.npmjs.org/array.prototype.flat set size:undefined disposed:false
1015 silly fetch manifest object.values@^1.2.1
1016 silly packumentCache full:https://registry.npmjs.org/object.values cache-miss
1017 http fetch GET 200 https://registry.npmjs.org/unrs-resolver 107ms (cache miss)
1018 silly packumentCache full:https://registry.npmjs.org/unrs-resolver set size:undefined disposed:false
1019 silly fetch manifest semver@^6.3.1
1020 silly packumentCache full:https://registry.npmjs.org/semver cache-miss
1021 http fetch GET 200 https://registry.npmjs.org/fast-glob 115ms (cache miss)
1022 silly packumentCache full:https://registry.npmjs.org/fast-glob set size:undefined disposed:false
1023 silly fetch manifest string.prototype.trimend@^1.0.9
1024 silly packumentCache full:https://registry.npmjs.org/string.prototype.trimend cache-miss
1025 http fetch GET 200 https://registry.npmjs.org/array-includes 117ms (cache miss)
1026 silly packumentCache full:https://registry.npmjs.org/array-includes set size:undefined disposed:false
1027 silly fetch manifest tsconfig-paths@^3.15.0
1028 silly packumentCache full:https://registry.npmjs.org/tsconfig-paths cache-miss
1029 http fetch GET 200 https://registry.npmjs.org/array.prototype.flatmap 76ms (cache miss)
1030 silly packumentCache full:https://registry.npmjs.org/array.prototype.flatmap set size:undefined disposed:false
1031 silly fetch manifest aria-query@^5.3.2
1032 silly packumentCache full:https://registry.npmjs.org/aria-query cache-miss
1033 http fetch GET 200 https://registry.npmjs.org/object.fromentries 44ms (cache miss)
1034 silly packumentCache full:https://registry.npmjs.org/object.fromentries set size:undefined disposed:false
1035 silly fetch manifest array-includes@^3.1.8
1036 silly packumentCache full:https://registry.npmjs.org/array-includes cache-miss
1037 http fetch GET 200 https://registry.npmjs.org/array-includes 8ms (cache hit)
1038 silly packumentCache full:https://registry.npmjs.org/array-includes set size:77143 disposed:false
1039 silly fetch manifest array.prototype.flatmap@^1.3.2
1040 silly packumentCache full:https://registry.npmjs.org/array.prototype.flatmap cache-miss
1041 http fetch GET 200 https://registry.npmjs.org/doctrine 88ms (cache miss)
1042 silly packumentCache full:https://registry.npmjs.org/doctrine set size:undefined disposed:false
1043 silly fetch manifest ast-types-flow@^0.0.8
1044 silly packumentCache full:https://registry.npmjs.org/ast-types-flow cache-miss
1045 http fetch GET 200 https://registry.npmjs.org/array.prototype.flatmap 13ms (cache hit)
1046 silly packumentCache full:https://registry.npmjs.org/array.prototype.flatmap set size:51458 disposed:false
1047 silly fetch manifest axe-core@^4.10.0
1048 silly packumentCache full:https://registry.npmjs.org/axe-core cache-miss
1049 http fetch GET 200 https://registry.npmjs.org/object.groupby 59ms (cache miss)
1050 silly packumentCache full:https://registry.npmjs.org/object.groupby set size:undefined disposed:false
1051 silly fetch manifest axobject-query@^4.1.0
1052 silly packumentCache full:https://registry.npmjs.org/axobject-query cache-miss
1053 http fetch GET 200 https://registry.npmjs.org/semver 53ms (cache miss)
1054 silly packumentCache full:https://registry.npmjs.org/semver set size:undefined disposed:false
1055 silly fetch manifest damerau-levenshtein@^1.0.8
1056 silly packumentCache full:https://registry.npmjs.org/damerau-levenshtein cache-miss
1057 http fetch GET 200 https://registry.npmjs.org/eslint-module-utils 101ms (cache miss)
1058 silly packumentCache full:https://registry.npmjs.org/eslint-module-utils set size:undefined disposed:false
1059 silly fetch manifest emoji-regex@^9.2.2
1060 silly packumentCache full:https://registry.npmjs.org/emoji-regex cache-miss
1061 http fetch GET 200 https://registry.npmjs.org/aria-query 44ms (cache miss)
1062 silly packumentCache full:https://registry.npmjs.org/aria-query set size:undefined disposed:false
1063 silly fetch manifest hasown@^2.0.2
1064 silly packumentCache full:https://registry.npmjs.org/hasown cache-miss
1065 http fetch GET 200 https://registry.npmjs.org/object.values 76ms (cache miss)
1066 silly packumentCache full:https://registry.npmjs.org/object.values set size:undefined disposed:false
1067 silly fetch manifest jsx-ast-utils@^3.3.5
1068 silly packumentCache full:https://registry.npmjs.org/jsx-ast-utils cache-miss
1069 http fetch GET 200 https://registry.npmjs.org/hasown 126ms (cache miss)
1070 silly packumentCache full:https://registry.npmjs.org/hasown set size:undefined disposed:false
1071 silly fetch manifest language-tags@^1.0.9
1072 silly packumentCache full:https://registry.npmjs.org/language-tags cache-miss
1073 http fetch GET 200 https://registry.npmjs.org/@rtsao%2fscc 196ms (cache miss)
1074 silly packumentCache full:https://registry.npmjs.org/@rtsao%2fscc set size:undefined disposed:false
1075 silly fetch manifest safe-regex-test@^1.0.3
1076 silly packumentCache full:https://registry.npmjs.org/safe-regex-test cache-miss
1077 http fetch GET 200 https://registry.npmjs.org/string.prototype.trimend 90ms (cache miss)
1078 silly packumentCache full:https://registry.npmjs.org/string.prototype.trimend set size:undefined disposed:false
1079 silly fetch manifest string.prototype.includes@^2.0.1
1080 silly packumentCache full:https://registry.npmjs.org/string.prototype.includes cache-miss
1081 http fetch GET 200 https://registry.npmjs.org/ast-types-flow 52ms (cache miss)
1082 silly packumentCache full:https://registry.npmjs.org/ast-types-flow set size:undefined disposed:false
1083 silly fetch manifest array.prototype.findlast@^1.2.5
1084 silly packumentCache full:https://registry.npmjs.org/array.prototype.findlast cache-miss
1085 http fetch GET 200 https://registry.npmjs.org/hasown 38ms (cache miss)
1086 silly packumentCache full:https://registry.npmjs.org/hasown set size:undefined disposed:false
1087 silly fetch manifest array.prototype.tosorted@^1.1.4
1088 silly packumentCache full:https://registry.npmjs.org/array.prototype.tosorted cache-miss
1089 http fetch GET 200 https://registry.npmjs.org/damerau-levenshtein 51ms (cache miss)
1090 silly packumentCache full:https://registry.npmjs.org/damerau-levenshtein set size:undefined disposed:false
1091 silly fetch manifest es-iterator-helpers@^1.2.1
1092 silly packumentCache full:https://registry.npmjs.org/es-iterator-helpers cache-miss
1093 http fetch GET 200 https://registry.npmjs.org/tsconfig-paths 98ms (cache miss)
1094 silly packumentCache full:https://registry.npmjs.org/tsconfig-paths set size:undefined disposed:false
1095 silly fetch manifest estraverse@^5.3.0
1096 silly packumentCache full:https://registry.npmjs.org/estraverse cache-miss
1097 http fetch GET 200 https://registry.npmjs.org/emoji-regex 53ms (cache miss)
1098 silly packumentCache full:https://registry.npmjs.org/emoji-regex set size:undefined disposed:false
1099 silly fetch manifest jsx-ast-utils@^2.4.1 || ^3.0.0
1100 silly packumentCache full:https://registry.npmjs.org/jsx-ast-utils cache-miss
1101 http fetch GET 200 https://registry.npmjs.org/estraverse 6ms (cache hit)
1102 silly packumentCache full:https://registry.npmjs.org/estraverse set size:62412 disposed:false
1103 silly fetch manifest object.entries@^1.1.9
1104 silly packumentCache full:https://registry.npmjs.org/object.entries cache-miss
1105 http fetch GET 200 https://registry.npmjs.org/axobject-query 86ms (cache miss)
1106 silly packumentCache full:https://registry.npmjs.org/axobject-query set size:undefined disposed:false
1107 silly fetch manifest resolve@^2.0.0-next.5
1108 silly packumentCache full:https://registry.npmjs.org/resolve cache-miss
1109 http fetch GET 200 https://registry.npmjs.org/array.prototype.findlast 44ms (cache miss)
1110 silly packumentCache full:https://registry.npmjs.org/array.prototype.findlast set size:undefined disposed:false
1111 silly fetch manifest string.prototype.matchall@^4.0.12
1112 silly packumentCache full:https://registry.npmjs.org/string.prototype.matchall cache-miss
1113 http fetch GET 200 https://registry.npmjs.org/resolve 10ms (cache hit)
1114 silly packumentCache full:https://registry.npmjs.org/resolve set size:246681 disposed:false
1115 silly fetch manifest string.prototype.repeat@^1.0.0
1116 silly packumentCache full:https://registry.npmjs.org/string.prototype.repeat cache-miss
1117 http fetch GET 200 https://registry.npmjs.org/jsx-ast-utils 89ms (cache miss)
1118 silly packumentCache full:https://registry.npmjs.org/jsx-ast-utils set size:undefined disposed:false
1119 silly fetch manifest zod@^3.25.0 || ^4.0.0
1120 silly packumentCache full:https://registry.npmjs.org/zod cache-miss
1121 http fetch GET 200 https://registry.npmjs.org/es-iterator-helpers 58ms (cache miss)
1122 silly packumentCache full:https://registry.npmjs.org/es-iterator-helpers set size:undefined disposed:false
1123 silly fetch manifest @babel/core@^7.24.4
1124 silly packumentCache full:https://registry.npmjs.org/@babel%2fcore cache-miss
1125 http fetch GET 200 https://registry.npmjs.org/array.prototype.tosorted 91ms (cache miss)
1126 silly packumentCache full:https://registry.npmjs.org/array.prototype.tosorted set size:undefined disposed:false
1127 silly fetch manifest hermes-parser@^0.25.1
1128 silly packumentCache full:https://registry.npmjs.org/hermes-parser cache-miss
1129 http fetch GET 200 https://registry.npmjs.org/string.prototype.includes 158ms (cache miss)
1130 silly packumentCache full:https://registry.npmjs.org/string.prototype.includes set size:undefined disposed:false
1131 silly fetch manifest zod-validation-error@^3.5.0 || ^4.0.0
1132 silly packumentCache full:https://registry.npmjs.org/zod-validation-error cache-miss
1133 http fetch GET 200 https://registry.npmjs.org/language-tags 172ms (cache miss)
1134 silly packumentCache full:https://registry.npmjs.org/language-tags set size:undefined disposed:false
1135 silly fetch manifest @typescript-eslint/utils@8.50.1
1136 silly packumentCache full:https://registry.npmjs.org/@typescript-eslint%2futils cache-miss
1137 http fetch GET 200 https://registry.npmjs.org/string.prototype.matchall 120ms (cache miss)
1138 silly packumentCache full:https://registry.npmjs.org/string.prototype.matchall set size:undefined disposed:false
1139 silly fetch manifest @typescript-eslint/parser@8.50.1
1140 silly packumentCache full:https://registry.npmjs.org/@typescript-eslint%2fparser cache-miss
1141 http fetch GET 200 https://registry.npmjs.org/safe-regex-test 195ms (cache miss)
1142 silly packumentCache full:https://registry.npmjs.org/safe-regex-test set size:undefined disposed:false
1143 silly fetch manifest @typescript-eslint/eslint-plugin@8.50.1
1144 silly packumentCache full:https://registry.npmjs.org/@typescript-eslint%2feslint-plugin cache-miss
1145 http fetch GET 200 https://registry.npmjs.org/object.entries 165ms (cache miss)
1146 silly packumentCache full:https://registry.npmjs.org/object.entries set size:undefined disposed:false
1147 silly fetch manifest @typescript-eslint/typescript-estree@8.50.1
1148 silly packumentCache full:https://registry.npmjs.org/@typescript-eslint%2ftypescript-estree cache-miss
1149 http fetch GET 200 https://registry.npmjs.org/string.prototype.repeat 141ms (cache miss)
1150 silly packumentCache full:https://registry.npmjs.org/string.prototype.repeat set size:undefined disposed:false
1151 http fetch GET 200 https://registry.npmjs.org/jsx-ast-utils 177ms (cache miss)
1152 silly packumentCache full:https://registry.npmjs.org/jsx-ast-utils set size:undefined disposed:false
1153 http fetch GET 200 https://registry.npmjs.org/zod-validation-error 54ms (cache miss)
1154 silly packumentCache full:https://registry.npmjs.org/zod-validation-error set size:undefined disposed:false
1155 http fetch GET 200 https://registry.npmjs.org/hermes-parser 137ms (cache miss)
1156 silly packumentCache full:https://registry.npmjs.org/hermes-parser set size:undefined disposed:false
1157 http fetch GET 200 https://registry.npmjs.org/@babel%2fcore 154ms (cache miss)
1158 silly packumentCache full:https://registry.npmjs.org/@babel%2fcore set size:undefined disposed:false
1159 http fetch GET 200 https://registry.npmjs.org/zod 275ms (cache miss)
1160 silly packumentCache full:https://registry.npmjs.org/zod set size:undefined disposed:false
1161 http fetch GET 200 https://registry.npmjs.org/axe-core 619ms (cache miss)
1162 silly packumentCache full:https://registry.npmjs.org/axe-core set size:undefined disposed:false
1163 http fetch GET 200 https://registry.npmjs.org/@typescript-eslint%2futils 555ms (cache miss)
1164 silly packumentCache full:https://registry.npmjs.org/@typescript-eslint%2futils set size:undefined disposed:false
1165 http fetch GET 200 https://registry.npmjs.org/@typescript-eslint%2fparser 699ms (cache miss)
1166 silly packumentCache full:https://registry.npmjs.org/@typescript-eslint%2fparser set size:undefined disposed:false
1167 http fetch GET 200 https://registry.npmjs.org/@typescript-eslint%2ftypescript-estree 873ms (cache miss)
1168 silly packumentCache full:https://registry.npmjs.org/@typescript-eslint%2ftypescript-estree set size:undefined disposed:false
1169 http fetch GET 200 https://registry.npmjs.org/@typescript-eslint%2feslint-plugin 1032ms (cache miss)
1170 silly packumentCache full:https://registry.npmjs.org/@typescript-eslint%2feslint-plugin set size:undefined disposed:false
1171 silly placeDep ROOT fast-glob@3.3.1 OK for: @next/eslint-plugin-next@16.1.1 want: 3.3.1
1172 silly fetch manifest merge2@^1.3.0
1173 silly packumentCache full:https://registry.npmjs.org/merge2 cache-miss
1174 silly fetch manifest micromatch@^4.0.4
1175 silly packumentCache full:https://registry.npmjs.org/micromatch cache-miss
1176 silly fetch manifest glob-parent@^5.1.2
1177 silly packumentCache full:https://registry.npmjs.org/glob-parent cache-miss
1178 silly fetch manifest @nodelib/fs.stat@^2.0.2
1179 silly packumentCache full:https://registry.npmjs.org/@nodelib%2ffs.stat cache-miss
1180 silly fetch manifest @nodelib/fs.walk@^1.2.3
1181 silly packumentCache full:https://registry.npmjs.org/@nodelib%2ffs.walk cache-miss
1182 http fetch GET 200 https://registry.npmjs.org/glob-parent 10ms (cache hit)
1183 silly packumentCache full:https://registry.npmjs.org/glob-parent set size:42445 disposed:false
1184 http fetch GET 200 https://registry.npmjs.org/micromatch 41ms (cache miss)
1185 silly packumentCache full:https://registry.npmjs.org/micromatch set size:undefined disposed:false
1186 http fetch GET 200 https://registry.npmjs.org/merge2 46ms (cache miss)
1187 silly packumentCache full:https://registry.npmjs.org/merge2 set size:undefined disposed:false
1188 http fetch GET 200 https://registry.npmjs.org/@nodelib%2ffs.walk 79ms (cache miss)
1189 silly packumentCache full:https://registry.npmjs.org/@nodelib%2ffs.walk set size:undefined disposed:false
1190 http fetch GET 200 https://registry.npmjs.org/@nodelib%2ffs.stat 135ms (cache miss)
1191 silly packumentCache full:https://registry.npmjs.org/@nodelib%2ffs.stat set size:undefined disposed:false
1192 silly placeDep node_modules/eslint-import-resolver-node debug@3.2.7 OK for: eslint-import-resolver-node@0.3.9 want: ^3.2.7
1193 silly placeDep ROOT is-core-module@2.16.1 OK for: eslint-import-resolver-node@0.3.9 want: ^2.13.0
1194 silly placeDep ROOT @nolyfill/is-core-module@1.0.39 OK for: eslint-import-resolver-typescript@3.10.1 want: 1.0.39
1195 silly placeDep ROOT get-tsconfig@4.13.0 OK for: eslint-import-resolver-typescript@3.10.1 want: ^4.10.0
1196 silly placeDep ROOT is-bun-module@2.0.0 OK for: eslint-import-resolver-typescript@3.10.1 want: ^2.0.0
1197 silly placeDep ROOT stable-hash@0.0.5 OK for: eslint-import-resolver-typescript@3.10.1 want: ^0.0.5
1198 silly placeDep ROOT tinyglobby@0.2.15 OK for: eslint-import-resolver-typescript@3.10.1 want: ^0.2.13
1199 silly placeDep ROOT unrs-resolver@1.11.1 OK for: eslint-import-resolver-typescript@3.10.1 want: ^1.6.2
1200 silly fetch manifest resolve-pkg-maps@^1.0.0
1201 silly packumentCache full:https://registry.npmjs.org/resolve-pkg-maps cache-miss
1202 silly fetch manifest semver@^7.7.1
1203 silly packumentCache full:https://registry.npmjs.org/semver cache-miss
1204 silly fetch manifest fdir@^6.5.0
1205 silly packumentCache full:https://registry.npmjs.org/fdir cache-miss
1206 silly fetch manifest picomatch@^4.0.3
1207 silly packumentCache full:https://registry.npmjs.org/picomatch cache-miss
1208 silly fetch manifest napi-postinstall@^0.3.0
1209 silly packumentCache full:https://registry.npmjs.org/napi-postinstall cache-miss
1210 silly fetch manifest @unrs/resolver-binding-win32-x64-msvc@1.11.1
1211 silly packumentCache full:https://registry.npmjs.org/@unrs%2fresolver-binding-win32-x64-msvc cache-miss
1212 silly fetch manifest @unrs/resolver-binding-win32-arm64-msvc@1.11.1
1213 silly packumentCache full:https://registry.npmjs.org/@unrs%2fresolver-binding-win32-arm64-msvc cache-miss
1214 silly fetch manifest @unrs/resolver-binding-win32-ia32-msvc@1.11.1
1215 silly packumentCache full:https://registry.npmjs.org/@unrs%2fresolver-binding-win32-ia32-msvc cache-miss
1216 silly fetch manifest @unrs/resolver-binding-linux-x64-gnu@1.11.1
1217 silly packumentCache full:https://registry.npmjs.org/@unrs%2fresolver-binding-linux-x64-gnu cache-miss
1218 silly fetch manifest @unrs/resolver-binding-linux-x64-musl@1.11.1
1219 silly packumentCache full:https://registry.npmjs.org/@unrs%2fresolver-binding-linux-x64-musl cache-miss
1220 silly fetch manifest @unrs/resolver-binding-freebsd-x64@1.11.1
1221 silly packumentCache full:https://registry.npmjs.org/@unrs%2fresolver-binding-freebsd-x64 cache-miss
1222 http fetch GET 200 https://registry.npmjs.org/semver 15ms (cache hit)
1223 silly packumentCache full:https://registry.npmjs.org/semver set size:226907 disposed:false
1224 silly fetch manifest @unrs/resolver-binding-android-arm64@1.11.1
1225 silly packumentCache full:https://registry.npmjs.org/@unrs%2fresolver-binding-android-arm64 cache-miss
1226 http fetch GET 200 https://registry.npmjs.org/picomatch 41ms (cache miss)
1227 silly packumentCache full:https://registry.npmjs.org/picomatch set size:undefined disposed:false
1228 silly fetch manifest @unrs/resolver-binding-linux-arm64-gnu@1.11.1
1229 silly packumentCache full:https://registry.npmjs.org/@unrs%2fresolver-binding-linux-arm64-gnu cache-miss
1230 http fetch GET 200 https://registry.npmjs.org/napi-postinstall 50ms (cache miss)
1231 silly packumentCache full:https://registry.npmjs.org/napi-postinstall set size:undefined disposed:false
1232 silly fetch manifest @unrs/resolver-binding-linux-arm64-musl@1.11.1
1233 silly packumentCache full:https://registry.npmjs.org/@unrs%2fresolver-binding-linux-arm64-musl cache-miss
1234 http fetch GET 200 https://registry.npmjs.org/@unrs%2fresolver-binding-linux-x64-gnu 58ms (cache miss)
1235 silly packumentCache full:https://registry.npmjs.org/@unrs%2fresolver-binding-linux-x64-gnu set size:undefined disposed:false
1236 silly fetch manifest @unrs/resolver-binding-android-arm-eabi@1.11.1
1237 silly packumentCache full:https://registry.npmjs.org/@unrs%2fresolver-binding-android-arm-eabi cache-miss
1238 http fetch GET 200 https://registry.npmjs.org/@unrs%2fresolver-binding-freebsd-x64 59ms (cache miss)
1239 silly packumentCache full:https://registry.npmjs.org/@unrs%2fresolver-binding-freebsd-x64 set size:undefined disposed:false
1240 silly fetch manifest @unrs/resolver-binding-linux-arm-gnueabihf@1.11.1
1241 silly packumentCache full:https://registry.npmjs.org/@unrs%2fresolver-binding-linux-arm-gnueabihf cache-miss
1242 http fetch GET 200 https://registry.npmjs.org/fdir 81ms (cache miss)
1243 silly packumentCache full:https://registry.npmjs.org/fdir set size:undefined disposed:false
1244 silly fetch manifest @unrs/resolver-binding-linux-arm-musleabihf@1.11.1
1245 silly packumentCache full:https://registry.npmjs.org/@unrs%2fresolver-binding-linux-arm-musleabihf cache-miss
1246 http fetch GET 200 https://registry.npmjs.org/@unrs%2fresolver-binding-linux-arm64-musl 51ms (cache miss)
1247 silly packumentCache full:https://registry.npmjs.org/@unrs%2fresolver-binding-linux-arm64-musl set size:undefined disposed:false
1248 silly fetch manifest @unrs/resolver-binding-linux-ppc64-gnu@1.11.1
1249 silly packumentCache full:https://registry.npmjs.org/@unrs%2fresolver-binding-linux-ppc64-gnu cache-miss
1250 http fetch GET 200 https://registry.npmjs.org/@unrs%2fresolver-binding-android-arm-eabi 53ms (cache miss)
1251 silly packumentCache full:https://registry.npmjs.org/@unrs%2fresolver-binding-android-arm-eabi set size:undefined disposed:false
1252 silly fetch manifest @unrs/resolver-binding-linux-riscv64-gnu@1.11.1
1253 silly packumentCache full:https://registry.npmjs.org/@unrs%2fresolver-binding-linux-riscv64-gnu cache-miss
1254 http fetch GET 200 https://registry.npmjs.org/@unrs%2fresolver-binding-linux-x64-musl 116ms (cache miss)
1255 silly packumentCache full:https://registry.npmjs.org/@unrs%2fresolver-binding-linux-x64-musl set size:undefined disposed:false
1256 silly fetch manifest @unrs/resolver-binding-linux-riscv64-musl@1.11.1
1257 silly packumentCache full:https://registry.npmjs.org/@unrs%2fresolver-binding-linux-riscv64-musl cache-miss
1258 http fetch GET 200 https://registry.npmjs.org/resolve-pkg-maps 128ms (cache miss)
1259 silly packumentCache full:https://registry.npmjs.org/resolve-pkg-maps set size:undefined disposed:false
1260 silly fetch manifest @unrs/resolver-binding-linux-s390x-gnu@1.11.1
1261 silly packumentCache full:https://registry.npmjs.org/@unrs%2fresolver-binding-linux-s390x-gnu cache-miss
1262 http fetch GET 200 https://registry.npmjs.org/@unrs%2fresolver-binding-linux-arm64-gnu 86ms (cache miss)
1263 silly packumentCache full:https://registry.npmjs.org/@unrs%2fresolver-binding-linux-arm64-gnu set size:undefined disposed:false
1264 silly fetch manifest @unrs/resolver-binding-darwin-x64@1.11.1
1265 silly packumentCache full:https://registry.npmjs.org/@unrs%2fresolver-binding-darwin-x64 cache-miss
1266 http fetch GET 200 https://registry.npmjs.org/@unrs%2fresolver-binding-android-arm64 117ms (cache miss)
1267 silly packumentCache full:https://registry.npmjs.org/@unrs%2fresolver-binding-android-arm64 set size:undefined disposed:false
1268 silly fetch manifest @unrs/resolver-binding-darwin-arm64@1.11.1
1269 silly packumentCache full:https://registry.npmjs.org/@unrs%2fresolver-binding-darwin-arm64 cache-miss
1270 http fetch GET 200 https://registry.npmjs.org/@unrs%2fresolver-binding-win32-x64-msvc 143ms (cache miss)
1271 silly packumentCache full:https://registry.npmjs.org/@unrs%2fresolver-binding-win32-x64-msvc set size:undefined disposed:false
1272 silly fetch manifest @unrs/resolver-binding-wasm32-wasi@1.11.1
1273 silly packumentCache full:https://registry.npmjs.org/@unrs%2fresolver-binding-wasm32-wasi cache-miss
1274 http fetch GET 200 https://registry.npmjs.org/@unrs%2fresolver-binding-linux-arm-gnueabihf 98ms (cache miss)
1275 silly packumentCache full:https://registry.npmjs.org/@unrs%2fresolver-binding-linux-arm-gnueabihf set size:undefined disposed:false
1276 http fetch GET 200 https://registry.npmjs.org/@unrs%2fresolver-binding-linux-riscv64-musl 162ms (cache miss)
1277 silly packumentCache full:https://registry.npmjs.org/@unrs%2fresolver-binding-linux-riscv64-musl set size:undefined disposed:false
1278 http fetch GET 200 https://registry.npmjs.org/@unrs%2fresolver-binding-wasm32-wasi 139ms (cache miss)
1279 silly packumentCache full:https://registry.npmjs.org/@unrs%2fresolver-binding-wasm32-wasi set size:undefined disposed:false
1280 http fetch GET 200 https://registry.npmjs.org/@unrs%2fresolver-binding-linux-ppc64-gnu 181ms (cache miss)
1281 silly packumentCache full:https://registry.npmjs.org/@unrs%2fresolver-binding-linux-ppc64-gnu set size:undefined disposed:false
1282 http fetch GET 200 https://registry.npmjs.org/@unrs%2fresolver-binding-darwin-arm64 154ms (cache miss)
1283 silly packumentCache full:https://registry.npmjs.org/@unrs%2fresolver-binding-darwin-arm64 set size:undefined disposed:false
1284 http fetch GET 200 https://registry.npmjs.org/@unrs%2fresolver-binding-win32-ia32-msvc 290ms (cache miss)
1285 silly packumentCache full:https://registry.npmjs.org/@unrs%2fresolver-binding-win32-ia32-msvc set size:undefined disposed:false
1286 http fetch GET 200 https://registry.npmjs.org/@unrs%2fresolver-binding-win32-arm64-msvc 292ms (cache miss)
1287 silly packumentCache full:https://registry.npmjs.org/@unrs%2fresolver-binding-win32-arm64-msvc set size:undefined disposed:false
1288 http fetch GET 200 https://registry.npmjs.org/@unrs%2fresolver-binding-linux-riscv64-gnu 179ms (cache miss)
1289 silly packumentCache full:https://registry.npmjs.org/@unrs%2fresolver-binding-linux-riscv64-gnu set size:undefined disposed:false
1290 http fetch GET 200 https://registry.npmjs.org/@unrs%2fresolver-binding-linux-arm-musleabihf 222ms (cache miss)
1291 silly packumentCache full:https://registry.npmjs.org/@unrs%2fresolver-binding-linux-arm-musleabihf set size:undefined disposed:false
1292 http fetch GET 200 https://registry.npmjs.org/@unrs%2fresolver-binding-linux-s390x-gnu 199ms (cache miss)
1293 silly packumentCache full:https://registry.npmjs.org/@unrs%2fresolver-binding-linux-s390x-gnu set size:undefined disposed:false
1294 http fetch GET 200 https://registry.npmjs.org/@unrs%2fresolver-binding-darwin-x64 199ms (cache miss)
1295 silly packumentCache full:https://registry.npmjs.org/@unrs%2fresolver-binding-darwin-x64 set size:undefined disposed:false
1296 silly placeDep ROOT @rtsao/scc@1.1.0 OK for: eslint-plugin-import@2.32.0 want: ^1.1.0
1297 silly placeDep ROOT array-includes@3.1.9 OK for: eslint-plugin-import@2.32.0 want: ^3.1.9
1298 silly placeDep ROOT array.prototype.findlastindex@1.2.6 OK for: eslint-plugin-import@2.32.0 want: ^1.2.6
1299 silly placeDep ROOT array.prototype.flat@1.3.3 OK for: eslint-plugin-import@2.32.0 want: ^1.3.3
1300 silly placeDep ROOT array.prototype.flatmap@1.3.3 OK for: eslint-plugin-import@2.32.0 want: ^1.3.3
1301 silly placeDep node_modules/eslint-plugin-import debug@3.2.7 OK for: eslint-plugin-import@2.32.0 want: ^3.2.7
1302 silly placeDep ROOT doctrine@2.1.0 OK for: eslint-plugin-import@2.32.0 want: ^2.1.0
1303 silly placeDep ROOT eslint-module-utils@2.12.1 OK for: eslint-plugin-import@2.32.0 want: ^2.12.1
1304 silly placeDep ROOT hasown@2.0.2 OK for: eslint-plugin-import@2.32.0 want: ^2.0.2
1305 silly placeDep ROOT object.fromentries@2.0.8 OK for: eslint-plugin-import@2.32.0 want: ^2.0.8
1306 silly placeDep ROOT object.groupby@1.0.3 OK for: eslint-plugin-import@2.32.0 want: ^1.0.3
1307 silly placeDep ROOT object.values@1.2.1 OK for: eslint-plugin-import@2.32.0 want: ^1.2.1
1308 silly placeDep ROOT semver@6.3.1 OK for: eslint-plugin-import@2.32.0 want: ^6.3.1
1309 silly placeDep ROOT string.prototype.trimend@1.0.9 OK for: eslint-plugin-import@2.32.0 want: ^1.0.9
1310 silly placeDep ROOT tsconfig-paths@3.15.0 OK for: eslint-plugin-import@2.32.0 want: ^3.15.0
1311 silly fetch manifest call-bind@^1.0.8
1312 silly packumentCache full:https://registry.npmjs.org/call-bind cache-miss
1313 silly fetch manifest call-bound@^1.0.4
1314 silly packumentCache full:https://registry.npmjs.org/call-bound cache-miss
1315 silly fetch manifest define-properties@^1.2.1
1316 silly packumentCache full:https://registry.npmjs.org/define-properties cache-miss
1317 silly fetch manifest es-abstract@^1.24.0
1318 silly packumentCache full:https://registry.npmjs.org/es-abstract cache-miss
1319 silly fetch manifest es-object-atoms@^1.1.1
1320 silly packumentCache full:https://registry.npmjs.org/es-object-atoms cache-miss
1321 silly fetch manifest get-intrinsic@^1.3.0
1322 silly packumentCache full:https://registry.npmjs.org/get-intrinsic cache-miss
1323 silly fetch manifest is-string@^1.1.1
1324 silly packumentCache full:https://registry.npmjs.org/is-string cache-miss
1325 silly fetch manifest math-intrinsics@^1.1.0
1326 silly packumentCache full:https://registry.npmjs.org/math-intrinsics cache-miss
1327 silly fetch manifest call-bind@^1.0.8
1328 silly packumentCache full:https://registry.npmjs.org/call-bind cache-miss
1329 silly fetch manifest call-bound@^1.0.4
1330 silly packumentCache full:https://registry.npmjs.org/call-bound cache-miss
1331 silly fetch manifest define-properties@^1.2.1
1332 silly packumentCache full:https://registry.npmjs.org/define-properties cache-miss
1333 http fetch GET 200 https://registry.npmjs.org/es-object-atoms 45ms (cache miss)
1334 silly packumentCache full:https://registry.npmjs.org/es-object-atoms set size:undefined disposed:false
1335 silly fetch manifest es-abstract@^1.23.9
1336 silly packumentCache full:https://registry.npmjs.org/es-abstract cache-miss
1337 http fetch GET 200 https://registry.npmjs.org/is-string 52ms (cache miss)
1338 silly packumentCache full:https://registry.npmjs.org/is-string set size:undefined disposed:false
1339 silly fetch manifest es-errors@^1.3.0
1340 silly packumentCache full:https://registry.npmjs.org/es-errors cache-miss
1341 http fetch GET 200 https://registry.npmjs.org/math-intrinsics 80ms (cache miss)
1342 silly packumentCache full:https://registry.npmjs.org/math-intrinsics set size:undefined disposed:false
1343 silly fetch manifest es-shim-unscopables@^1.1.0
1344 silly packumentCache full:https://registry.npmjs.org/es-shim-unscopables cache-miss
1345 http fetch GET 200 https://registry.npmjs.org/call-bind 88ms (cache miss)
1346 silly packumentCache full:https://registry.npmjs.org/call-bind set size:undefined disposed:false
1347 silly fetch manifest define-properties@^1.2.1
1348 silly packumentCache full:https://registry.npmjs.org/define-properties cache-miss
1349 http fetch GET 200 https://registry.npmjs.org/get-intrinsic 95ms (cache miss)
1350 silly packumentCache full:https://registry.npmjs.org/get-intrinsic set size:undefined disposed:false
1351 silly fetch manifest es-abstract@^1.23.5
1352 silly packumentCache full:https://registry.npmjs.org/es-abstract cache-miss
1353 http fetch GET 200 https://registry.npmjs.org/define-properties 93ms (cache miss)
1354 silly packumentCache full:https://registry.npmjs.org/define-properties set size:undefined disposed:false
1355 silly fetch manifest es-shim-unscopables@^1.0.2
1356 silly packumentCache full:https://registry.npmjs.org/es-shim-unscopables cache-miss
1357 http fetch GET 200 https://registry.npmjs.org/call-bound 108ms (cache miss)
1358 silly packumentCache full:https://registry.npmjs.org/call-bound set size:undefined disposed:false
1359 silly fetch manifest es-abstract@^1.23.5
1360 silly packumentCache full:https://registry.npmjs.org/es-abstract cache-miss
1361 http fetch GET 200 https://registry.npmjs.org/call-bind 109ms (cache miss)
1362 silly packumentCache full:https://registry.npmjs.org/call-bind set size:undefined disposed:false
1363 silly fetch manifest es-shim-unscopables@^1.0.2
1364 silly packumentCache full:https://registry.npmjs.org/es-shim-unscopables cache-miss
1365 http fetch GET 200 https://registry.npmjs.org/call-bound 109ms (cache miss)
1366 silly packumentCache full:https://registry.npmjs.org/call-bound set size:undefined disposed:false
1367 silly fetch manifest function-bind@^1.1.2
1368 silly packumentCache full:https://registry.npmjs.org/function-bind cache-miss
1369 http fetch GET 200 https://registry.npmjs.org/define-properties 118ms (cache miss)
1370 silly packumentCache full:https://registry.npmjs.org/define-properties set size:undefined disposed:false
1371 silly fetch manifest call-bind@^1.0.7
1372 silly packumentCache full:https://registry.npmjs.org/call-bind cache-miss
1373 http fetch GET 200 https://registry.npmjs.org/es-abstract 122ms (cache miss)
1374 silly packumentCache full:https://registry.npmjs.org/es-abstract set size:undefined disposed:false
1375 silly fetch manifest es-abstract@^1.23.2
1376 silly packumentCache full:https://registry.npmjs.org/es-abstract cache-miss
1377 http fetch GET 200 https://registry.npmjs.org/es-shim-unscopables 47ms (cache miss)
1378 silly packumentCache full:https://registry.npmjs.org/es-shim-unscopables set size:undefined disposed:false
1379 silly fetch manifest es-object-atoms@^1.0.0
1380 silly packumentCache full:https://registry.npmjs.org/es-object-atoms cache-miss
1381 http fetch GET 200 https://registry.npmjs.org/call-bind 14ms (cache hit)
1382 silly packumentCache full:https://registry.npmjs.org/call-bind set size:30096 disposed:false
1383 silly fetch manifest es-abstract@^1.23.2
1384 silly packumentCache full:https://registry.npmjs.org/es-abstract cache-miss
1385 http fetch GET 200 https://registry.npmjs.org/es-abstract 11ms (cache hit)
1386 silly packumentCache full:https://registry.npmjs.org/es-abstract set size:378584 disposed:false
1387 silly fetch manifest call-bound@^1.0.3
1388 silly packumentCache full:https://registry.npmjs.org/call-bound cache-miss
1389 http fetch GET 200 https://registry.npmjs.org/es-object-atoms 13ms (cache hit)
1390 silly packumentCache full:https://registry.npmjs.org/es-object-atoms set size:15304 disposed:false
1391 silly fetch manifest call-bound@^1.0.2
1392 silly packumentCache full:https://registry.npmjs.org/call-bound cache-miss
1393 http fetch GET 200 https://registry.npmjs.org/es-abstract 14ms (cache hit)
1394 silly packumentCache full:https://registry.npmjs.org/es-abstract set size:378584 disposed:false
1395 silly packumentCache full:https://registry.npmjs.org/es-abstract dispose
1396 silly fetch manifest json5@^1.0.2
1397 silly packumentCache full:https://registry.npmjs.org/json5 cache-miss
1398 http fetch GET 200 https://registry.npmjs.org/call-bound 22ms (cache hit)
1399 silly packumentCache full:https://registry.npmjs.org/call-bound set size:15317 disposed:false
1400 silly fetch manifest minimist@^1.2.6
1401 silly packumentCache full:https://registry.npmjs.org/minimist cache-miss
1402 http fetch GET 200 https://registry.npmjs.org/call-bound 24ms (cache hit)
1403 silly packumentCache full:https://registry.npmjs.org/call-bound set size:15317 disposed:false
1404 silly packumentCache full:https://registry.npmjs.org/call-bound dispose
1405 silly fetch manifest strip-bom@^3.0.0
1406 silly packumentCache full:https://registry.npmjs.org/strip-bom cache-miss
1407 http fetch GET 200 https://registry.npmjs.org/es-shim-unscopables 73ms (cache miss)
1408 silly packumentCache full:https://registry.npmjs.org/es-shim-unscopables set size:undefined disposed:false
1409 silly fetch manifest @types/json5@^0.0.29
1410 silly packumentCache full:https://registry.npmjs.org/@types%2fjson5 cache-miss
1411 http fetch GET 200 https://registry.npmjs.org/es-shim-unscopables 64ms (cache miss)
1412 silly packumentCache full:https://registry.npmjs.org/es-shim-unscopables set size:undefined disposed:false
1413 http fetch GET 200 https://registry.npmjs.org/function-bind 63ms (cache miss)
1414 silly packumentCache full:https://registry.npmjs.org/function-bind set size:undefined disposed:false
1415 http fetch GET 200 https://registry.npmjs.org/es-abstract 133ms (cache miss)
1416 silly packumentCache full:https://registry.npmjs.org/es-abstract set size:undefined disposed:true
1417 silly packumentCache full:https://registry.npmjs.org/es-abstract dispose
1418 http fetch GET 200 https://registry.npmjs.org/es-errors 128ms (cache miss)
1419 silly packumentCache full:https://registry.npmjs.org/es-errors set size:undefined disposed:false
1420 http fetch GET 200 https://registry.npmjs.org/define-properties 97ms (cache miss)
1421 silly packumentCache full:https://registry.npmjs.org/define-properties set size:undefined disposed:false
1422 http fetch GET 200 https://registry.npmjs.org/json5 34ms (cache miss)
1423 silly packumentCache full:https://registry.npmjs.org/json5 set size:undefined disposed:false
1424 http fetch GET 200 https://registry.npmjs.org/es-abstract 85ms (cache miss)
1425 silly packumentCache full:https://registry.npmjs.org/es-abstract set size:undefined disposed:true
1426 http fetch GET 200 https://registry.npmjs.org/minimist 37ms (cache miss)
1427 silly packumentCache full:https://registry.npmjs.org/minimist set size:undefined disposed:false
1428 http fetch GET 200 https://registry.npmjs.org/strip-bom 32ms (cache miss)
1429 silly packumentCache full:https://registry.npmjs.org/strip-bom set size:undefined disposed:false
1430 http fetch GET 200 https://registry.npmjs.org/es-abstract 121ms (cache miss)
1431 silly packumentCache full:https://registry.npmjs.org/es-abstract set size:undefined disposed:false
1432 http fetch GET 200 https://registry.npmjs.org/@types%2fjson5 57ms (cache miss)
1433 silly packumentCache full:https://registry.npmjs.org/@types%2fjson5 set size:undefined disposed:false
1434 silly placeDep ROOT call-bind@1.0.8 OK for: array-includes@3.1.9 want: ^1.0.8
1435 silly placeDep ROOT call-bound@1.0.4 OK for: array-includes@3.1.9 want: ^1.0.4
1436 silly placeDep ROOT define-properties@1.2.1 OK for: array-includes@3.1.9 want: ^1.2.1
1437 silly placeDep ROOT es-abstract@1.24.1 OK for: array-includes@3.1.9 want: ^1.24.0
1438 silly placeDep ROOT es-object-atoms@1.1.1 OK for: array-includes@3.1.9 want: ^1.1.1
1439 silly placeDep ROOT get-intrinsic@1.3.0 OK for: array-includes@3.1.9 want: ^1.3.0
1440 silly placeDep ROOT is-string@1.1.1 OK for: array-includes@3.1.9 want: ^1.1.1
1441 silly placeDep ROOT math-intrinsics@1.1.0 OK for: array-includes@3.1.9 want: ^1.1.0
1442 silly fetch manifest call-bind-apply-helpers@^1.0.0
1443 silly packumentCache full:https://registry.npmjs.org/call-bind-apply-helpers cache-miss
1444 silly fetch manifest es-define-property@^1.0.0
1445 silly packumentCache full:https://registry.npmjs.org/es-define-property cache-miss
1446 silly fetch manifest get-intrinsic@^1.2.4
1447 silly packumentCache full:https://registry.npmjs.org/get-intrinsic cache-miss
1448 silly fetch manifest set-function-length@^1.2.2
1449 silly packumentCache full:https://registry.npmjs.org/set-function-length cache-miss
1450 silly fetch manifest call-bind-apply-helpers@^1.0.2
1451 silly packumentCache full:https://registry.npmjs.org/call-bind-apply-helpers cache-miss
1452 silly fetch manifest define-data-property@^1.0.1
1453 silly packumentCache full:https://registry.npmjs.org/define-data-property cache-miss
1454 silly fetch manifest has-property-descriptors@^1.0.0
1455 silly packumentCache full:https://registry.npmjs.org/has-property-descriptors cache-miss
1456 silly fetch manifest object-keys@^1.1.1
1457 silly packumentCache full:https://registry.npmjs.org/object-keys cache-miss
1458 silly fetch manifest array-buffer-byte-length@^1.0.2
1459 silly packumentCache full:https://registry.npmjs.org/array-buffer-byte-length cache-miss
1460 silly fetch manifest arraybuffer.prototype.slice@^1.0.4
1461 silly packumentCache full:https://registry.npmjs.org/arraybuffer.prototype.slice cache-miss
1462 silly fetch manifest available-typed-arrays@^1.0.7
1463 silly packumentCache full:https://registry.npmjs.org/available-typed-arrays cache-miss
1464 http fetch GET 200 https://registry.npmjs.org/get-intrinsic 14ms (cache hit)
1465 silly packumentCache full:https://registry.npmjs.org/get-intrinsic set size:60985 disposed:false
1466 silly fetch manifest data-view-buffer@^1.0.2
1467 silly packumentCache full:https://registry.npmjs.org/data-view-buffer cache-miss
1468 http fetch GET 200 https://registry.npmjs.org/array-buffer-byte-length 33ms (cache miss)
1469 silly packumentCache full:https://registry.npmjs.org/array-buffer-byte-length set size:undefined disposed:false
1470 silly fetch manifest data-view-byte-length@^1.0.2
1471 silly packumentCache full:https://registry.npmjs.org/data-view-byte-length cache-miss
1472 http fetch GET 200 https://registry.npmjs.org/has-property-descriptors 44ms (cache miss)
1473 silly packumentCache full:https://registry.npmjs.org/has-property-descriptors set size:undefined disposed:false
1474 silly fetch manifest data-view-byte-offset@^1.0.1
1475 silly packumentCache full:https://registry.npmjs.org/data-view-byte-offset cache-miss
1476 http fetch GET 200 https://registry.npmjs.org/call-bind-apply-helpers 52ms (cache miss)
1477 silly packumentCache full:https://registry.npmjs.org/call-bind-apply-helpers set size:undefined disposed:false
1478 silly fetch manifest es-define-property@^1.0.1
1479 silly packumentCache full:https://registry.npmjs.org/es-define-property cache-miss
1480 http fetch GET 200 https://registry.npmjs.org/call-bind-apply-helpers 60ms (cache miss)
1481 silly packumentCache full:https://registry.npmjs.org/call-bind-apply-helpers set size:undefined disposed:false
1482 silly fetch manifest es-set-tostringtag@^2.1.0
1483 silly packumentCache full:https://registry.npmjs.org/es-set-tostringtag cache-miss
1484 http fetch GET 200 https://registry.npmjs.org/available-typed-arrays 56ms (cache miss)
1485 silly packumentCache full:https://registry.npmjs.org/available-typed-arrays set size:undefined disposed:false
1486 silly fetch manifest es-to-primitive@^1.3.0
1487 silly packumentCache full:https://registry.npmjs.org/es-to-primitive cache-miss
1488 http fetch GET 200 https://registry.npmjs.org/set-function-length 81ms (cache miss)
1489 silly packumentCache full:https://registry.npmjs.org/set-function-length set size:undefined disposed:false
1490 silly fetch manifest function.prototype.name@^1.1.8
1491 silly packumentCache full:https://registry.npmjs.org/function.prototype.name cache-miss
1492 http fetch GET 200 https://registry.npmjs.org/data-view-byte-length 49ms (cache miss)
1493 silly packumentCache full:https://registry.npmjs.org/data-view-byte-length set size:undefined disposed:false
1494 silly fetch manifest get-proto@^1.0.1
1495 silly packumentCache full:https://registry.npmjs.org/get-proto cache-miss
1496 http fetch GET 200 https://registry.npmjs.org/define-data-property 87ms (cache miss)
1497 silly packumentCache full:https://registry.npmjs.org/define-data-property set size:undefined disposed:false
1498 silly fetch manifest get-symbol-description@^1.1.0
1499 silly packumentCache full:https://registry.npmjs.org/get-symbol-description cache-miss
1500 http fetch GET 200 https://registry.npmjs.org/data-view-byte-offset 56ms (cache miss)
1501 silly packumentCache full:https://registry.npmjs.org/data-view-byte-offset set size:undefined disposed:false
1502 silly fetch manifest globalthis@^1.0.4
1503 silly packumentCache full:https://registry.npmjs.org/globalthis cache-miss
1504 http fetch GET 200 https://registry.npmjs.org/arraybuffer.prototype.slice 102ms (cache miss)
1505 silly packumentCache full:https://registry.npmjs.org/arraybuffer.prototype.slice set size:undefined disposed:false
1506 silly fetch manifest gopd@^1.2.0
1507 silly packumentCache full:https://registry.npmjs.org/gopd cache-miss
1508 http fetch GET 200 https://registry.npmjs.org/data-view-buffer 93ms (cache miss)
1509 silly packumentCache full:https://registry.npmjs.org/data-view-buffer set size:undefined disposed:false
1510 silly fetch manifest has-property-descriptors@^1.0.2
1511 silly packumentCache full:https://registry.npmjs.org/has-property-descriptors cache-miss
1512 http fetch GET 200 https://registry.npmjs.org/es-set-tostringtag 49ms (cache miss)
1513 silly packumentCache full:https://registry.npmjs.org/es-set-tostringtag set size:undefined disposed:false
1514 silly fetch manifest has-proto@^1.2.0
1515 silly packumentCache full:https://registry.npmjs.org/has-proto cache-miss
1516 http fetch GET 200 https://registry.npmjs.org/es-define-property 58ms (cache miss)
1517 silly packumentCache full:https://registry.npmjs.org/es-define-property set size:undefined disposed:false
1518 silly fetch manifest has-symbols@^1.1.0
1519 silly packumentCache full:https://registry.npmjs.org/has-symbols cache-miss
1520 http fetch GET 200 https://registry.npmjs.org/object-keys 113ms (cache miss)
1521 silly packumentCache full:https://registry.npmjs.org/object-keys set size:undefined disposed:false
1522 silly fetch manifest internal-slot@^1.1.0
1523 silly packumentCache full:https://registry.npmjs.org/internal-slot cache-miss
1524 http fetch GET 200 https://registry.npmjs.org/es-define-property 122ms (cache miss)
1525 silly packumentCache full:https://registry.npmjs.org/es-define-property set size:undefined disposed:false
1526 silly fetch manifest is-array-buffer@^3.0.5
1527 silly packumentCache full:https://registry.npmjs.org/is-array-buffer cache-miss
1528 http fetch GET 200 https://registry.npmjs.org/has-property-descriptors 12ms (cache hit)
1529 silly packumentCache full:https://registry.npmjs.org/has-property-descriptors set size:12452 disposed:false
1530 silly fetch manifest is-callable@^1.2.7
1531 silly packumentCache full:https://registry.npmjs.org/is-callable cache-miss
1532 http fetch GET 200 https://registry.npmjs.org/get-proto 46ms (cache miss)
1533 silly packumentCache full:https://registry.npmjs.org/get-proto set size:undefined disposed:false
1534 silly fetch manifest is-data-view@^1.0.2
1535 silly packumentCache full:https://registry.npmjs.org/is-data-view cache-miss
1536 http fetch GET 200 https://registry.npmjs.org/get-symbol-description 54ms (cache miss)
1537 silly packumentCache full:https://registry.npmjs.org/get-symbol-description set size:undefined disposed:false
1538 silly fetch manifest is-negative-zero@^2.0.3
1539 silly packumentCache full:https://registry.npmjs.org/is-negative-zero cache-miss
1540 http fetch GET 200 https://registry.npmjs.org/gopd 39ms (cache miss)
1541 silly packumentCache full:https://registry.npmjs.org/gopd set size:undefined disposed:false
1542 silly fetch manifest is-regex@^1.2.1
1543 silly packumentCache full:https://registry.npmjs.org/is-regex cache-miss
1544 http fetch GET 200 https://registry.npmjs.org/es-to-primitive 92ms (cache miss)
1545 silly packumentCache full:https://registry.npmjs.org/es-to-primitive set size:undefined disposed:false
1546 silly fetch manifest is-set@^2.0.3
1547 silly packumentCache full:https://registry.npmjs.org/is-set cache-miss
1548 http fetch GET 200 https://registry.npmjs.org/has-symbols 45ms (cache miss)
1549 silly packumentCache full:https://registry.npmjs.org/has-symbols set size:undefined disposed:false
1550 silly fetch manifest is-shared-array-buffer@^1.0.4
1551 silly packumentCache full:https://registry.npmjs.org/is-shared-array-buffer cache-miss
1552 http fetch GET 200 https://registry.npmjs.org/function.prototype.name 78ms (cache miss)
1553 silly packumentCache full:https://registry.npmjs.org/function.prototype.name set size:undefined disposed:false
1554 silly fetch manifest is-typed-array@^1.1.15
1555 silly packumentCache full:https://registry.npmjs.org/is-typed-array cache-miss
1556 http fetch GET 200 https://registry.npmjs.org/is-callable 41ms (cache miss)
1557 silly packumentCache full:https://registry.npmjs.org/is-callable set size:undefined disposed:false
1558 silly fetch manifest is-weakref@^1.1.1
1559 silly packumentCache full:https://registry.npmjs.org/is-weakref cache-miss
1560 http fetch GET 200 https://registry.npmjs.org/is-data-view 32ms (cache miss)
1561 silly packumentCache full:https://registry.npmjs.org/is-data-view set size:undefined disposed:false
1562 silly fetch manifest object-inspect@^1.13.4
1563 silly packumentCache full:https://registry.npmjs.org/object-inspect cache-miss
1564 http fetch GET 200 https://registry.npmjs.org/is-array-buffer 63ms (cache miss)
1565 silly packumentCache full:https://registry.npmjs.org/is-array-buffer set size:undefined disposed:false
1566 silly fetch manifest object.assign@^4.1.7
1567 silly packumentCache full:https://registry.npmjs.org/object.assign cache-miss
1568 http fetch GET 200 https://registry.npmjs.org/has-proto 99ms (cache miss)
1569 silly packumentCache full:https://registry.npmjs.org/has-proto set size:undefined disposed:false
1570 silly fetch manifest own-keys@^1.0.1
1571 silly packumentCache full:https://registry.npmjs.org/own-keys cache-miss
1572 http fetch GET 200 https://registry.npmjs.org/is-negative-zero 68ms (cache miss)
1573 silly packumentCache full:https://registry.npmjs.org/is-negative-zero set size:undefined disposed:false
1574 silly fetch manifest regexp.prototype.flags@^1.5.4
1575 silly packumentCache full:https://registry.npmjs.org/regexp.prototype.flags cache-miss
1576 http fetch GET 200 https://registry.npmjs.org/globalthis 112ms (cache miss)
1577 silly packumentCache full:https://registry.npmjs.org/globalthis set size:undefined disposed:false
1578 silly fetch manifest safe-array-concat@^1.1.3
1579 silly packumentCache full:https://registry.npmjs.org/safe-array-concat cache-miss
1580 http fetch GET 200 https://registry.npmjs.org/is-regex 71ms (cache miss)
1581 silly packumentCache full:https://registry.npmjs.org/is-regex set size:undefined disposed:false
1582 silly fetch manifest safe-push-apply@^1.0.0
1583 silly packumentCache full:https://registry.npmjs.org/safe-push-apply cache-miss
1584 http fetch GET 200 https://registry.npmjs.org/internal-slot 102ms (cache miss)
1585 silly packumentCache full:https://registry.npmjs.org/internal-slot set size:undefined disposed:false
1586 silly fetch manifest safe-regex-test@^1.1.0
1587 silly packumentCache full:https://registry.npmjs.org/safe-regex-test cache-miss
1588 http fetch GET 200 https://registry.npmjs.org/is-shared-array-buffer 64ms (cache miss)
1589 silly packumentCache full:https://registry.npmjs.org/is-shared-array-buffer set size:undefined disposed:false
1590 silly fetch manifest set-proto@^1.0.0
1591 silly packumentCache full:https://registry.npmjs.org/set-proto cache-miss
1592 http fetch GET 200 https://registry.npmjs.org/object-inspect 56ms (cache miss)
1593 silly packumentCache full:https://registry.npmjs.org/object-inspect set size:undefined disposed:false
1594 silly fetch manifest stop-iteration-iterator@^1.1.0
1595 silly packumentCache full:https://registry.npmjs.org/stop-iteration-iterator cache-miss
1596 http fetch GET 200 https://registry.npmjs.org/is-typed-array 66ms (cache miss)
1597 silly packumentCache full:https://registry.npmjs.org/is-typed-array set size:undefined disposed:false
1598 silly fetch manifest string.prototype.trim@^1.2.10
1599 silly packumentCache full:https://registry.npmjs.org/string.prototype.trim cache-miss
1600 http fetch GET 200 https://registry.npmjs.org/safe-regex-test 13ms (cache hit)
1601 silly packumentCache full:https://registry.npmjs.org/safe-regex-test set size:17412 disposed:false
1602 silly fetch manifest string.prototype.trimstart@^1.0.8
1603 silly packumentCache full:https://registry.npmjs.org/string.prototype.trimstart cache-miss
1604 http fetch GET 200 https://registry.npmjs.org/set-proto 46ms (cache miss)
1605 silly packumentCache full:https://registry.npmjs.org/set-proto set size:undefined disposed:false
1606 silly fetch manifest typed-array-buffer@^1.0.3
1607 silly packumentCache full:https://registry.npmjs.org/typed-array-buffer cache-miss
1608 http fetch GET 200 https://registry.npmjs.org/safe-push-apply 51ms (cache miss)
1609 silly packumentCache full:https://registry.npmjs.org/safe-push-apply set size:undefined disposed:false
1610 silly fetch manifest typed-array-byte-length@^1.0.3
1611 silly packumentCache full:https://registry.npmjs.org/typed-array-byte-length cache-miss
1612 http fetch GET 200 https://registry.npmjs.org/is-weakref 108ms (cache miss)
1613 silly packumentCache full:https://registry.npmjs.org/is-weakref set size:undefined disposed:false
1614 silly fetch manifest typed-array-byte-offset@^1.0.4
1615 silly packumentCache full:https://registry.npmjs.org/typed-array-byte-offset cache-miss
1616 http fetch GET 200 https://registry.npmjs.org/own-keys 94ms (cache miss)
1617 silly packumentCache full:https://registry.npmjs.org/own-keys set size:undefined disposed:false
1618 silly fetch manifest typed-array-length@^1.0.7
1619 silly packumentCache full:https://registry.npmjs.org/typed-array-length cache-miss
1620 http fetch GET 200 https://registry.npmjs.org/stop-iteration-iterator 79ms (cache miss)
1621 silly packumentCache full:https://registry.npmjs.org/stop-iteration-iterator set size:undefined disposed:false
1622 silly fetch manifest unbox-primitive@^1.1.0
1623 silly packumentCache full:https://registry.npmjs.org/unbox-primitive cache-miss
1624 http fetch GET 200 https://registry.npmjs.org/string.prototype.trimstart 72ms (cache miss)
1625 silly packumentCache full:https://registry.npmjs.org/string.prototype.trimstart set size:undefined disposed:false
1626 silly fetch manifest which-typed-array@^1.1.19
1627 silly packumentCache full:https://registry.npmjs.org/which-typed-array cache-miss
1628 http fetch GET 200 https://registry.npmjs.org/is-set 153ms (cache miss)
1629 silly packumentCache full:https://registry.npmjs.org/is-set set size:undefined disposed:false
1630 silly fetch manifest has-tostringtag@^1.0.2
1631 silly packumentCache full:https://registry.npmjs.org/has-tostringtag cache-miss
1632 http fetch GET 200 https://registry.npmjs.org/regexp.prototype.flags 98ms (cache miss)
1633 silly packumentCache full:https://registry.npmjs.org/regexp.prototype.flags set size:undefined disposed:false
1634 http fetch GET 200 https://registry.npmjs.org/object.assign 131ms (cache miss)
1635 silly packumentCache full:https://registry.npmjs.org/object.assign set size:undefined disposed:false
1636 http fetch GET 200 https://registry.npmjs.org/safe-array-concat 104ms (cache miss)
1637 silly packumentCache full:https://registry.npmjs.org/safe-array-concat set size:undefined disposed:false
1638 http fetch GET 200 https://registry.npmjs.org/string.prototype.trim 92ms (cache miss)
1639 silly packumentCache full:https://registry.npmjs.org/string.prototype.trim set size:undefined disposed:false
1640 http fetch GET 200 https://registry.npmjs.org/typed-array-buffer 54ms (cache miss)
1641 silly packumentCache full:https://registry.npmjs.org/typed-array-buffer set size:undefined disposed:false
1642 http fetch GET 200 https://registry.npmjs.org/typed-array-byte-length 59ms (cache miss)
1643 silly packumentCache full:https://registry.npmjs.org/typed-array-byte-length set size:undefined disposed:false
1644 http fetch GET 200 https://registry.npmjs.org/has-tostringtag 46ms (cache miss)
1645 silly packumentCache full:https://registry.npmjs.org/has-tostringtag set size:undefined disposed:false
1646 http fetch GET 200 https://registry.npmjs.org/typed-array-byte-offset 84ms (cache miss)
1647 silly packumentCache full:https://registry.npmjs.org/typed-array-byte-offset set size:undefined disposed:false
1648 http fetch GET 200 https://registry.npmjs.org/unbox-primitive 58ms (cache miss)
1649 silly packumentCache full:https://registry.npmjs.org/unbox-primitive set size:undefined disposed:false
1650 http fetch GET 200 https://registry.npmjs.org/which-typed-array 120ms (cache miss)
1651 silly packumentCache full:https://registry.npmjs.org/which-typed-array set size:undefined disposed:false
1652 http fetch GET 200 https://registry.npmjs.org/typed-array-length 210ms (cache miss)
1653 silly packumentCache full:https://registry.npmjs.org/typed-array-length set size:undefined disposed:false
1654 silly placeDep ROOT es-errors@1.3.0 OK for: array.prototype.findlastindex@1.2.6 want: ^1.3.0
1655 silly placeDep ROOT es-shim-unscopables@1.1.0 OK for: array.prototype.findlastindex@1.2.6 want: ^1.1.0
1656 silly placeDep ROOT call-bind-apply-helpers@1.0.2 OK for: call-bind@1.0.8 want: ^1.0.0
1657 silly placeDep ROOT es-define-property@1.0.1 OK for: call-bind@1.0.8 want: ^1.0.0
1658 silly placeDep ROOT set-function-length@1.2.2 OK for: call-bind@1.0.8 want: ^1.2.2
1659 silly fetch manifest define-data-property@^1.1.4
1660 silly packumentCache full:https://registry.npmjs.org/define-data-property cache-miss
1661 silly fetch manifest gopd@^1.0.1
1662 silly packumentCache full:https://registry.npmjs.org/gopd cache-miss
1663 http fetch GET 200 https://registry.npmjs.org/gopd 3ms (cache hit)
1664 silly packumentCache full:https://registry.npmjs.org/gopd set size:11458 disposed:false
1665 http fetch GET 200 https://registry.npmjs.org/define-data-property 4ms (cache hit)
1666 silly packumentCache full:https://registry.npmjs.org/define-data-property set size:28048 disposed:false
1667 silly placeDep ROOT function-bind@1.1.2 OK for: call-bind-apply-helpers@1.0.2 want: ^1.1.2
1668 silly placeDep ROOT define-data-property@1.1.4 OK for: define-properties@1.2.1 want: ^1.0.1
1669 silly placeDep ROOT has-property-descriptors@1.0.2 OK for: define-properties@1.2.1 want: ^1.0.0
1670 silly placeDep ROOT object-keys@1.1.1 OK for: define-properties@1.2.1 want: ^1.1.1
1671 silly placeDep ROOT gopd@1.2.0 OK for: define-data-property@1.1.4 want: ^1.0.1
1672 silly placeDep ROOT array-buffer-byte-length@1.0.2 OK for: es-abstract@1.24.1 want: ^1.0.2
1673 silly placeDep ROOT arraybuffer.prototype.slice@1.0.4 OK for: es-abstract@1.24.1 want: ^1.0.4
1674 silly placeDep ROOT available-typed-arrays@1.0.7 OK for: es-abstract@1.24.1 want: ^1.0.7
1675 silly placeDep ROOT data-view-buffer@1.0.2 OK for: es-abstract@1.24.1 want: ^1.0.2
1676 silly placeDep ROOT data-view-byte-length@1.0.2 OK for: es-abstract@1.24.1 want: ^1.0.2
1677 silly placeDep ROOT data-view-byte-offset@1.0.1 OK for: es-abstract@1.24.1 want: ^1.0.1
1678 silly placeDep ROOT es-set-tostringtag@2.1.0 OK for: es-abstract@1.24.1 want: ^2.1.0
1679 silly placeDep ROOT es-to-primitive@1.3.0 OK for: es-abstract@1.24.1 want: ^1.3.0
1680 silly placeDep ROOT function.prototype.name@1.1.8 OK for: es-abstract@1.24.1 want: ^1.1.8
1681 silly placeDep ROOT get-proto@1.0.1 OK for: es-abstract@1.24.1 want: ^1.0.1
1682 silly placeDep ROOT get-symbol-description@1.1.0 OK for: es-abstract@1.24.1 want: ^1.1.0
1683 silly placeDep ROOT globalthis@1.0.4 OK for: es-abstract@1.24.1 want: ^1.0.4
1684 silly placeDep ROOT has-proto@1.2.0 OK for: es-abstract@1.24.1 want: ^1.2.0
1685 silly placeDep ROOT has-symbols@1.1.0 OK for: es-abstract@1.24.1 want: ^1.1.0
1686 silly placeDep ROOT internal-slot@1.1.0 OK for: es-abstract@1.24.1 want: ^1.1.0
1687 silly placeDep ROOT is-array-buffer@3.0.5 OK for: es-abstract@1.24.1 want: ^3.0.5
1688 silly placeDep ROOT is-callable@1.2.7 OK for: es-abstract@1.24.1 want: ^1.2.7
1689 silly placeDep ROOT is-data-view@1.0.2 OK for: es-abstract@1.24.1 want: ^1.0.2
1690 silly placeDep ROOT is-negative-zero@2.0.3 OK for: es-abstract@1.24.1 want: ^2.0.3
1691 silly placeDep ROOT is-regex@1.2.1 OK for: es-abstract@1.24.1 want: ^1.2.1
1692 silly placeDep ROOT is-set@2.0.3 OK for: es-abstract@1.24.1 want: ^2.0.3
1693 silly placeDep ROOT is-shared-array-buffer@1.0.4 OK for: es-abstract@1.24.1 want: ^1.0.4
1694 silly placeDep ROOT is-typed-array@1.1.15 OK for: es-abstract@1.24.1 want: ^1.1.15
1695 silly placeDep ROOT is-weakref@1.1.1 OK for: es-abstract@1.24.1 want: ^1.1.1
1696 silly placeDep ROOT object-inspect@1.13.4 OK for: es-abstract@1.24.1 want: ^1.13.4
1697 silly placeDep ROOT object.assign@4.1.7 OK for: es-abstract@1.24.1 want: ^4.1.7
1698 silly placeDep ROOT own-keys@1.0.1 OK for: es-abstract@1.24.1 want: ^1.0.1
1699 silly placeDep ROOT regexp.prototype.flags@1.5.4 OK for: es-abstract@1.24.1 want: ^1.5.4
1700 silly placeDep ROOT safe-array-concat@1.1.3 OK for: es-abstract@1.24.1 want: ^1.1.3
1701 silly placeDep ROOT safe-push-apply@1.0.0 OK for: es-abstract@1.24.1 want: ^1.0.0
1702 silly placeDep ROOT safe-regex-test@1.1.0 OK for: es-abstract@1.24.1 want: ^1.1.0
1703 silly placeDep ROOT set-proto@1.0.0 OK for: es-abstract@1.24.1 want: ^1.0.0
1704 silly placeDep ROOT stop-iteration-iterator@1.1.0 OK for: es-abstract@1.24.1 want: ^1.1.0
1705 silly placeDep ROOT string.prototype.trim@1.2.10 OK for: es-abstract@1.24.1 want: ^1.2.10
1706 silly placeDep ROOT string.prototype.trimstart@1.0.8 OK for: es-abstract@1.24.1 want: ^1.0.8
1707 silly placeDep ROOT typed-array-buffer@1.0.3 OK for: es-abstract@1.24.1 want: ^1.0.3
1708 silly placeDep ROOT typed-array-byte-length@1.0.3 OK for: es-abstract@1.24.1 want: ^1.0.3
1709 silly placeDep ROOT typed-array-byte-offset@1.0.4 OK for: es-abstract@1.24.1 want: ^1.0.4
1710 silly placeDep ROOT typed-array-length@1.0.7 OK for: es-abstract@1.24.1 want: ^1.0.7
1711 silly placeDep ROOT unbox-primitive@1.1.0 OK for: es-abstract@1.24.1 want: ^1.1.0
1712 silly placeDep ROOT which-typed-array@1.1.19 OK for: es-abstract@1.24.1 want: ^1.1.19
1713 silly fetch manifest is-array-buffer@^3.0.4
1714 silly packumentCache full:https://registry.npmjs.org/is-array-buffer cache-miss
1715 silly fetch manifest possible-typed-array-names@^1.0.0
1716 silly packumentCache full:https://registry.npmjs.org/possible-typed-array-names cache-miss
1717 silly fetch manifest is-data-view@^1.0.1
1718 silly packumentCache full:https://registry.npmjs.org/is-data-view cache-miss
1719 silly fetch manifest is-date-object@^1.0.5
1720 silly packumentCache full:https://registry.npmjs.org/is-date-object cache-miss
1721 silly fetch manifest is-symbol@^1.0.4
1722 silly packumentCache full:https://registry.npmjs.org/is-symbol cache-miss
1723 silly fetch manifest functions-have-names@^1.2.3
1724 silly packumentCache full:https://registry.npmjs.org/functions-have-names cache-miss
1725 silly fetch manifest dunder-proto@^1.0.1
1726 silly packumentCache full:https://registry.npmjs.org/dunder-proto cache-miss
1727 silly fetch manifest dunder-proto@^1.0.0
1728 silly packumentCache full:https://registry.npmjs.org/dunder-proto cache-miss
1729 silly fetch manifest side-channel@^1.1.0
1730 silly packumentCache full:https://registry.npmjs.org/side-channel cache-miss
1731 silly fetch manifest is-typed-array@^1.1.13
1732 silly packumentCache full:https://registry.npmjs.org/is-typed-array cache-miss
1733 silly fetch manifest which-typed-array@^1.1.16
1734 silly packumentCache full:https://registry.npmjs.org/which-typed-array cache-miss
1735 http fetch GET 200 https://registry.npmjs.org/is-array-buffer 18ms (cache hit)
1736 silly packumentCache full:https://registry.npmjs.org/is-array-buffer set size:33562 disposed:false
1737 silly fetch manifest set-function-name@^2.0.2
1738 silly packumentCache full:https://registry.npmjs.org/set-function-name cache-miss
1739 http fetch GET 200 https://registry.npmjs.org/is-typed-array 13ms (cache hit)
1740 silly packumentCache full:https://registry.npmjs.org/is-typed-array set size:79965 disposed:false
1741 silly fetch manifest isarray@^2.0.5
1742 silly packumentCache full:https://registry.npmjs.org/isarray cache-miss
1743 http fetch GET 200 https://registry.npmjs.org/is-data-view 25ms (cache hit)
1744 silly packumentCache full:https://registry.npmjs.org/is-data-view set size:13756 disposed:false
1745 silly fetch manifest isarray@^2.0.5
1746 silly packumentCache full:https://registry.npmjs.org/isarray cache-miss
1747 http fetch GET 200 https://registry.npmjs.org/which-typed-array 20ms (cache hit)
1748 silly packumentCache full:https://registry.npmjs.org/which-typed-array set size:89701 disposed:false
1749 silly fetch manifest dunder-proto@^1.0.1
1750 silly packumentCache full:https://registry.npmjs.org/dunder-proto cache-miss
1751 http fetch GET 200 https://registry.npmjs.org/is-date-object 32ms (cache miss)
1752 silly packumentCache full:https://registry.npmjs.org/is-date-object set size:undefined disposed:false
1753 silly fetch manifest for-each@^0.3.3
1754 silly packumentCache full:https://registry.npmjs.org/for-each cache-miss
1755 http fetch GET 200 https://registry.npmjs.org/dunder-proto 52ms (cache miss)
1756 silly packumentCache full:https://registry.npmjs.org/dunder-proto set size:undefined disposed:false
1757 silly fetch manifest for-each@^0.3.3
1758 silly packumentCache full:https://registry.npmjs.org/for-each cache-miss
1759 http fetch GET 200 https://registry.npmjs.org/dunder-proto 54ms (cache miss)
1760 silly packumentCache full:https://registry.npmjs.org/dunder-proto set size:undefined disposed:false
1761 silly fetch manifest reflect.getprototypeof@^1.0.9
1762 silly packumentCache full:https://registry.npmjs.org/reflect.getprototypeof cache-miss
1763 http fetch GET 200 https://registry.npmjs.org/side-channel 57ms (cache miss)
1764 silly packumentCache full:https://registry.npmjs.org/side-channel set size:undefined disposed:false
1765 silly fetch manifest for-each@^0.3.3
1766 silly packumentCache full:https://registry.npmjs.org/for-each cache-miss
1767 http fetch GET 200 https://registry.npmjs.org/is-symbol 64ms (cache miss)
1768 silly packumentCache full:https://registry.npmjs.org/is-symbol set size:undefined disposed:false
1769 silly fetch manifest possible-typed-array-names@^1.0.0
1770 silly packumentCache full:https://registry.npmjs.org/possible-typed-array-names cache-miss
1771 http fetch GET 200 https://registry.npmjs.org/isarray 53ms (cache miss)
1772 silly packumentCache full:https://registry.npmjs.org/isarray set size:undefined disposed:false
1773 silly fetch manifest reflect.getprototypeof@^1.0.6
1774 silly packumentCache full:https://registry.npmjs.org/reflect.getprototypeof cache-miss
1775 http fetch GET 200 https://registry.npmjs.org/isarray 52ms (cache miss)
1776 silly packumentCache full:https://registry.npmjs.org/isarray set size:undefined disposed:false
1777 silly fetch manifest has-bigints@^1.0.2
1778 silly packumentCache full:https://registry.npmjs.org/has-bigints cache-miss
1779 http fetch GET 200 https://registry.npmjs.org/set-function-name 63ms (cache miss)
1780 silly packumentCache full:https://registry.npmjs.org/set-function-name set size:undefined disposed:false
1781 silly fetch manifest which-boxed-primitive@^1.1.1
1782 silly packumentCache full:https://registry.npmjs.org/which-boxed-primitive cache-miss
1783 http fetch GET 200 https://registry.npmjs.org/for-each 48ms (cache miss)
1784 silly packumentCache full:https://registry.npmjs.org/for-each set size:undefined disposed:false
1785 silly fetch manifest for-each@^0.3.5
1786 silly packumentCache full:https://registry.npmjs.org/for-each cache-miss
1787 http fetch GET 200 https://registry.npmjs.org/for-each 4ms (cache hit)
1788 silly packumentCache full:https://registry.npmjs.org/for-each set size:14327 disposed:false
1789 http fetch GET 200 https://registry.npmjs.org/functions-have-names 88ms (cache miss)
1790 silly packumentCache full:https://registry.npmjs.org/functions-have-names set size:undefined disposed:false
1791 http fetch GET 200 https://registry.npmjs.org/possible-typed-array-names 99ms (cache miss)
1792 silly packumentCache full:https://registry.npmjs.org/possible-typed-array-names set size:undefined disposed:false
1793 http fetch GET 200 https://registry.npmjs.org/for-each 40ms (cache miss)
1794 silly packumentCache full:https://registry.npmjs.org/for-each set size:undefined disposed:false
1795 silly packumentCache full:https://registry.npmjs.org/for-each dispose
1796 http fetch GET 200 https://registry.npmjs.org/for-each 47ms (cache miss)
1797 silly packumentCache full:https://registry.npmjs.org/for-each set size:undefined disposed:true
1798 http fetch GET 200 https://registry.npmjs.org/dunder-proto 77ms (cache miss)
1799 silly packumentCache full:https://registry.npmjs.org/dunder-proto set size:undefined disposed:false
1800 http fetch GET 200 https://registry.npmjs.org/possible-typed-array-names 38ms (cache miss)
1801 silly packumentCache full:https://registry.npmjs.org/possible-typed-array-names set size:undefined disposed:false
1802 http fetch GET 200 https://registry.npmjs.org/reflect.getprototypeof 47ms (cache miss)
1803 silly packumentCache full:https://registry.npmjs.org/reflect.getprototypeof set size:undefined disposed:false
1804 http fetch GET 200 https://registry.npmjs.org/has-bigints 43ms (cache miss)
1805 silly packumentCache full:https://registry.npmjs.org/has-bigints set size:undefined disposed:false
1806 http fetch GET 200 https://registry.npmjs.org/reflect.getprototypeof 59ms (cache miss)
1807 silly packumentCache full:https://registry.npmjs.org/reflect.getprototypeof set size:undefined disposed:false
1808 http fetch GET 200 https://registry.npmjs.org/which-boxed-primitive 71ms (cache miss)
1809 silly packumentCache full:https://registry.npmjs.org/which-boxed-primitive set size:undefined disposed:false
1810 silly placeDep ROOT possible-typed-array-names@1.1.0 OK for: available-typed-arrays@1.0.7 want: ^1.0.0
1811 silly placeDep ROOT has-tostringtag@1.0.2 OK for: es-set-tostringtag@2.1.0 want: ^1.0.2
1812 silly placeDep ROOT is-date-object@1.1.0 OK for: es-to-primitive@1.3.0 want: ^1.0.5
1813 silly placeDep ROOT is-symbol@1.1.1 OK for: es-to-primitive@1.3.0 want: ^1.0.4
1814 silly placeDep node_modules/eslint-module-utils debug@3.2.7 OK for: eslint-module-utils@2.12.1 want: ^3.2.7
1815 silly placeDep ROOT aria-query@5.3.2 OK for: eslint-plugin-jsx-a11y@6.10.2 want: ^5.3.2
1816 silly placeDep ROOT ast-types-flow@0.0.8 OK for: eslint-plugin-jsx-a11y@6.10.2 want: ^0.0.8
1817 silly placeDep ROOT axe-core@4.11.0 OK for: eslint-plugin-jsx-a11y@6.10.2 want: ^4.10.0
1818 silly placeDep ROOT axobject-query@4.1.0 OK for: eslint-plugin-jsx-a11y@6.10.2 want: ^4.1.0
1819 silly placeDep ROOT damerau-levenshtein@1.0.8 OK for: eslint-plugin-jsx-a11y@6.10.2 want: ^1.0.8
1820 silly placeDep ROOT emoji-regex@9.2.2 OK for: eslint-plugin-jsx-a11y@6.10.2 want: ^9.2.2
1821 silly placeDep ROOT jsx-ast-utils@3.3.5 OK for: eslint-plugin-jsx-a11y@6.10.2 want: ^3.3.5
1822 silly placeDep ROOT language-tags@1.0.9 OK for: eslint-plugin-jsx-a11y@6.10.2 want: ^1.0.9
1823 silly placeDep ROOT string.prototype.includes@2.0.1 OK for: eslint-plugin-jsx-a11y@6.10.2 want: ^2.0.1
1824 silly fetch manifest language-subtag-registry@^0.3.20
1825 silly packumentCache full:https://registry.npmjs.org/language-subtag-registry cache-miss
1826 http fetch GET 200 https://registry.npmjs.org/language-subtag-registry 85ms (cache miss)
1827 silly packumentCache full:https://registry.npmjs.org/language-subtag-registry set size:undefined disposed:false
1828 silly placeDep ROOT array.prototype.findlast@1.2.5 OK for: eslint-plugin-react@7.37.5 want: ^1.2.5
1829 silly placeDep ROOT array.prototype.tosorted@1.1.4 OK for: eslint-plugin-react@7.37.5 want: ^1.1.4
1830 silly placeDep ROOT es-iterator-helpers@1.2.2 OK for: eslint-plugin-react@7.37.5 want: ^1.2.1
1831 silly placeDep ROOT estraverse@5.3.0 OK for: eslint-plugin-react@7.37.5 want: ^5.3.0
1832 silly placeDep ROOT object.entries@1.1.9 OK for: eslint-plugin-react@7.37.5 want: ^1.1.9
1833 silly placeDep node_modules/eslint-plugin-react resolve@2.0.0-next.5 OK for: eslint-plugin-react@7.37.5 want: ^2.0.0-next.5
1834 silly placeDep ROOT string.prototype.matchall@4.0.12 OK for: eslint-plugin-react@7.37.5 want: ^4.0.12
1835 silly placeDep ROOT string.prototype.repeat@1.0.0 OK for: eslint-plugin-react@7.37.5 want: ^1.0.0
1836 silly fetch manifest iterator.prototype@^1.1.5
1837 silly packumentCache full:https://registry.npmjs.org/iterator.prototype cache-miss
1838 http fetch GET 200 https://registry.npmjs.org/iterator.prototype 140ms (cache miss)
1839 silly packumentCache full:https://registry.npmjs.org/iterator.prototype set size:undefined disposed:false
1840 silly placeDep ROOT iterator.prototype@1.1.5 OK for: es-iterator-helpers@1.2.2 want: ^1.1.5
1841 silly placeDep ROOT @babel/core@7.28.5 OK for: eslint-plugin-react-hooks@7.0.1 want: ^7.24.4
1842 silly placeDep ROOT hermes-parser@0.25.1 OK for: eslint-plugin-react-hooks@7.0.1 want: ^0.25.1
1843 silly placeDep ROOT zod@4.2.1 OK for: eslint-plugin-react-hooks@7.0.1 want: ^3.25.0 || ^4.0.0
1844 silly placeDep ROOT zod-validation-error@4.0.2 OK for: eslint-plugin-react-hooks@7.0.1 want: ^3.5.0 || ^4.0.0
1845 silly fetch manifest @babel/helper-compilation-targets@^7.27.2
1846 silly packumentCache full:https://registry.npmjs.org/@babel%2fhelper-compilation-targets cache-miss
1847 silly fetch manifest @babel/helper-module-transforms@^7.28.3
1848 silly packumentCache full:https://registry.npmjs.org/@babel%2fhelper-module-transforms cache-miss
1849 silly fetch manifest @babel/helpers@^7.28.4
1850 silly packumentCache full:https://registry.npmjs.org/@babel%2fhelpers cache-miss
1851 silly fetch manifest @jridgewell/remapping@^2.3.5
1852 silly packumentCache full:https://registry.npmjs.org/@jridgewell%2fremapping cache-miss
1853 silly fetch manifest convert-source-map@^2.0.0
1854 silly packumentCache full:https://registry.npmjs.org/convert-source-map cache-miss
1855 silly fetch manifest gensync@^1.0.0-beta.2
1856 silly packumentCache full:https://registry.npmjs.org/gensync cache-miss
1857 silly fetch manifest json5@^2.2.3
1858 silly packumentCache full:https://registry.npmjs.org/json5 cache-miss
1859 silly fetch manifest hermes-estree@0.25.1
1860 silly packumentCache full:https://registry.npmjs.org/hermes-estree cache-miss
1861 http fetch GET 200 https://registry.npmjs.org/convert-source-map 10ms (cache hit)
1862 silly packumentCache full:https://registry.npmjs.org/convert-source-map set size:66997 disposed:false
1863 http fetch GET 200 https://registry.npmjs.org/json5 11ms (cache hit)
1864 silly packumentCache full:https://registry.npmjs.org/json5 set size:86136 disposed:false
1865 http fetch GET 200 https://registry.npmjs.org/@babel%2fhelper-module-transforms 52ms (cache miss)
1866 silly packumentCache full:https://registry.npmjs.org/@babel%2fhelper-module-transforms set size:undefined disposed:false
1867 http fetch GET 200 https://registry.npmjs.org/@babel%2fhelper-compilation-targets 68ms (cache miss)
1868 silly packumentCache full:https://registry.npmjs.org/@babel%2fhelper-compilation-targets set size:undefined disposed:false
1869 http fetch GET 200 https://registry.npmjs.org/gensync 66ms (cache miss)
1870 silly packumentCache full:https://registry.npmjs.org/gensync set size:undefined disposed:false
1871 http fetch GET 200 https://registry.npmjs.org/@jridgewell%2fremapping 68ms (cache miss)
1872 silly packumentCache full:https://registry.npmjs.org/@jridgewell%2fremapping set size:undefined disposed:false
1873 http fetch GET 200 https://registry.npmjs.org/@babel%2fhelpers 71ms (cache miss)
1874 silly packumentCache full:https://registry.npmjs.org/@babel%2fhelpers set size:undefined disposed:false
1875 http fetch GET 200 https://registry.npmjs.org/hermes-estree 119ms (cache miss)
1876 silly packumentCache full:https://registry.npmjs.org/hermes-estree set size:undefined disposed:false
1877 silly placeDep ROOT @babel/helper-compilation-targets@7.27.2 OK for: @babel/core@7.28.5 want: ^7.27.2
1878 silly placeDep ROOT @babel/helper-module-transforms@7.28.3 OK for: @babel/core@7.28.5 want: ^7.28.3
1879 silly placeDep ROOT @babel/helpers@7.28.4 OK for: @babel/core@7.28.5 want: ^7.28.4
1880 silly placeDep ROOT @jridgewell/remapping@2.3.5 OK for: @babel/core@7.28.5 want: ^2.3.5
1881 silly placeDep node_modules/@babel/core convert-source-map@2.0.0 OK for: @babel/core@7.28.5 want: ^2.0.0
1882 silly placeDep ROOT gensync@1.0.0-beta.2 OK for: @babel/core@7.28.5 want: ^1.0.0-beta.2
1883 silly placeDep ROOT json5@2.2.3 OK for: @babel/core@7.28.5 want: ^2.2.3
1884 silly fetch manifest lru-cache@^5.1.1
1885 silly packumentCache full:https://registry.npmjs.org/lru-cache cache-miss
1886 silly fetch manifest browserslist@^4.24.0
1887 silly packumentCache full:https://registry.npmjs.org/browserslist cache-miss
1888 silly fetch manifest @babel/compat-data@^7.27.2
1889 silly packumentCache full:https://registry.npmjs.org/@babel%2fcompat-data cache-miss
1890 silly fetch manifest @babel/helper-validator-option@^7.27.1
1891 silly packumentCache full:https://registry.npmjs.org/@babel%2fhelper-validator-option cache-miss
1892 http fetch GET 200 https://registry.npmjs.org/browserslist 54ms (cache miss)
1893 silly packumentCache full:https://registry.npmjs.org/browserslist set size:undefined disposed:false
1894 http fetch GET 200 https://registry.npmjs.org/lru-cache 62ms (cache miss)
1895 silly packumentCache full:https://registry.npmjs.org/lru-cache set size:undefined disposed:false
1896 http fetch GET 200 https://registry.npmjs.org/@babel%2fcompat-data 122ms (cache miss)
1897 silly packumentCache full:https://registry.npmjs.org/@babel%2fcompat-data set size:undefined disposed:false
1898 http fetch GET 200 https://registry.npmjs.org/@babel%2fhelper-validator-option 157ms (cache miss)
1899 silly packumentCache full:https://registry.npmjs.org/@babel%2fhelper-validator-option set size:undefined disposed:false
1900 silly placeDep ROOT @babel/compat-data@7.28.5 OK for: @babel/helper-compilation-targets@7.27.2 want: ^7.27.2
1901 silly placeDep ROOT @babel/helper-validator-option@7.27.1 OK for: @babel/helper-compilation-targets@7.27.2 want: ^7.27.1
1902 silly placeDep ROOT browserslist@4.28.1 OK for: @babel/helper-compilation-targets@7.27.2 want: ^4.24.0
1903 silly placeDep ROOT lru-cache@5.1.1 OK for: @babel/helper-compilation-targets@7.27.2 want: ^5.1.1
1904 silly fetch manifest baseline-browser-mapping@^2.9.0
1905 silly packumentCache full:https://registry.npmjs.org/baseline-browser-mapping cache-miss
1906 silly fetch manifest caniuse-lite@^1.0.30001759
1907 silly packumentCache full:https://registry.npmjs.org/caniuse-lite cache-miss
1908 silly fetch manifest electron-to-chromium@^1.5.263
1909 silly packumentCache full:https://registry.npmjs.org/electron-to-chromium cache-miss
1910 silly fetch manifest node-releases@^2.0.27
1911 silly packumentCache full:https://registry.npmjs.org/node-releases cache-miss
1912 silly fetch manifest update-browserslist-db@^1.2.0
1913 silly packumentCache full:https://registry.npmjs.org/update-browserslist-db cache-miss
1914 silly fetch manifest yallist@^3.0.2
1915 silly packumentCache full:https://registry.npmjs.org/yallist cache-miss
1916 http fetch GET 200 https://registry.npmjs.org/baseline-browser-mapping 10ms (cache hit)
1917 silly packumentCache full:https://registry.npmjs.org/baseline-browser-mapping set size:356541 disposed:false
1918 http fetch GET 200 https://registry.npmjs.org/caniuse-lite 18ms (cache hit)
1919 silly packumentCache full:https://registry.npmjs.org/caniuse-lite set size:2236335 disposed:false
1920 http fetch GET 200 https://registry.npmjs.org/yallist 49ms (cache miss)
1921 silly packumentCache full:https://registry.npmjs.org/yallist set size:undefined disposed:false
1922 http fetch GET 200 https://registry.npmjs.org/update-browserslist-db 54ms (cache miss)
1923 silly packumentCache full:https://registry.npmjs.org/update-browserslist-db set size:undefined disposed:false
1924 http fetch GET 200 https://registry.npmjs.org/node-releases 58ms (cache miss)
1925 silly packumentCache full:https://registry.npmjs.org/node-releases set size:undefined disposed:false
1926 http fetch GET 200 https://registry.npmjs.org/electron-to-chromium 163ms (cache miss)
1927 silly packumentCache full:https://registry.npmjs.org/electron-to-chromium set size:undefined disposed:false
1928 silly placeDep ROOT baseline-browser-mapping@2.9.11 OK for: browserslist@4.28.1 want: ^2.9.0
1929 silly placeDep ROOT caniuse-lite@1.0.30001761 OK for: browserslist@4.28.1 want: ^1.0.30001759
1930 silly placeDep ROOT electron-to-chromium@1.5.267 OK for: browserslist@4.28.1 want: ^1.5.263
1931 silly placeDep ROOT node-releases@2.0.27 OK for: browserslist@4.28.1 want: ^2.0.27
1932 silly placeDep ROOT update-browserslist-db@1.2.3 OK for: browserslist@4.28.1 want: ^1.2.0
1933 silly fetch manifest escalade@^3.2.0
1934 silly packumentCache full:https://registry.npmjs.org/escalade cache-miss
1935 http fetch GET 200 https://registry.npmjs.org/escalade 69ms (cache miss)
1936 silly packumentCache full:https://registry.npmjs.org/escalade set size:undefined disposed:false
1937 silly placeDep ROOT esrecurse@4.3.0 OK for: eslint-scope@8.4.0 want: ^4.3.0
1938 silly placeDep ROOT acorn@8.15.0 OK for: espree@10.4.0 want: ^8.15.0
1939 silly placeDep ROOT acorn-jsx@5.3.2 OK for: espree@10.4.0 want: ^5.3.2
1940 silly placeDep ROOT @nodelib/fs.stat@2.0.5 OK for: fast-glob@3.3.1 want: ^2.0.2
1941 silly placeDep ROOT @nodelib/fs.walk@1.2.8 OK for: fast-glob@3.3.1 want: ^1.2.3
1942 silly placeDep node_modules/fast-glob glob-parent@5.1.2 OK for: fast-glob@3.3.1 want: ^5.1.2
1943 silly placeDep ROOT merge2@1.4.1 OK for: fast-glob@3.3.1 want: ^1.3.0
1944 silly placeDep ROOT micromatch@4.0.8 OK for: fast-glob@3.3.1 want: ^4.0.4
1945 silly fetch manifest fastq@^1.6.0
1946 silly packumentCache full:https://registry.npmjs.org/fastq cache-miss
1947 silly fetch manifest @nodelib/fs.scandir@2.1.5
1948 silly packumentCache full:https://registry.npmjs.org/@nodelib%2ffs.scandir cache-miss
1949 silly fetch manifest braces@^3.0.3
1950 silly packumentCache full:https://registry.npmjs.org/braces cache-miss
1951 silly fetch manifest picomatch@^2.3.1
1952 silly packumentCache full:https://registry.npmjs.org/picomatch cache-miss
1953 http fetch GET 200 https://registry.npmjs.org/picomatch 5ms (cache hit)
1954 silly packumentCache full:https://registry.npmjs.org/picomatch set size:118818 disposed:false
1955 http fetch GET 200 https://registry.npmjs.org/@nodelib%2ffs.scandir 54ms (cache miss)
1956 silly packumentCache full:https://registry.npmjs.org/@nodelib%2ffs.scandir set size:undefined disposed:false
1957 http fetch GET 200 https://registry.npmjs.org/fastq 80ms (cache miss)
1958 silly packumentCache full:https://registry.npmjs.org/fastq set size:undefined disposed:false
1959 http fetch GET 200 https://registry.npmjs.org/braces 96ms (cache miss)
1960 silly packumentCache full:https://registry.npmjs.org/braces set size:undefined disposed:false
1961 silly placeDep ROOT @nodelib/fs.scandir@2.1.5 OK for: @nodelib/fs.walk@1.2.8 want: 2.1.5
1962 silly placeDep ROOT fastq@1.20.1 OK for: @nodelib/fs.walk@1.2.8 want: ^1.6.0
1963 silly fetch manifest run-parallel@^1.1.9
1964 silly packumentCache full:https://registry.npmjs.org/run-parallel cache-miss
1965 silly fetch manifest reusify@^1.0.4
1966 silly packumentCache full:https://registry.npmjs.org/reusify cache-miss
1967 http fetch GET 200 https://registry.npmjs.org/reusify 32ms (cache miss)
1968 silly packumentCache full:https://registry.npmjs.org/reusify set size:undefined disposed:false
1969 http fetch GET 200 https://registry.npmjs.org/run-parallel 79ms (cache miss)
1970 silly packumentCache full:https://registry.npmjs.org/run-parallel set size:undefined disposed:false
1971 silly placeDep ROOT run-parallel@1.2.0 OK for: @nodelib/fs.scandir@2.1.5 want: ^1.1.9
1972 silly fetch manifest queue-microtask@^1.2.2
1973 silly packumentCache full:https://registry.npmjs.org/queue-microtask cache-miss
1974 http fetch GET 200 https://registry.npmjs.org/queue-microtask 29ms (cache miss)
1975 silly packumentCache full:https://registry.npmjs.org/queue-microtask set size:undefined disposed:false
1976 silly placeDep ROOT reusify@1.1.0 OK for: fastq@1.20.1 want: ^1.0.4
1977 silly placeDep ROOT flat-cache@4.0.1 OK for: file-entry-cache@8.0.0 want: ^4.0.0
1978 silly fetch manifest keyv@^4.5.4
1979 silly packumentCache full:https://registry.npmjs.org/keyv cache-miss
1980 silly fetch manifest flatted@^3.2.9
1981 silly packumentCache full:https://registry.npmjs.org/flatted cache-miss
1982 http fetch GET 200 https://registry.npmjs.org/flatted 60ms (cache miss)
1983 silly packumentCache full:https://registry.npmjs.org/flatted set size:undefined disposed:false
1984 http fetch GET 200 https://registry.npmjs.org/keyv 63ms (cache miss)
1985 silly packumentCache full:https://registry.npmjs.org/keyv set size:undefined disposed:false
1986 silly placeDep ROOT locate-path@6.0.0 OK for: find-up@5.0.0 want: ^6.0.0
1987 silly placeDep ROOT path-exists@4.0.0 OK for: find-up@5.0.0 want: ^4.0.0
1988 silly fetch manifest p-locate@^5.0.0
1989 silly packumentCache full:https://registry.npmjs.org/p-locate cache-miss
1990 http fetch GET 200 https://registry.npmjs.org/p-locate 66ms (cache miss)
1991 silly packumentCache full:https://registry.npmjs.org/p-locate set size:undefined disposed:false
1992 silly placeDep ROOT flatted@3.3.3 OK for: flat-cache@4.0.1 want: ^3.2.9
1993 silly placeDep ROOT keyv@4.5.4 OK for: flat-cache@4.0.1 want: ^4.5.4
1994 silly fetch manifest json-buffer@3.0.1
1995 silly packumentCache full:https://registry.npmjs.org/json-buffer cache-miss
1996 http fetch GET 200 https://registry.npmjs.org/json-buffer 48ms (cache miss)
1997 silly packumentCache full:https://registry.npmjs.org/json-buffer set size:undefined disposed:false
1998 silly placeDep ROOT functions-have-names@1.2.3 OK for: function.prototype.name@1.1.8 want: ^1.2.3
1999 silly placeDep ROOT dunder-proto@1.0.1 OK for: get-proto@1.0.1 want: ^1.0.1
2000 silly placeDep ROOT resolve-pkg-maps@1.0.0 OK for: get-tsconfig@4.13.0 want: ^1.0.0
2001 silly placeDep ROOT hermes-estree@0.25.1 OK for: hermes-parser@0.25.1 want: 0.25.1
2002 silly placeDep node_modules/hoist-non-react-statics react-is@16.13.1 OK for: hoist-non-react-statics@3.3.2 want: ^16.7.0
2003 silly placeDep ROOT parent-module@1.0.1 OK for: import-fresh@3.3.1 want: ^1.0.0
2004 silly placeDep ROOT resolve-from@4.0.0 OK for: import-fresh@3.3.1 want: ^4.0.0
2005 silly fetch manifest callsites@^3.0.0
2006 silly packumentCache full:https://registry.npmjs.org/callsites cache-miss
2007 http fetch GET 200 https://registry.npmjs.org/callsites 46ms (cache miss)
2008 silly packumentCache full:https://registry.npmjs.org/callsites set size:undefined disposed:false
2009 silly placeDep ROOT side-channel@1.1.0 OK for: internal-slot@1.1.0 want: ^1.1.0
2010 silly fetch manifest side-channel-list@^1.0.0
2011 silly packumentCache full:https://registry.npmjs.org/side-channel-list cache-miss
2012 silly fetch manifest side-channel-map@^1.0.1
2013 silly packumentCache full:https://registry.npmjs.org/side-channel-map cache-miss
2014 silly fetch manifest side-channel-weakmap@^1.0.2
2015 silly packumentCache full:https://registry.npmjs.org/side-channel-weakmap cache-miss
2016 http fetch GET 200 https://registry.npmjs.org/side-channel-list 47ms (cache miss)
2017 silly packumentCache full:https://registry.npmjs.org/side-channel-list set size:undefined disposed:false
2018 http fetch GET 200 https://registry.npmjs.org/side-channel-weakmap 50ms (cache miss)
2019 silly packumentCache full:https://registry.npmjs.org/side-channel-weakmap set size:undefined disposed:false
2020 http fetch GET 200 https://registry.npmjs.org/side-channel-map 78ms (cache miss)
2021 silly packumentCache full:https://registry.npmjs.org/side-channel-map set size:undefined disposed:false
2022 silly placeDep node_modules/is-bun-module semver@7.7.3 OK for: is-bun-module@2.0.0 want: ^7.7.1
2023 silly placeDep ROOT is-extglob@2.1.1 OK for: is-glob@4.0.3 want: ^2.1.1
2024 silly placeDep ROOT set-function-name@2.0.2 OK for: iterator.prototype@1.1.5 want: ^2.0.2
2025 silly placeDep ROOT argparse@2.0.1 OK for: js-yaml@4.1.1 want: ^2.0.1
2026 silly placeDep ROOT json-buffer@3.0.1 OK for: keyv@4.5.4 want: 3.0.1
2027 silly placeDep ROOT language-subtag-registry@0.3.23 OK for: language-tags@1.0.9 want: ^0.3.20
2028 silly placeDep ROOT prelude-ls@1.2.1 OK for: levn@0.4.1 want: ^1.2.1
2029 silly placeDep ROOT type-check@0.4.0 OK for: levn@0.4.1 want: ~0.4.0
2030 silly placeDep ROOT p-locate@5.0.0 OK for: locate-path@6.0.0 want: ^5.0.0
2031 silly fetch manifest p-limit@^3.0.2
2032 silly packumentCache full:https://registry.npmjs.org/p-limit cache-miss
2033 http fetch GET 200 https://registry.npmjs.org/p-limit 33ms (cache miss)
2034 silly packumentCache full:https://registry.npmjs.org/p-limit set size:undefined disposed:false
2035 silly placeDep ROOT yallist@3.1.1 OK for: lru-cache@5.1.1 want: ^3.0.2
2036 silly placeDep ROOT braces@3.0.3 OK for: micromatch@4.0.8 want: ^3.0.3
2037 silly placeDep ROOT picomatch@2.3.1 OK for: micromatch@4.0.8 want: ^2.3.1
2038 silly fetch manifest fill-range@^7.1.1
2039 silly packumentCache full:https://registry.npmjs.org/fill-range cache-miss
2040 http fetch GET 200 https://registry.npmjs.org/fill-range 90ms (cache miss)
2041 silly packumentCache full:https://registry.npmjs.org/fill-range set size:undefined disposed:false
2042 silly placeDep ROOT fill-range@7.1.1 OK for: braces@3.0.3 want: ^7.1.1
2043 silly fetch manifest to-regex-range@^5.0.1
2044 silly packumentCache full:https://registry.npmjs.org/to-regex-range cache-miss
2045 http fetch GET 200 https://registry.npmjs.org/to-regex-range 30ms (cache miss)
2046 silly packumentCache full:https://registry.npmjs.org/to-regex-range set size:undefined disposed:false
2047 silly placeDep ROOT to-regex-range@5.0.1 OK for: fill-range@7.1.1 want: ^5.0.1
2048 silly fetch manifest is-number@^7.0.0
2049 silly packumentCache full:https://registry.npmjs.org/is-number cache-miss
2050 http fetch GET 200 https://registry.npmjs.org/is-number 36ms (cache miss)
2051 silly packumentCache full:https://registry.npmjs.org/is-number set size:undefined disposed:false
2052 silly placeDep ROOT brace-expansion@1.1.12 OK for: minimatch@3.1.2 want: ^1.1.7
2053 silly fetch manifest balanced-match@^1.0.0
2054 silly packumentCache full:https://registry.npmjs.org/balanced-match cache-miss
2055 silly fetch manifest concat-map@0.0.1
2056 silly packumentCache full:https://registry.npmjs.org/concat-map cache-miss
2057 http fetch GET 200 https://registry.npmjs.org/concat-map 37ms (cache miss)
2058 silly packumentCache full:https://registry.npmjs.org/concat-map set size:undefined disposed:false
2059 http fetch GET 200 https://registry.npmjs.org/balanced-match 38ms (cache miss)
2060 silly packumentCache full:https://registry.npmjs.org/balanced-match set size:undefined disposed:false
2061 silly placeDep ROOT balanced-match@1.0.2 OK for: brace-expansion@1.1.12 want: ^1.0.0
2062 silly placeDep ROOT concat-map@0.0.1 OK for: brace-expansion@1.1.12 want: 0.0.1
2063 silly placeDep ROOT @next/env@16.1.1 OK for: next@16.1.1 want: 16.1.1
2064 silly placeDep ROOT @next/swc-darwin-arm64@16.1.1 OK for: next@16.1.1 want: 16.1.1
2065 silly placeDep ROOT @next/swc-darwin-x64@16.1.1 OK for: next@16.1.1 want: 16.1.1
2066 silly placeDep ROOT @next/swc-linux-arm64-gnu@16.1.1 OK for: next@16.1.1 want: 16.1.1
2067 silly placeDep ROOT @next/swc-linux-arm64-musl@16.1.1 OK for: next@16.1.1 want: 16.1.1
2068 silly placeDep ROOT @next/swc-linux-x64-gnu@16.1.1 OK for: next@16.1.1 want: 16.1.1
2069 silly placeDep ROOT @next/swc-linux-x64-musl@16.1.1 OK for: next@16.1.1 want: 16.1.1
2070 silly placeDep ROOT @next/swc-win32-arm64-msvc@16.1.1 OK for: next@16.1.1 want: 16.1.1
2071 silly placeDep ROOT @next/swc-win32-x64-msvc@16.1.1 OK for: next@16.1.1 want: 16.1.1
2072 silly placeDep ROOT @swc/helpers@0.5.15 OK for: next@16.1.1 want: 0.5.15
2073 silly placeDep ROOT postcss@8.4.31 OK for: next@16.1.1 want: 8.4.31
2074 silly placeDep ROOT sharp@0.34.5 OK for: next@16.1.1 want: ^0.34.4
2075 silly placeDep ROOT styled-jsx@5.1.6 OK for: next@16.1.1 want: 5.1.6
2076 silly fetch manifest tslib@^2.8.0
2077 silly packumentCache full:https://registry.npmjs.org/tslib cache-miss
2078 silly fetch manifest nanoid@^3.3.6
2079 silly packumentCache full:https://registry.npmjs.org/nanoid cache-miss
2080 silly fetch manifest source-map-js@^1.0.2
2081 silly packumentCache full:https://registry.npmjs.org/source-map-js cache-miss
2082 silly fetch manifest @img/colour@^1.0.0
2083 silly packumentCache full:https://registry.npmjs.org/@img%2fcolour cache-miss
2084 silly fetch manifest detect-libc@^2.1.2
2085 silly packumentCache full:https://registry.npmjs.org/detect-libc cache-miss
2086 silly fetch manifest semver@^7.7.3
2087 silly packumentCache full:https://registry.npmjs.org/semver cache-hit
2088 silly fetch manifest @img/sharp-darwin-arm64@0.34.5
2089 silly packumentCache full:https://registry.npmjs.org/@img%2fsharp-darwin-arm64 cache-miss
2090 silly fetch manifest @img/sharp-darwin-x64@0.34.5
2091 silly packumentCache full:https://registry.npmjs.org/@img%2fsharp-darwin-x64 cache-miss
2092 silly fetch manifest @img/sharp-libvips-darwin-arm64@1.2.4
2093 silly packumentCache full:https://registry.npmjs.org/@img%2fsharp-libvips-darwin-arm64 cache-miss
2094 silly fetch manifest @img/sharp-libvips-darwin-x64@1.2.4
2095 silly packumentCache full:https://registry.npmjs.org/@img%2fsharp-libvips-darwin-x64 cache-miss
2096 silly fetch manifest @img/sharp-libvips-linux-arm@1.2.4
2097 silly packumentCache full:https://registry.npmjs.org/@img%2fsharp-libvips-linux-arm cache-miss
2098 silly fetch manifest @img/sharp-libvips-linux-arm64@1.2.4
2099 silly packumentCache full:https://registry.npmjs.org/@img%2fsharp-libvips-linux-arm64 cache-miss
2100 http fetch GET 200 https://registry.npmjs.org/source-map-js 75ms (cache miss)
2101 silly packumentCache full:https://registry.npmjs.org/source-map-js set size:undefined disposed:false
2102 silly fetch manifest @img/sharp-libvips-linux-ppc64@1.2.4
2103 silly packumentCache full:https://registry.npmjs.org/@img%2fsharp-libvips-linux-ppc64 cache-miss
2104 http fetch GET 200 https://registry.npmjs.org/tslib 101ms (cache miss)
2105 silly packumentCache full:https://registry.npmjs.org/tslib set size:undefined disposed:false
2106 silly fetch manifest @img/sharp-libvips-linux-riscv64@1.2.4
2107 silly packumentCache full:https://registry.npmjs.org/@img%2fsharp-libvips-linux-riscv64 cache-miss
2108 http fetch GET 200 https://registry.npmjs.org/nanoid 126ms (cache miss)
2109 silly packumentCache full:https://registry.npmjs.org/nanoid set size:undefined disposed:false
2110 silly fetch manifest @img/sharp-libvips-linux-s390x@1.2.4
2111 silly packumentCache full:https://registry.npmjs.org/@img%2fsharp-libvips-linux-s390x cache-miss
2112 http fetch GET 200 https://registry.npmjs.org/@img%2fsharp-darwin-x64 148ms (cache miss)
2113 silly packumentCache full:https://registry.npmjs.org/@img%2fsharp-darwin-x64 set size:undefined disposed:false
2114 silly fetch manifest @img/sharp-libvips-linux-x64@1.2.4
2115 silly packumentCache full:https://registry.npmjs.org/@img%2fsharp-libvips-linux-x64 cache-miss
2116 http fetch GET 200 https://registry.npmjs.org/@img%2fsharp-libvips-darwin-arm64 151ms (cache miss)
2117 silly packumentCache full:https://registry.npmjs.org/@img%2fsharp-libvips-darwin-arm64 set size:undefined disposed:false
2118 silly fetch manifest @img/sharp-libvips-linuxmusl-arm64@1.2.4
2119 silly packumentCache full:https://registry.npmjs.org/@img%2fsharp-libvips-linuxmusl-arm64 cache-miss
2120 http fetch GET 200 https://registry.npmjs.org/@img%2fsharp-libvips-darwin-x64 187ms (cache miss)
2121 silly packumentCache full:https://registry.npmjs.org/@img%2fsharp-libvips-darwin-x64 set size:undefined disposed:false
2122 silly fetch manifest @img/sharp-libvips-linuxmusl-x64@1.2.4
2123 silly packumentCache full:https://registry.npmjs.org/@img%2fsharp-libvips-linuxmusl-x64 cache-miss
2124 http fetch GET 200 https://registry.npmjs.org/@img%2fsharp-libvips-linux-arm 188ms (cache miss)
2125 silly packumentCache full:https://registry.npmjs.org/@img%2fsharp-libvips-linux-arm set size:undefined disposed:false
2126 silly fetch manifest @img/sharp-linux-arm@0.34.5
2127 silly packumentCache full:https://registry.npmjs.org/@img%2fsharp-linux-arm cache-miss
2128 http fetch GET 200 https://registry.npmjs.org/@img%2fsharp-libvips-linux-arm64 186ms (cache miss)
2129 silly packumentCache full:https://registry.npmjs.org/@img%2fsharp-libvips-linux-arm64 set size:undefined disposed:false
2130 silly fetch manifest @img/sharp-linux-arm64@0.34.5
2131 silly packumentCache full:https://registry.npmjs.org/@img%2fsharp-linux-arm64 cache-miss
2132 http fetch GET 200 https://registry.npmjs.org/@img%2fsharp-darwin-arm64 196ms (cache miss)
2133 silly packumentCache full:https://registry.npmjs.org/@img%2fsharp-darwin-arm64 set size:undefined disposed:false
2134 silly fetch manifest @img/sharp-linux-ppc64@0.34.5
2135 silly packumentCache full:https://registry.npmjs.org/@img%2fsharp-linux-ppc64 cache-miss
2136 http fetch GET 200 https://registry.npmjs.org/@img%2fcolour 198ms (cache miss)
2137 silly packumentCache full:https://registry.npmjs.org/@img%2fcolour set size:undefined disposed:false
2138 silly fetch manifest @img/sharp-linux-riscv64@0.34.5
2139 silly packumentCache full:https://registry.npmjs.org/@img%2fsharp-linux-riscv64 cache-miss
2140 http fetch GET 200 https://registry.npmjs.org/detect-libc 202ms (cache miss)
2141 silly packumentCache full:https://registry.npmjs.org/detect-libc set size:undefined disposed:false
2142 silly fetch manifest @img/sharp-linux-s390x@0.34.5
2143 silly packumentCache full:https://registry.npmjs.org/@img%2fsharp-linux-s390x cache-miss
2144 http fetch GET 200 https://registry.npmjs.org/@img%2fsharp-libvips-linux-riscv64 125ms (cache miss)
2145 silly packumentCache full:https://registry.npmjs.org/@img%2fsharp-libvips-linux-riscv64 set size:undefined disposed:false
2146 silly fetch manifest @img/sharp-linux-x64@0.34.5
2147 silly packumentCache full:https://registry.npmjs.org/@img%2fsharp-linux-x64 cache-miss
2148 http fetch GET 200 https://registry.npmjs.org/@img%2fsharp-libvips-linux-s390x 80ms (cache miss)
2149 silly packumentCache full:https://registry.npmjs.org/@img%2fsharp-libvips-linux-s390x set size:undefined disposed:false
2150 silly fetch manifest @img/sharp-linuxmusl-arm64@0.34.5
2151 silly packumentCache full:https://registry.npmjs.org/@img%2fsharp-linuxmusl-arm64 cache-miss
2152 http fetch GET 200 https://registry.npmjs.org/@img%2fsharp-libvips-linuxmusl-arm64 122ms (cache miss)
2153 silly packumentCache full:https://registry.npmjs.org/@img%2fsharp-libvips-linuxmusl-arm64 set size:undefined disposed:false
2154 silly fetch manifest @img/sharp-linuxmusl-x64@0.34.5
2155 silly packumentCache full:https://registry.npmjs.org/@img%2fsharp-linuxmusl-x64 cache-miss
2156 http fetch GET 200 https://registry.npmjs.org/@img%2fsharp-linux-arm 84ms (cache miss)
2157 silly packumentCache full:https://registry.npmjs.org/@img%2fsharp-linux-arm set size:undefined disposed:false
2158 silly fetch manifest @img/sharp-wasm32@0.34.5
2159 silly packumentCache full:https://registry.npmjs.org/@img%2fsharp-wasm32 cache-miss
2160 http fetch GET 200 https://registry.npmjs.org/@img%2fsharp-libvips-linux-x64 130ms (cache miss)
2161 silly packumentCache full:https://registry.npmjs.org/@img%2fsharp-libvips-linux-x64 set size:undefined disposed:false
2162 silly fetch manifest @img/sharp-win32-arm64@0.34.5
2163 silly packumentCache full:https://registry.npmjs.org/@img%2fsharp-win32-arm64 cache-miss
2164 http fetch GET 200 https://registry.npmjs.org/@img%2fsharp-linux-arm64 133ms (cache miss)
2165 silly packumentCache full:https://registry.npmjs.org/@img%2fsharp-linux-arm64 set size:undefined disposed:false
2166 silly fetch manifest @img/sharp-win32-ia32@0.34.5
2167 silly packumentCache full:https://registry.npmjs.org/@img%2fsharp-win32-ia32 cache-miss
2168 http fetch GET 200 https://registry.npmjs.org/@img%2fsharp-libvips-linuxmusl-x64 141ms (cache miss)
2169 silly packumentCache full:https://registry.npmjs.org/@img%2fsharp-libvips-linuxmusl-x64 set size:undefined disposed:false
2170 silly fetch manifest @img/sharp-win32-x64@0.34.5
2171 silly packumentCache full:https://registry.npmjs.org/@img%2fsharp-win32-x64 cache-miss
2172 http fetch GET 200 https://registry.npmjs.org/@img%2fsharp-linux-ppc64 136ms (cache miss)
2173 silly packumentCache full:https://registry.npmjs.org/@img%2fsharp-linux-ppc64 set size:undefined disposed:false
2174 silly fetch manifest client-only@0.0.1
2175 silly packumentCache full:https://registry.npmjs.org/client-only cache-miss
2176 http fetch GET 200 https://registry.npmjs.org/@img%2fsharp-libvips-linux-ppc64 259ms (cache miss)
2177 silly packumentCache full:https://registry.npmjs.org/@img%2fsharp-libvips-linux-ppc64 set size:undefined disposed:false
2178 http fetch GET 200 https://registry.npmjs.org/@img%2fsharp-linuxmusl-arm64 124ms (cache miss)
2179 silly packumentCache full:https://registry.npmjs.org/@img%2fsharp-linuxmusl-arm64 set size:undefined disposed:false
2180 http fetch GET 200 https://registry.npmjs.org/@img%2fsharp-linux-x64 147ms (cache miss)
2181 silly packumentCache full:https://registry.npmjs.org/@img%2fsharp-linux-x64 set size:undefined disposed:false
2182 http fetch GET 200 https://registry.npmjs.org/@img%2fsharp-linux-riscv64 189ms (cache miss)
2183 silly packumentCache full:https://registry.npmjs.org/@img%2fsharp-linux-riscv64 set size:undefined disposed:false
2184 http fetch GET 200 https://registry.npmjs.org/@img%2fsharp-linuxmusl-x64 112ms (cache miss)
2185 silly packumentCache full:https://registry.npmjs.org/@img%2fsharp-linuxmusl-x64 set size:undefined disposed:false
2186 http fetch GET 200 https://registry.npmjs.org/@img%2fsharp-linux-s390x 203ms (cache miss)
2187 silly packumentCache full:https://registry.npmjs.org/@img%2fsharp-linux-s390x set size:undefined disposed:false
2188 http fetch GET 200 https://registry.npmjs.org/@img%2fsharp-win32-x64 78ms (cache miss)
2189 silly packumentCache full:https://registry.npmjs.org/@img%2fsharp-win32-x64 set size:undefined disposed:false
2190 http fetch GET 200 https://registry.npmjs.org/client-only 78ms (cache miss)
2191 silly packumentCache full:https://registry.npmjs.org/client-only set size:undefined disposed:false
2192 http fetch GET 200 https://registry.npmjs.org/@img%2fsharp-wasm32 197ms (cache miss)
2193 silly packumentCache full:https://registry.npmjs.org/@img%2fsharp-wasm32 set size:undefined disposed:false
2194 http fetch GET 200 https://registry.npmjs.org/@img%2fsharp-win32-arm64 220ms (cache miss)
2195 silly packumentCache full:https://registry.npmjs.org/@img%2fsharp-win32-arm64 set size:undefined disposed:false
2196 http fetch GET 200 https://registry.npmjs.org/@img%2fsharp-win32-ia32 216ms (cache miss)
2197 silly packumentCache full:https://registry.npmjs.org/@img%2fsharp-win32-ia32 set size:undefined disposed:false
2198 silly placeDep ROOT tslib@2.8.1 OK for: @swc/helpers@0.5.15 want: ^2.8.0
2199 silly placeDep ROOT deep-is@0.1.4 OK for: optionator@0.9.4 want: ^0.1.3
2200 silly placeDep ROOT fast-levenshtein@2.0.6 OK for: optionator@0.9.4 want: ^2.0.6
2201 silly placeDep ROOT word-wrap@1.2.5 OK for: optionator@0.9.4 want: ^1.2.5
2202 silly placeDep ROOT p-limit@3.1.0 OK for: p-locate@5.0.0 want: ^3.0.2
2203 silly fetch manifest yocto-queue@^0.1.0
2204 silly packumentCache full:https://registry.npmjs.org/yocto-queue cache-miss
2205 http fetch GET 200 https://registry.npmjs.org/yocto-queue 59ms (cache miss)
2206 silly packumentCache full:https://registry.npmjs.org/yocto-queue set size:undefined disposed:false
2207 silly placeDep ROOT yocto-queue@0.1.0 OK for: p-limit@3.1.0 want: ^0.1.0
2208 silly placeDep ROOT callsites@3.1.0 OK for: parent-module@1.0.1 want: ^3.0.0
2209 silly placeDep ROOT error-ex@1.3.4 OK for: parse-json@5.2.0 want: ^1.3.1
2210 silly placeDep ROOT json-parse-even-better-errors@2.3.1 OK for: parse-json@5.2.0 want: ^2.3.0
2211 silly placeDep ROOT lines-and-columns@1.2.4 OK for: parse-json@5.2.0 want: ^1.1.6
2212 silly fetch manifest is-arrayish@^0.2.1
2213 silly packumentCache full:https://registry.npmjs.org/is-arrayish cache-miss
2214 http fetch GET 200 https://registry.npmjs.org/is-arrayish 45ms (cache miss)
2215 silly packumentCache full:https://registry.npmjs.org/is-arrayish set size:undefined disposed:false
2216 silly placeDep ROOT is-arrayish@0.2.1 OK for: error-ex@1.3.4 want: ^0.2.1
2217 silly placeDep ROOT nanoid@3.3.11 OK for: postcss@8.4.31 want: ^3.3.6
2218 silly placeDep ROOT source-map-js@1.2.1 OK for: postcss@8.4.31 want: ^1.0.2
2219 silly placeDep ROOT loose-envify@1.4.0 OK for: prop-types@15.8.1 want: ^1.4.0
2220 silly placeDep ROOT object-assign@4.1.1 OK for: prop-types@15.8.1 want: ^4.1.1
2221 silly placeDep node_modules/prop-types react-is@16.13.1 OK for: prop-types@15.8.1 want: ^16.13.1
2222 silly placeDep ROOT scheduler@0.27.0 OK for: react-dom@19.2.3 want: ^0.27.0
2223 silly placeDep ROOT dom-helpers@5.2.1 OK for: react-transition-group@4.4.5 want: ^5.0.1
2224 silly placeDep ROOT path-parse@1.0.7 OK for: resolve@1.22.11 want: ^1.0.7
2225 silly placeDep ROOT supports-preserve-symlinks-flag@1.0.0 OK for: resolve@1.22.11 want: ^1.0.0
2226 silly placeDep ROOT queue-microtask@1.2.3 OK for: run-parallel@1.2.0 want: ^1.2.2
2227 silly placeDep ROOT isarray@2.0.5 OK for: safe-array-concat@1.1.3 want: ^2.0.5
2228 silly placeDep ROOT @img/colour@1.0.0 OK for: sharp@0.34.5 want: ^1.0.0
2229 silly placeDep ROOT @img/sharp-darwin-arm64@0.34.5 OK for: sharp@0.34.5 want: 0.34.5
2230 silly placeDep ROOT @img/sharp-darwin-x64@0.34.5 OK for: sharp@0.34.5 want: 0.34.5
2231 silly placeDep ROOT @img/sharp-libvips-darwin-arm64@1.2.4 OK for: sharp@0.34.5 want: 1.2.4
2232 silly placeDep ROOT @img/sharp-libvips-darwin-x64@1.2.4 OK for: sharp@0.34.5 want: 1.2.4
2233 silly placeDep ROOT @img/sharp-libvips-linux-arm@1.2.4 OK for: sharp@0.34.5 want: 1.2.4
2234 silly placeDep ROOT @img/sharp-libvips-linux-arm64@1.2.4 OK for: sharp@0.34.5 want: 1.2.4
2235 silly placeDep ROOT @img/sharp-libvips-linux-ppc64@1.2.4 OK for: sharp@0.34.5 want: 1.2.4
2236 silly placeDep ROOT @img/sharp-libvips-linux-riscv64@1.2.4 OK for: sharp@0.34.5 want: 1.2.4
2237 silly placeDep ROOT @img/sharp-libvips-linux-s390x@1.2.4 OK for: sharp@0.34.5 want: 1.2.4
2238 silly placeDep ROOT @img/sharp-libvips-linux-x64@1.2.4 OK for: sharp@0.34.5 want: 1.2.4
2239 silly placeDep ROOT @img/sharp-libvips-linuxmusl-arm64@1.2.4 OK for: sharp@0.34.5 want: 1.2.4
2240 silly placeDep ROOT @img/sharp-libvips-linuxmusl-x64@1.2.4 OK for: sharp@0.34.5 want: 1.2.4
2241 silly placeDep ROOT @img/sharp-linux-arm@0.34.5 OK for: sharp@0.34.5 want: 0.34.5
2242 silly placeDep ROOT @img/sharp-linux-arm64@0.34.5 OK for: sharp@0.34.5 want: 0.34.5
2243 silly placeDep ROOT @img/sharp-linux-ppc64@0.34.5 OK for: sharp@0.34.5 want: 0.34.5
2244 silly placeDep ROOT @img/sharp-linux-riscv64@0.34.5 OK for: sharp@0.34.5 want: 0.34.5
2245 silly placeDep ROOT @img/sharp-linux-s390x@0.34.5 OK for: sharp@0.34.5 want: 0.34.5
2246 silly placeDep ROOT @img/sharp-linux-x64@0.34.5 OK for: sharp@0.34.5 want: 0.34.5
2247 silly placeDep ROOT @img/sharp-linuxmusl-arm64@0.34.5 OK for: sharp@0.34.5 want: 0.34.5
2248 silly placeDep ROOT @img/sharp-linuxmusl-x64@0.34.5 OK for: sharp@0.34.5 want: 0.34.5
2249 silly placeDep ROOT @img/sharp-wasm32@0.34.5 OK for: sharp@0.34.5 want: 0.34.5
2250 silly placeDep ROOT @img/sharp-win32-arm64@0.34.5 OK for: sharp@0.34.5 want: 0.34.5
2251 silly placeDep ROOT @img/sharp-win32-ia32@0.34.5 OK for: sharp@0.34.5 want: 0.34.5
2252 silly placeDep ROOT @img/sharp-win32-x64@0.34.5 OK for: sharp@0.34.5 want: 0.34.5
2253 silly placeDep ROOT detect-libc@2.1.2 OK for: sharp@0.34.5 want: ^2.1.2
2254 silly placeDep node_modules/sharp semver@7.7.3 OK for: sharp@0.34.5 want: ^7.7.3
2255 silly fetch manifest @emnapi/runtime@^1.7.0
2256 silly packumentCache full:https://registry.npmjs.org/@emnapi%2fruntime cache-miss
2257 http fetch GET 200 https://registry.npmjs.org/@emnapi%2fruntime 148ms (cache miss)
2258 silly packumentCache full:https://registry.npmjs.org/@emnapi%2fruntime set size:undefined disposed:false
2259 silly placeDep ROOT @emnapi/runtime@1.7.1 OK for: @img/sharp-wasm32@0.34.5 want: ^1.7.0
2260 silly placeDep ROOT shebang-regex@3.0.0 OK for: shebang-command@2.0.0 want: ^3.0.0
2261 silly placeDep ROOT side-channel-list@1.0.0 OK for: side-channel@1.1.0 want: ^1.0.0
2262 silly placeDep ROOT side-channel-map@1.0.1 OK for: side-channel@1.1.0 want: ^1.0.1
2263 silly placeDep ROOT side-channel-weakmap@1.0.2 OK for: side-channel@1.1.0 want: ^1.0.2
2264 silly placeDep ROOT client-only@0.0.1 OK for: styled-jsx@5.1.6 want: 0.0.1
2265 silly placeDep ROOT has-flag@4.0.0 OK for: supports-color@7.2.0 want: ^4.0.0
2266 silly placeDep ROOT fdir@6.5.0 OK for: tinyglobby@0.2.15 want: ^6.5.0
2267 silly placeDep node_modules/tinyglobby picomatch@4.0.3 OK for: tinyglobby@0.2.15 want: ^4.0.3
2268 silly placeDep ROOT is-number@7.0.0 OK for: to-regex-range@5.0.1 want: ^7.0.0
2269 silly placeDep ROOT @types/json5@0.0.29 OK for: tsconfig-paths@3.15.0 want: ^0.0.29
2270 silly placeDep node_modules/tsconfig-paths json5@1.0.2 OK for: tsconfig-paths@3.15.0 want: ^1.0.2
2271 silly placeDep ROOT minimist@1.2.8 OK for: tsconfig-paths@3.15.0 want: ^1.2.6
2272 silly placeDep ROOT strip-bom@3.0.0 OK for: tsconfig-paths@3.15.0 want: ^3.0.0
2273 silly fetch manifest minimist@^1.2.0
2274 silly packumentCache full:https://registry.npmjs.org/minimist cache-miss
2275 http fetch GET 200 https://registry.npmjs.org/minimist 3ms (cache hit)
2276 silly packumentCache full:https://registry.npmjs.org/minimist set size:77082 disposed:false
2277 silly placeDep ROOT for-each@0.3.5 OK for: typed-array-byte-length@1.0.3 want: ^0.3.3
2278 silly placeDep ROOT reflect.getprototypeof@1.0.10 OK for: typed-array-byte-offset@1.0.4 want: ^1.0.9
2279 silly fetch manifest which-builtin-type@^1.2.1
2280 silly packumentCache full:https://registry.npmjs.org/which-builtin-type cache-miss
2281 http fetch GET 200 https://registry.npmjs.org/which-builtin-type 34ms (cache miss)
2282 silly packumentCache full:https://registry.npmjs.org/which-builtin-type set size:undefined disposed:false
2283 silly placeDep ROOT which-builtin-type@1.2.1 OK for: reflect.getprototypeof@1.0.10 want: ^1.2.1
2284 silly fetch manifest is-async-function@^2.0.0
2285 silly packumentCache full:https://registry.npmjs.org/is-async-function cache-miss
2286 silly fetch manifest is-finalizationregistry@^1.1.0
2287 silly packumentCache full:https://registry.npmjs.org/is-finalizationregistry cache-miss
2288 silly fetch manifest is-generator-function@^1.0.10
2289 silly packumentCache full:https://registry.npmjs.org/is-generator-function cache-miss
2290 silly fetch manifest which-boxed-primitive@^1.1.0
2291 silly packumentCache full:https://registry.npmjs.org/which-boxed-primitive cache-miss
2292 silly fetch manifest which-collection@^1.0.2
2293 silly packumentCache full:https://registry.npmjs.org/which-collection cache-miss
2294 http fetch GET 200 https://registry.npmjs.org/which-boxed-primitive 6ms (cache hit)
2295 silly packumentCache full:https://registry.npmjs.org/which-boxed-primitive set size:19407 disposed:false
2296 http fetch GET 200 https://registry.npmjs.org/is-async-function 45ms (cache miss)
2297 silly packumentCache full:https://registry.npmjs.org/is-async-function set size:undefined disposed:false
2298 http fetch GET 200 https://registry.npmjs.org/is-generator-function 53ms (cache miss)
2299 silly packumentCache full:https://registry.npmjs.org/is-generator-function set size:undefined disposed:false
2300 http fetch GET 200 https://registry.npmjs.org/which-collection 78ms (cache miss)
2301 silly packumentCache full:https://registry.npmjs.org/which-collection set size:undefined disposed:false
2302 http fetch GET 200 https://registry.npmjs.org/is-finalizationregistry 152ms (cache miss)
2303 silly packumentCache full:https://registry.npmjs.org/is-finalizationregistry set size:undefined disposed:false
2304 silly placeDep ROOT @typescript-eslint/eslint-plugin@8.50.1 OK for: typescript-eslint@8.50.1 want: 8.50.1
2305 silly placeDep ROOT @typescript-eslint/parser@8.50.1 OK for: typescript-eslint@8.50.1 want: 8.50.1
2306 silly placeDep ROOT @typescript-eslint/typescript-estree@8.50.1 OK for: typescript-eslint@8.50.1 want: 8.50.1
2307 silly placeDep ROOT @typescript-eslint/utils@8.50.1 OK for: typescript-eslint@8.50.1 want: 8.50.1
2308 silly fetch manifest ignore@^7.0.0
2309 silly packumentCache full:https://registry.npmjs.org/ignore cache-miss
2310 silly fetch manifest ts-api-utils@^2.1.0
2311 silly packumentCache full:https://registry.npmjs.org/ts-api-utils cache-miss
2312 silly fetch manifest @typescript-eslint/type-utils@8.50.1
2313 silly packumentCache full:https://registry.npmjs.org/@typescript-eslint%2ftype-utils cache-miss
2314 silly fetch manifest @typescript-eslint/visitor-keys@8.50.1
2315 silly packumentCache full:https://registry.npmjs.org/@typescript-eslint%2fvisitor-keys cache-miss
2316 silly fetch manifest @typescript-eslint/scope-manager@8.50.1
2317 silly packumentCache full:https://registry.npmjs.org/@typescript-eslint%2fscope-manager cache-miss
2318 silly fetch manifest @typescript-eslint/types@8.50.1
2319 silly packumentCache full:https://registry.npmjs.org/@typescript-eslint%2ftypes cache-miss
2320 silly fetch manifest @typescript-eslint/visitor-keys@8.50.1
2321 silly packumentCache full:https://registry.npmjs.org/@typescript-eslint%2fvisitor-keys cache-miss
2322 silly fetch manifest @typescript-eslint/scope-manager@8.50.1
2323 silly packumentCache full:https://registry.npmjs.org/@typescript-eslint%2fscope-manager cache-miss
2324 silly fetch manifest semver@^7.6.0
2325 silly packumentCache full:https://registry.npmjs.org/semver cache-hit
2326 silly fetch manifest minimatch@^9.0.4
2327 silly packumentCache full:https://registry.npmjs.org/minimatch cache-miss
2328 silly fetch manifest ts-api-utils@^2.1.0
2329 silly packumentCache full:https://registry.npmjs.org/ts-api-utils cache-miss
2330 silly fetch manifest @typescript-eslint/types@8.50.1
2331 silly packumentCache full:https://registry.npmjs.org/@typescript-eslint%2ftypes cache-miss
2332 http fetch GET 200 https://registry.npmjs.org/ignore 21ms (cache hit)
2333 silly packumentCache full:https://registry.npmjs.org/ignore set size:237380 disposed:false
2334 silly fetch manifest @typescript-eslint/visitor-keys@8.50.1
2335 silly packumentCache full:https://registry.npmjs.org/@typescript-eslint%2fvisitor-keys cache-miss
2336 http fetch GET 200 https://registry.npmjs.org/minimatch 19ms (cache hit)
2337 silly packumentCache full:https://registry.npmjs.org/minimatch set size:303959 disposed:false
2338 silly fetch manifest @typescript-eslint/tsconfig-utils@8.50.1
2339 silly packumentCache full:https://registry.npmjs.org/@typescript-eslint%2ftsconfig-utils cache-miss
2340 http fetch GET 200 https://registry.npmjs.org/ts-api-utils 68ms (cache miss)
2341 silly packumentCache full:https://registry.npmjs.org/ts-api-utils set size:undefined disposed:false
2342 silly fetch manifest @typescript-eslint/project-service@8.50.1
2343 silly packumentCache full:https://registry.npmjs.org/@typescript-eslint%2fproject-service cache-miss
2344 http fetch GET 200 https://registry.npmjs.org/ts-api-utils 67ms (cache miss)
2345 silly packumentCache full:https://registry.npmjs.org/ts-api-utils set size:undefined disposed:false
2346 silly fetch manifest @typescript-eslint/types@8.50.1
2347 silly packumentCache full:https://registry.npmjs.org/@typescript-eslint%2ftypes cache-miss
2348 http fetch GET 200 https://registry.npmjs.org/@typescript-eslint%2ftsconfig-utils 206ms (cache miss)
2349 silly packumentCache full:https://registry.npmjs.org/@typescript-eslint%2ftsconfig-utils set size:undefined disposed:false
2350 silly fetch manifest @typescript-eslint/scope-manager@8.50.1
2351 silly packumentCache full:https://registry.npmjs.org/@typescript-eslint%2fscope-manager cache-miss
2352 http fetch GET 200 https://registry.npmjs.org/@typescript-eslint%2ftype-utils 361ms (cache miss)
2353 silly packumentCache full:https://registry.npmjs.org/@typescript-eslint%2ftype-utils set size:undefined disposed:false
2354 http fetch GET 200 https://registry.npmjs.org/@typescript-eslint%2fproject-service 371ms (cache miss)
2355 silly packumentCache full:https://registry.npmjs.org/@typescript-eslint%2fproject-service set size:undefined disposed:false
2356 http fetch GET 200 https://registry.npmjs.org/@typescript-eslint%2ftypes 580ms (cache miss)
2357 silly packumentCache full:https://registry.npmjs.org/@typescript-eslint%2ftypes set size:undefined disposed:false
2358 http fetch GET 200 https://registry.npmjs.org/@typescript-eslint%2fscope-manager 884ms (cache miss)
2359 silly packumentCache full:https://registry.npmjs.org/@typescript-eslint%2fscope-manager set size:undefined disposed:false
2360 http fetch GET 200 https://registry.npmjs.org/@typescript-eslint%2fvisitor-keys 1057ms (cache miss)
2361 silly packumentCache full:https://registry.npmjs.org/@typescript-eslint%2fvisitor-keys set size:undefined disposed:false
2362 http fetch GET 200 https://registry.npmjs.org/@typescript-eslint%2ftypes 1166ms (cache miss)
2363 silly packumentCache full:https://registry.npmjs.org/@typescript-eslint%2ftypes set size:undefined disposed:false
2364 http fetch GET 200 https://registry.npmjs.org/@typescript-eslint%2ftypes 1309ms (cache miss)
2365 silly packumentCache full:https://registry.npmjs.org/@typescript-eslint%2ftypes set size:undefined disposed:false
2366 http fetch GET 200 https://registry.npmjs.org/@typescript-eslint%2fvisitor-keys 1404ms (cache miss)
2367 silly packumentCache full:https://registry.npmjs.org/@typescript-eslint%2fvisitor-keys set size:undefined disposed:false
2368 http fetch GET 200 https://registry.npmjs.org/@typescript-eslint%2fvisitor-keys 1492ms (cache miss)
2369 silly packumentCache full:https://registry.npmjs.org/@typescript-eslint%2fvisitor-keys set size:undefined disposed:false
2370 http fetch GET 200 https://registry.npmjs.org/@typescript-eslint%2fscope-manager 1692ms (cache miss)
2371 silly packumentCache full:https://registry.npmjs.org/@typescript-eslint%2fscope-manager set size:undefined disposed:false
2372 http fetch GET 200 https://registry.npmjs.org/@typescript-eslint%2fscope-manager 1522ms (cache miss)
2373 silly packumentCache full:https://registry.npmjs.org/@typescript-eslint%2fscope-manager set size:undefined disposed:false
2374 silly placeDep ROOT @typescript-eslint/scope-manager@8.50.1 OK for: @typescript-eslint/eslint-plugin@8.50.1 want: 8.50.1
2375 silly placeDep ROOT @typescript-eslint/type-utils@8.50.1 OK for: @typescript-eslint/eslint-plugin@8.50.1 want: 8.50.1
2376 silly placeDep ROOT @typescript-eslint/visitor-keys@8.50.1 OK for: @typescript-eslint/eslint-plugin@8.50.1 want: 8.50.1
2377 silly placeDep node_modules/@typescript-eslint/eslint-plugin ignore@7.0.5 OK for: @typescript-eslint/eslint-plugin@8.50.1 want: ^7.0.0
2378 silly placeDep ROOT ts-api-utils@2.1.0 OK for: @typescript-eslint/eslint-plugin@8.50.1 want: ^2.1.0
2379 silly placeDep ROOT @typescript-eslint/types@8.50.1 OK for: @typescript-eslint/parser@8.50.1 want: 8.50.1
2380 silly placeDep ROOT @typescript-eslint/project-service@8.50.1 OK for: @typescript-eslint/typescript-estree@8.50.1 want: 8.50.1
2381 silly placeDep ROOT @typescript-eslint/tsconfig-utils@8.50.1 OK for: @typescript-eslint/typescript-estree@8.50.1 want: 8.50.1
2382 silly placeDep node_modules/@typescript-eslint/typescript-estree minimatch@9.0.5 OK for: @typescript-eslint/typescript-estree@8.50.1 want: ^9.0.4
2383 silly placeDep node_modules/@typescript-eslint/typescript-estree semver@7.7.3 OK for: @typescript-eslint/typescript-estree@8.50.1 want: ^7.6.0
2384 silly fetch manifest @typescript-eslint/tsconfig-utils@^8.50.1
2385 silly packumentCache full:https://registry.npmjs.org/@typescript-eslint%2ftsconfig-utils cache-miss
2386 silly fetch manifest brace-expansion@^2.0.1
2387 silly packumentCache full:https://registry.npmjs.org/brace-expansion cache-miss
2388 http fetch GET 200 https://registry.npmjs.org/brace-expansion 6ms (cache hit)
2389 silly packumentCache full:https://registry.npmjs.org/brace-expansion set size:46250 disposed:false
2390 http fetch GET 200 https://registry.npmjs.org/@typescript-eslint%2ftsconfig-utils 10ms (cache hit)
2391 silly packumentCache full:https://registry.npmjs.org/@typescript-eslint%2ftsconfig-utils set size:685198 disposed:false
2392 silly placeDep ROOT has-bigints@1.1.0 OK for: unbox-primitive@1.1.0 want: ^1.0.2
2393 silly placeDep ROOT which-boxed-primitive@1.1.1 OK for: unbox-primitive@1.1.0 want: ^1.1.1
2394 silly fetch manifest is-bigint@^1.1.0
2395 silly packumentCache full:https://registry.npmjs.org/is-bigint cache-miss
2396 silly fetch manifest is-boolean-object@^1.2.1
2397 silly packumentCache full:https://registry.npmjs.org/is-boolean-object cache-miss
2398 silly fetch manifest is-number-object@^1.1.1
2399 silly packumentCache full:https://registry.npmjs.org/is-number-object cache-miss
2400 http fetch GET 200 https://registry.npmjs.org/is-bigint 60ms (cache miss)
2401 silly packumentCache full:https://registry.npmjs.org/is-bigint set size:undefined disposed:false
2402 http fetch GET 200 https://registry.npmjs.org/is-boolean-object 60ms (cache miss)
2403 silly packumentCache full:https://registry.npmjs.org/is-boolean-object set size:undefined disposed:false
2404 http fetch GET 200 https://registry.npmjs.org/is-number-object 59ms (cache miss)
2405 silly packumentCache full:https://registry.npmjs.org/is-number-object set size:undefined disposed:false
2406 silly placeDep ROOT @unrs/resolver-binding-android-arm-eabi@1.11.1 OK for: unrs-resolver@1.11.1 want: 1.11.1
2407 silly placeDep ROOT @unrs/resolver-binding-android-arm64@1.11.1 OK for: unrs-resolver@1.11.1 want: 1.11.1
2408 silly placeDep ROOT @unrs/resolver-binding-darwin-arm64@1.11.1 OK for: unrs-resolver@1.11.1 want: 1.11.1
2409 silly placeDep ROOT @unrs/resolver-binding-darwin-x64@1.11.1 OK for: unrs-resolver@1.11.1 want: 1.11.1
2410 silly placeDep ROOT @unrs/resolver-binding-freebsd-x64@1.11.1 OK for: unrs-resolver@1.11.1 want: 1.11.1
2411 silly placeDep ROOT @unrs/resolver-binding-linux-arm-gnueabihf@1.11.1 OK for: unrs-resolver@1.11.1 want: 1.11.1
2412 silly placeDep ROOT @unrs/resolver-binding-linux-arm-musleabihf@1.11.1 OK for: unrs-resolver@1.11.1 want: 1.11.1
2413 silly placeDep ROOT @unrs/resolver-binding-linux-arm64-gnu@1.11.1 OK for: unrs-resolver@1.11.1 want: 1.11.1
2414 silly placeDep ROOT @unrs/resolver-binding-linux-arm64-musl@1.11.1 OK for: unrs-resolver@1.11.1 want: 1.11.1
2415 silly placeDep ROOT @unrs/resolver-binding-linux-ppc64-gnu@1.11.1 OK for: unrs-resolver@1.11.1 want: 1.11.1
2416 silly placeDep ROOT @unrs/resolver-binding-linux-riscv64-gnu@1.11.1 OK for: unrs-resolver@1.11.1 want: 1.11.1
2417 silly placeDep ROOT @unrs/resolver-binding-linux-riscv64-musl@1.11.1 OK for: unrs-resolver@1.11.1 want: 1.11.1
2418 silly placeDep ROOT @unrs/resolver-binding-linux-s390x-gnu@1.11.1 OK for: unrs-resolver@1.11.1 want: 1.11.1
2419 silly placeDep ROOT @unrs/resolver-binding-linux-x64-gnu@1.11.1 OK for: unrs-resolver@1.11.1 want: 1.11.1
2420 silly placeDep ROOT @unrs/resolver-binding-linux-x64-musl@1.11.1 OK for: unrs-resolver@1.11.1 want: 1.11.1
2421 silly placeDep ROOT @unrs/resolver-binding-wasm32-wasi@1.11.1 OK for: unrs-resolver@1.11.1 want: 1.11.1
2422 silly placeDep ROOT @unrs/resolver-binding-win32-arm64-msvc@1.11.1 OK for: unrs-resolver@1.11.1 want: 1.11.1
2423 silly placeDep ROOT @unrs/resolver-binding-win32-ia32-msvc@1.11.1 OK for: unrs-resolver@1.11.1 want: 1.11.1
2424 silly placeDep ROOT @unrs/resolver-binding-win32-x64-msvc@1.11.1 OK for: unrs-resolver@1.11.1 want: 1.11.1
2425 silly placeDep ROOT napi-postinstall@0.3.4 OK for: unrs-resolver@1.11.1 want: ^0.3.0
2426 silly fetch manifest @napi-rs/wasm-runtime@^0.2.11
2427 silly packumentCache full:https://registry.npmjs.org/@napi-rs%2fwasm-runtime cache-miss
2428 http fetch GET 200 https://registry.npmjs.org/@napi-rs%2fwasm-runtime 140ms (cache miss)
2429 silly packumentCache full:https://registry.npmjs.org/@napi-rs%2fwasm-runtime set size:undefined disposed:false
2430 silly placeDep ROOT @napi-rs/wasm-runtime@0.2.12 OK for: @unrs/resolver-binding-wasm32-wasi@1.11.1 want: ^0.2.11
2431 silly fetch manifest @emnapi/core@^1.4.3
2432 silly packumentCache full:https://registry.npmjs.org/@emnapi%2fcore cache-miss
2433 silly fetch manifest @tybys/wasm-util@^0.10.0
2434 silly packumentCache full:https://registry.npmjs.org/@tybys%2fwasm-util cache-miss
2435 http fetch GET 200 https://registry.npmjs.org/@tybys%2fwasm-util 69ms (cache miss)
2436 silly packumentCache full:https://registry.npmjs.org/@tybys%2fwasm-util set size:undefined disposed:false
2437 http fetch GET 200 https://registry.npmjs.org/@emnapi%2fcore 84ms (cache miss)
2438 silly packumentCache full:https://registry.npmjs.org/@emnapi%2fcore set size:undefined disposed:false
2439 silly placeDep ROOT @emnapi/core@1.7.1 OK for: @napi-rs/wasm-runtime@0.2.12 want: ^1.4.3
2440 silly placeDep ROOT @tybys/wasm-util@0.10.1 OK for: @napi-rs/wasm-runtime@0.2.12 want: ^0.10.0
2441 silly fetch manifest @emnapi/wasi-threads@1.1.0
2442 silly packumentCache full:https://registry.npmjs.org/@emnapi%2fwasi-threads cache-miss
2443 http fetch GET 200 https://registry.npmjs.org/@emnapi%2fwasi-threads 77ms (cache miss)
2444 silly packumentCache full:https://registry.npmjs.org/@emnapi%2fwasi-threads set size:undefined disposed:false
2445 silly placeDep ROOT @emnapi/wasi-threads@1.1.0 OK for: @emnapi/core@1.7.1 want: 1.1.0
2446 silly placeDep ROOT escalade@3.2.0 OK for: update-browserslist-db@1.2.3 want: ^3.2.0
2447 silly placeDep ROOT punycode@2.3.1 OK for: uri-js@4.4.1 want: ^2.1.0
2448 silly placeDep ROOT isexe@2.0.0 OK for: which@2.0.2 want: ^2.0.0
2449 silly placeDep ROOT is-bigint@1.1.0 OK for: which-boxed-primitive@1.1.1 want: ^1.1.0
2450 silly placeDep ROOT is-boolean-object@1.2.2 OK for: which-boxed-primitive@1.1.1 want: ^1.2.1
2451 silly placeDep ROOT is-number-object@1.1.1 OK for: which-boxed-primitive@1.1.1 want: ^1.1.1
2452 silly placeDep ROOT is-async-function@2.1.1 OK for: which-builtin-type@1.2.1 want: ^2.0.0
2453 silly placeDep ROOT is-finalizationregistry@1.1.1 OK for: which-builtin-type@1.2.1 want: ^1.1.0
2454 silly placeDep ROOT is-generator-function@1.1.2 OK for: which-builtin-type@1.2.1 want: ^1.0.10
2455 silly placeDep ROOT which-collection@1.0.2 OK for: which-builtin-type@1.2.1 want: ^1.0.2
2456 silly fetch manifest async-function@^1.0.0
2457 silly packumentCache full:https://registry.npmjs.org/async-function cache-miss
2458 silly fetch manifest generator-function@^2.0.0
2459 silly packumentCache full:https://registry.npmjs.org/generator-function cache-miss
2460 silly fetch manifest is-map@^2.0.3
2461 silly packumentCache full:https://registry.npmjs.org/is-map cache-miss
2462 silly fetch manifest is-weakmap@^2.0.2
2463 silly packumentCache full:https://registry.npmjs.org/is-weakmap cache-miss
2464 silly fetch manifest is-weakset@^2.0.3
2465 silly packumentCache full:https://registry.npmjs.org/is-weakset cache-miss
2466 http fetch GET 200 https://registry.npmjs.org/async-function 55ms (cache miss)
2467 silly packumentCache full:https://registry.npmjs.org/async-function set size:undefined disposed:false
2468 http fetch GET 200 https://registry.npmjs.org/is-weakset 53ms (cache miss)
2469 silly packumentCache full:https://registry.npmjs.org/is-weakset set size:undefined disposed:false
2470 http fetch GET 200 https://registry.npmjs.org/generator-function 90ms (cache miss)
2471 silly packumentCache full:https://registry.npmjs.org/generator-function set size:undefined disposed:false
2472 http fetch GET 200 https://registry.npmjs.org/is-weakmap 89ms (cache miss)
2473 silly packumentCache full:https://registry.npmjs.org/is-weakmap set size:undefined disposed:false
2474 http fetch GET 200 https://registry.npmjs.org/is-map 183ms (cache miss)
2475 silly packumentCache full:https://registry.npmjs.org/is-map set size:undefined disposed:false
2476 silly placeDep ROOT async-function@1.0.0 OK for: is-async-function@2.1.1 want: ^1.0.0
2477 silly placeDep ROOT generator-function@2.0.1 OK for: is-generator-function@1.1.2 want: ^2.0.0
2478 silly placeDep ROOT is-map@2.0.3 OK for: which-collection@1.0.2 want: ^2.0.3
2479 silly placeDep ROOT is-weakmap@2.0.2 OK for: which-collection@1.0.2 want: ^2.0.2
2480 silly placeDep ROOT is-weakset@2.0.4 OK for: which-collection@1.0.2 want: ^2.0.3
2481 silly placeDep node_modules/@typescript-eslint/typescript-estree brace-expansion@2.0.2 OK for: minimatch@9.0.5 want: ^2.0.1
2482 silly reify moves {}
2483 verbose reify failed optional dependency /Users/home/evolved/music-land/node_modules/@unrs/resolver-binding-win32-x64-msvc
2484 silly reify mark deleted [
2484 silly reify   '/Users/home/evolved/music-land/node_modules/@unrs/resolver-binding-win32-x64-msvc'
2484 silly reify ]
2485 verbose reify failed optional dependency /Users/home/evolved/music-land/node_modules/@unrs/resolver-binding-win32-ia32-msvc
2486 silly reify mark deleted [
2486 silly reify   '/Users/home/evolved/music-land/node_modules/@unrs/resolver-binding-win32-ia32-msvc'
2486 silly reify ]
2487 verbose reify failed optional dependency /Users/home/evolved/music-land/node_modules/@unrs/resolver-binding-win32-arm64-msvc
2488 silly reify mark deleted [
2488 silly reify   '/Users/home/evolved/music-land/node_modules/@unrs/resolver-binding-win32-arm64-msvc'
2488 silly reify ]
2489 verbose reify failed optional dependency /Users/home/evolved/music-land/node_modules/@unrs/resolver-binding-wasm32-wasi
2490 silly reify mark deleted [
2490 silly reify   '/Users/home/evolved/music-land/node_modules/@unrs/resolver-binding-wasm32-wasi'
2490 silly reify ]
2491 verbose reify failed optional dependency /Users/home/evolved/music-land/node_modules/@napi-rs/wasm-runtime
2492 silly reify mark deleted [ '/Users/home/evolved/music-land/node_modules/@napi-rs/wasm-runtime' ]
2493 verbose reify failed optional dependency /Users/home/evolved/music-land/node_modules/@emnapi/core
2494 silly reify mark deleted [ '/Users/home/evolved/music-land/node_modules/@emnapi/core' ]
2495 verbose reify failed optional dependency /Users/home/evolved/music-land/node_modules/@tybys/wasm-util
2496 silly reify mark deleted [ '/Users/home/evolved/music-land/node_modules/@tybys/wasm-util' ]
2497 verbose reify failed optional dependency /Users/home/evolved/music-land/node_modules/@emnapi/wasi-threads
2498 silly reify mark deleted [ '/Users/home/evolved/music-land/node_modules/@emnapi/wasi-threads' ]
2499 verbose reify failed optional dependency /Users/home/evolved/music-land/node_modules/@unrs/resolver-binding-linux-x64-musl
2500 silly reify mark deleted [
2500 silly reify   '/Users/home/evolved/music-land/node_modules/@unrs/resolver-binding-linux-x64-musl'
2500 silly reify ]
2501 verbose reify failed optional dependency /Users/home/evolved/music-land/node_modules/@unrs/resolver-binding-linux-x64-gnu
2502 silly reify mark deleted [
2502 silly reify   '/Users/home/evolved/music-land/node_modules/@unrs/resolver-binding-linux-x64-gnu'
2502 silly reify ]
2503 verbose reify failed optional dependency /Users/home/evolved/music-land/node_modules/@unrs/resolver-binding-linux-s390x-gnu
2504 silly reify mark deleted [
2504 silly reify   '/Users/home/evolved/music-land/node_modules/@unrs/resolver-binding-linux-s390x-gnu'
2504 silly reify ]
2505 verbose reify failed optional dependency /Users/home/evolved/music-land/node_modules/@unrs/resolver-binding-linux-riscv64-musl
2506 silly reify mark deleted [
2506 silly reify   '/Users/home/evolved/music-land/node_modules/@unrs/resolver-binding-linux-riscv64-musl'
2506 silly reify ]
2507 verbose reify failed optional dependency /Users/home/evolved/music-land/node_modules/@unrs/resolver-binding-linux-riscv64-gnu
2508 silly reify mark deleted [
2508 silly reify   '/Users/home/evolved/music-land/node_modules/@unrs/resolver-binding-linux-riscv64-gnu'
2508 silly reify ]
2509 verbose reify failed optional dependency /Users/home/evolved/music-land/node_modules/@unrs/resolver-binding-linux-ppc64-gnu
2510 silly reify mark deleted [
2510 silly reify   '/Users/home/evolved/music-land/node_modules/@unrs/resolver-binding-linux-ppc64-gnu'
2510 silly reify ]
2511 verbose reify failed optional dependency /Users/home/evolved/music-land/node_modules/@unrs/resolver-binding-linux-arm64-musl
2512 silly reify mark deleted [
2512 silly reify   '/Users/home/evolved/music-land/node_modules/@unrs/resolver-binding-linux-arm64-musl'
2512 silly reify ]
2513 verbose reify failed optional dependency /Users/home/evolved/music-land/node_modules/@unrs/resolver-binding-linux-arm64-gnu
2514 silly reify mark deleted [
2514 silly reify   '/Users/home/evolved/music-land/node_modules/@unrs/resolver-binding-linux-arm64-gnu'
2514 silly reify ]
2515 verbose reify failed optional dependency /Users/home/evolved/music-land/node_modules/@unrs/resolver-binding-linux-arm-musleabihf
2516 silly reify mark deleted [
2516 silly reify   '/Users/home/evolved/music-land/node_modules/@unrs/resolver-binding-linux-arm-musleabihf'
2516 silly reify ]
2517 verbose reify failed optional dependency /Users/home/evolved/music-land/node_modules/@unrs/resolver-binding-linux-arm-gnueabihf
2518 silly reify mark deleted [
2518 silly reify   '/Users/home/evolved/music-land/node_modules/@unrs/resolver-binding-linux-arm-gnueabihf'
2518 silly reify ]
2519 verbose reify failed optional dependency /Users/home/evolved/music-land/node_modules/@unrs/resolver-binding-freebsd-x64
2520 silly reify mark deleted [
2520 silly reify   '/Users/home/evolved/music-land/node_modules/@unrs/resolver-binding-freebsd-x64'
2520 silly reify ]
2521 verbose reify failed optional dependency /Users/home/evolved/music-land/node_modules/@unrs/resolver-binding-darwin-arm64
2522 silly reify mark deleted [
2522 silly reify   '/Users/home/evolved/music-land/node_modules/@unrs/resolver-binding-darwin-arm64'
2522 silly reify ]
2523 verbose reify failed optional dependency /Users/home/evolved/music-land/node_modules/@unrs/resolver-binding-android-arm64
2524 silly reify mark deleted [
2524 silly reify   '/Users/home/evolved/music-land/node_modules/@unrs/resolver-binding-android-arm64'
2524 silly reify ]
2525 verbose reify failed optional dependency /Users/home/evolved/music-land/node_modules/@unrs/resolver-binding-android-arm-eabi
2526 silly reify mark deleted [
2526 silly reify   '/Users/home/evolved/music-land/node_modules/@unrs/resolver-binding-android-arm-eabi'
2526 silly reify ]
2527 verbose reify failed optional dependency /Users/home/evolved/music-land/node_modules/@img/sharp-win32-x64
2528 silly reify mark deleted [ '/Users/home/evolved/music-land/node_modules/@img/sharp-win32-x64' ]
2529 verbose reify failed optional dependency /Users/home/evolved/music-land/node_modules/@img/sharp-win32-ia32
2530 silly reify mark deleted [ '/Users/home/evolved/music-land/node_modules/@img/sharp-win32-ia32' ]
2531 verbose reify failed optional dependency /Users/home/evolved/music-land/node_modules/@img/sharp-win32-arm64
2532 silly reify mark deleted [
2532 silly reify   '/Users/home/evolved/music-land/node_modules/@img/sharp-win32-arm64'
2532 silly reify ]
2533 verbose reify failed optional dependency /Users/home/evolved/music-land/node_modules/@img/sharp-wasm32
2534 silly reify mark deleted [ '/Users/home/evolved/music-land/node_modules/@img/sharp-wasm32' ]
2535 verbose reify failed optional dependency /Users/home/evolved/music-land/node_modules/@img/sharp-linuxmusl-x64
2536 silly reify mark deleted [
2536 silly reify   '/Users/home/evolved/music-land/node_modules/@img/sharp-linuxmusl-x64'
2536 silly reify ]
2537 verbose reify failed optional dependency /Users/home/evolved/music-land/node_modules/@img/sharp-linuxmusl-arm64
2538 silly reify mark deleted [
2538 silly reify   '/Users/home/evolved/music-land/node_modules/@img/sharp-linuxmusl-arm64'
2538 silly reify ]
2539 verbose reify failed optional dependency /Users/home/evolved/music-land/node_modules/@img/sharp-linux-x64
2540 silly reify mark deleted [ '/Users/home/evolved/music-land/node_modules/@img/sharp-linux-x64' ]
2541 verbose reify failed optional dependency /Users/home/evolved/music-land/node_modules/@img/sharp-linux-s390x
2542 silly reify mark deleted [
2542 silly reify   '/Users/home/evolved/music-land/node_modules/@img/sharp-linux-s390x'
2542 silly reify ]
2543 verbose reify failed optional dependency /Users/home/evolved/music-land/node_modules/@img/sharp-linux-riscv64
2544 silly reify mark deleted [
2544 silly reify   '/Users/home/evolved/music-land/node_modules/@img/sharp-linux-riscv64'
2544 silly reify ]
2545 verbose reify failed optional dependency /Users/home/evolved/music-land/node_modules/@img/sharp-linux-ppc64
2546 silly reify mark deleted [
2546 silly reify   '/Users/home/evolved/music-land/node_modules/@img/sharp-linux-ppc64'
2546 silly reify ]
2547 verbose reify failed optional dependency /Users/home/evolved/music-land/node_modules/@img/sharp-linux-arm64
2548 silly reify mark deleted [
2548 silly reify   '/Users/home/evolved/music-land/node_modules/@img/sharp-linux-arm64'
2548 silly reify ]
2549 verbose reify failed optional dependency /Users/home/evolved/music-land/node_modules/@img/sharp-linux-arm
2550 silly reify mark deleted [ '/Users/home/evolved/music-land/node_modules/@img/sharp-linux-arm' ]
2551 verbose reify failed optional dependency /Users/home/evolved/music-land/node_modules/@img/sharp-libvips-linuxmusl-x64
2552 silly reify mark deleted [
2552 silly reify   '/Users/home/evolved/music-land/node_modules/@img/sharp-libvips-linuxmusl-x64'
2552 silly reify ]
2553 verbose reify failed optional dependency /Users/home/evolved/music-land/node_modules/@img/sharp-libvips-linuxmusl-arm64
2554 silly reify mark deleted [
2554 silly reify   '/Users/home/evolved/music-land/node_modules/@img/sharp-libvips-linuxmusl-arm64'
2554 silly reify ]
2555 verbose reify failed optional dependency /Users/home/evolved/music-land/node_modules/@img/sharp-libvips-linux-x64
2556 silly reify mark deleted [
2556 silly reify   '/Users/home/evolved/music-land/node_modules/@img/sharp-libvips-linux-x64'
2556 silly reify ]
2557 verbose reify failed optional dependency /Users/home/evolved/music-land/node_modules/@img/sharp-libvips-linux-s390x
2558 silly reify mark deleted [
2558 silly reify   '/Users/home/evolved/music-land/node_modules/@img/sharp-libvips-linux-s390x'
2558 silly reify ]
2559 verbose reify failed optional dependency /Users/home/evolved/music-land/node_modules/@img/sharp-libvips-linux-riscv64
2560 silly reify mark deleted [
2560 silly reify   '/Users/home/evolved/music-land/node_modules/@img/sharp-libvips-linux-riscv64'
2560 silly reify ]
2561 verbose reify failed optional dependency /Users/home/evolved/music-land/node_modules/@img/sharp-libvips-linux-ppc64
2562 silly reify mark deleted [
2562 silly reify   '/Users/home/evolved/music-land/node_modules/@img/sharp-libvips-linux-ppc64'
2562 silly reify ]
2563 verbose reify failed optional dependency /Users/home/evolved/music-land/node_modules/@img/sharp-libvips-linux-arm64
2564 silly reify mark deleted [
2564 silly reify   '/Users/home/evolved/music-land/node_modules/@img/sharp-libvips-linux-arm64'
2564 silly reify ]
2565 verbose reify failed optional dependency /Users/home/evolved/music-land/node_modules/@img/sharp-libvips-linux-arm
2566 silly reify mark deleted [
2566 silly reify   '/Users/home/evolved/music-land/node_modules/@img/sharp-libvips-linux-arm'
2566 silly reify ]
2567 verbose reify failed optional dependency /Users/home/evolved/music-land/node_modules/@img/sharp-libvips-darwin-arm64
2568 silly reify mark deleted [
2568 silly reify   '/Users/home/evolved/music-land/node_modules/@img/sharp-libvips-darwin-arm64'
2568 silly reify ]
2569 verbose reify failed optional dependency /Users/home/evolved/music-land/node_modules/@img/sharp-darwin-arm64
2570 silly reify mark deleted [
2570 silly reify   '/Users/home/evolved/music-land/node_modules/@img/sharp-darwin-arm64'
2570 silly reify ]
2571 verbose reify failed optional dependency /Users/home/evolved/music-land/node_modules/@next/swc-win32-x64-msvc
2572 silly reify mark deleted [
2572 silly reify   '/Users/home/evolved/music-land/node_modules/@next/swc-win32-x64-msvc'
2572 silly reify ]
2573 verbose reify failed optional dependency /Users/home/evolved/music-land/node_modules/@next/swc-win32-arm64-msvc
2574 silly reify mark deleted [
2574 silly reify   '/Users/home/evolved/music-land/node_modules/@next/swc-win32-arm64-msvc'
2574 silly reify ]
2575 verbose reify failed optional dependency /Users/home/evolved/music-land/node_modules/@next/swc-linux-x64-musl
2576 silly reify mark deleted [
2576 silly reify   '/Users/home/evolved/music-land/node_modules/@next/swc-linux-x64-musl'
2576 silly reify ]
2577 verbose reify failed optional dependency /Users/home/evolved/music-land/node_modules/@next/swc-linux-x64-gnu
2578 silly reify mark deleted [
2578 silly reify   '/Users/home/evolved/music-land/node_modules/@next/swc-linux-x64-gnu'
2578 silly reify ]
2579 verbose reify failed optional dependency /Users/home/evolved/music-land/node_modules/@next/swc-linux-arm64-musl
2580 silly reify mark deleted [
2580 silly reify   '/Users/home/evolved/music-land/node_modules/@next/swc-linux-arm64-musl'
2580 silly reify ]
2581 verbose reify failed optional dependency /Users/home/evolved/music-land/node_modules/@next/swc-linux-arm64-gnu
2582 silly reify mark deleted [
2582 silly reify   '/Users/home/evolved/music-land/node_modules/@next/swc-linux-arm64-gnu'
2582 silly reify ]
2583 verbose reify failed optional dependency /Users/home/evolved/music-land/node_modules/@next/swc-darwin-arm64
2584 silly reify mark deleted [
2584 silly reify   '/Users/home/evolved/music-land/node_modules/@next/swc-darwin-arm64'
2584 silly reify ]
2585 silly tarball no local data for is-map@https://registry.npmjs.org/is-map/-/is-map-2.0.3.tgz. Extracting by manifest.
2586 silly tarball no local data for is-weakmap@https://registry.npmjs.org/is-weakmap/-/is-weakmap-2.0.2.tgz. Extracting by manifest.
2587 silly tarball no local data for is-weakset@https://registry.npmjs.org/is-weakset/-/is-weakset-2.0.4.tgz. Extracting by manifest.
2588 silly tarball no local data for generator-function@https://registry.npmjs.org/generator-function/-/generator-function-2.0.1.tgz. Extracting by manifest.
2589 silly tarball no local data for async-function@https://registry.npmjs.org/async-function/-/async-function-1.0.0.tgz. Extracting by manifest.
2590 silly tarball no local data for is-generator-function@https://registry.npmjs.org/is-generator-function/-/is-generator-function-1.1.2.tgz. Extracting by manifest.
2591 silly tarball no local data for is-finalizationregistry@https://registry.npmjs.org/is-finalizationregistry/-/is-finalizationregistry-1.1.1.tgz. Extracting by manifest.
2592 silly tarball no local data for is-async-function@https://registry.npmjs.org/is-async-function/-/is-async-function-2.1.1.tgz. Extracting by manifest.
2593 silly tarball no local data for which-collection@https://registry.npmjs.org/which-collection/-/which-collection-1.0.2.tgz. Extracting by manifest.
2594 silly tarball no local data for is-number-object@https://registry.npmjs.org/is-number-object/-/is-number-object-1.1.1.tgz. Extracting by manifest.
2595 silly tarball no local data for is-boolean-object@https://registry.npmjs.org/is-boolean-object/-/is-boolean-object-1.2.2.tgz. Extracting by manifest.
2596 silly tarball no local data for isexe@https://registry.npmjs.org/isexe/-/isexe-2.0.0.tgz. Extracting by manifest.
2597 silly tarball no local data for is-bigint@https://registry.npmjs.org/is-bigint/-/is-bigint-1.1.0.tgz. Extracting by manifest.
2598 silly tarball no local data for punycode@https://registry.npmjs.org/punycode/-/punycode-2.3.1.tgz. Extracting by manifest.
2599 silly tarball no local data for escalade@https://registry.npmjs.org/escalade/-/escalade-3.2.0.tgz. Extracting by manifest.
2600 silly tarball no local data for @emnapi/wasi-threads@https://registry.npmjs.org/@emnapi/wasi-threads/-/wasi-threads-1.1.0.tgz. Extracting by manifest.
2601 silly tarball no local data for @emnapi/core@https://registry.npmjs.org/@emnapi/core/-/core-1.7.1.tgz. Extracting by manifest.
2602 silly tarball no local data for @napi-rs/wasm-runtime@https://registry.npmjs.org/@napi-rs/wasm-runtime/-/wasm-runtime-0.2.12.tgz. Extracting by manifest.
2603 silly tarball no local data for @tybys/wasm-util@https://registry.npmjs.org/@tybys/wasm-util/-/wasm-util-0.10.1.tgz. Extracting by manifest.
2604 silly tarball no local data for napi-postinstall@https://registry.npmjs.org/napi-postinstall/-/napi-postinstall-0.3.4.tgz. Extracting by manifest.
2605 silly tarball no local data for @unrs/resolver-binding-darwin-x64@https://registry.npmjs.org/@unrs/resolver-binding-darwin-x64/-/resolver-binding-darwin-x64-1.11.1.tgz. Extracting by manifest.
2606 silly tarball no local data for which-boxed-primitive@https://registry.npmjs.org/which-boxed-primitive/-/which-boxed-primitive-1.1.1.tgz. Extracting by manifest.
2607 silly tarball no local data for has-bigints@https://registry.npmjs.org/has-bigints/-/has-bigints-1.1.0.tgz. Extracting by manifest.
2608 silly tarball no local data for @typescript-eslint/types@https://registry.npmjs.org/@typescript-eslint/types/-/types-8.50.1.tgz. Extracting by manifest.
2609 silly tarball no local data for @typescript-eslint/tsconfig-utils@https://registry.npmjs.org/@typescript-eslint/tsconfig-utils/-/tsconfig-utils-8.50.1.tgz. Extracting by manifest.
2610 silly tarball no local data for @typescript-eslint/project-service@https://registry.npmjs.org/@typescript-eslint/project-service/-/project-service-8.50.1.tgz. Extracting by manifest.
2611 silly tarball no local data for ts-api-utils@https://registry.npmjs.org/ts-api-utils/-/ts-api-utils-2.1.0.tgz. Extracting by manifest.
2612 silly tarball no local data for @typescript-eslint/visitor-keys@https://registry.npmjs.org/@typescript-eslint/visitor-keys/-/visitor-keys-8.50.1.tgz. Extracting by manifest.
2613 silly tarball no local data for @typescript-eslint/scope-manager@https://registry.npmjs.org/@typescript-eslint/scope-manager/-/scope-manager-8.50.1.tgz. Extracting by manifest.
2614 silly tarball no local data for @typescript-eslint/type-utils@https://registry.npmjs.org/@typescript-eslint/type-utils/-/type-utils-8.50.1.tgz. Extracting by manifest.
2615 silly tarball no local data for @typescript-eslint/utils@https://registry.npmjs.org/@typescript-eslint/utils/-/utils-8.50.1.tgz. Extracting by manifest.
2616 silly tarball no local data for @typescript-eslint/parser@https://registry.npmjs.org/@typescript-eslint/parser/-/parser-8.50.1.tgz. Extracting by manifest.
2617 silly tarball no local data for @typescript-eslint/eslint-plugin@https://registry.npmjs.org/@typescript-eslint/eslint-plugin/-/eslint-plugin-8.50.1.tgz. Extracting by manifest.
2618 silly tarball no local data for which-builtin-type@https://registry.npmjs.org/which-builtin-type/-/which-builtin-type-1.2.1.tgz. Extracting by manifest.
2619 silly tarball no local data for @typescript-eslint/typescript-estree@https://registry.npmjs.org/@typescript-eslint/typescript-estree/-/typescript-estree-8.50.1.tgz. Extracting by manifest.
2620 silly tarball no local data for reflect.getprototypeof@https://registry.npmjs.org/reflect.getprototypeof/-/reflect.getprototypeof-1.0.10.tgz. Extracting by manifest.
2621 silly tarball no local data for for-each@https://registry.npmjs.org/for-each/-/for-each-0.3.5.tgz. Extracting by manifest.
2622 silly tarball no local data for strip-bom@https://registry.npmjs.org/strip-bom/-/strip-bom-3.0.0.tgz. Extracting by manifest.
2623 silly tarball no local data for minimist@https://registry.npmjs.org/minimist/-/minimist-1.2.8.tgz. Extracting by manifest.
2624 silly tarball no local data for @types/json5@https://registry.npmjs.org/@types/json5/-/json5-0.0.29.tgz. Extracting by manifest.
2625 silly tarball no local data for is-number@https://registry.npmjs.org/is-number/-/is-number-7.0.0.tgz. Extracting by manifest.
2626 silly tarball no local data for fdir@https://registry.npmjs.org/fdir/-/fdir-6.5.0.tgz. Extracting by manifest.
2627 silly tarball no local data for has-flag@https://registry.npmjs.org/has-flag/-/has-flag-4.0.0.tgz. Extracting by manifest.
2628 silly tarball no local data for side-channel-weakmap@https://registry.npmjs.org/side-channel-weakmap/-/side-channel-weakmap-1.0.2.tgz. Extracting by manifest.
2629 silly tarball no local data for side-channel-map@https://registry.npmjs.org/side-channel-map/-/side-channel-map-1.0.1.tgz. Extracting by manifest.
2630 silly tarball no local data for side-channel-list@https://registry.npmjs.org/side-channel-list/-/side-channel-list-1.0.0.tgz. Extracting by manifest.
2631 silly tarball no local data for client-only@https://registry.npmjs.org/client-only/-/client-only-0.0.1.tgz. Extracting by manifest.
2632 silly tarball no local data for shebang-regex@https://registry.npmjs.org/shebang-regex/-/shebang-regex-3.0.0.tgz. Extracting by manifest.
2633 silly tarball no local data for @emnapi/runtime@https://registry.npmjs.org/@emnapi/runtime/-/runtime-1.7.1.tgz. Extracting by manifest.
2634 silly tarball no local data for @img/sharp-libvips-darwin-x64@https://registry.npmjs.org/@img/sharp-libvips-darwin-x64/-/sharp-libvips-darwin-x64-1.2.4.tgz. Extracting by manifest.
2635 silly tarball no local data for detect-libc@https://registry.npmjs.org/detect-libc/-/detect-libc-2.1.2.tgz. Extracting by manifest.
2636 silly tarball no local data for @img/sharp-darwin-x64@https://registry.npmjs.org/@img/sharp-darwin-x64/-/sharp-darwin-x64-0.34.5.tgz. Extracting by manifest.
2637 silly tarball no local data for @img/colour@https://registry.npmjs.org/@img/colour/-/colour-1.0.0.tgz. Extracting by manifest.
2638 silly tarball no local data for queue-microtask@https://registry.npmjs.org/queue-microtask/-/queue-microtask-1.2.3.tgz. Extracting by manifest.
2639 silly tarball no local data for path-parse@https://registry.npmjs.org/path-parse/-/path-parse-1.0.7.tgz. Extracting by manifest.
2640 silly tarball no local data for supports-preserve-symlinks-flag@https://registry.npmjs.org/supports-preserve-symlinks-flag/-/supports-preserve-symlinks-flag-1.0.0.tgz. Extracting by manifest.
2641 silly tarball no local data for isarray@https://registry.npmjs.org/isarray/-/isarray-2.0.5.tgz. Extracting by manifest.
2642 silly tarball no local data for dom-helpers@https://registry.npmjs.org/dom-helpers/-/dom-helpers-5.2.1.tgz. Extracting by manifest.
2643 silly tarball no local data for scheduler@https://registry.npmjs.org/scheduler/-/scheduler-0.27.0.tgz. Extracting by manifest.
2644 silly tarball no local data for object-assign@https://registry.npmjs.org/object-assign/-/object-assign-4.1.1.tgz. Extracting by manifest.
2645 silly tarball no local data for nanoid@https://registry.npmjs.org/nanoid/-/nanoid-3.3.11.tgz. Extracting by manifest.
2646 silly tarball no local data for source-map-js@https://registry.npmjs.org/source-map-js/-/source-map-js-1.2.1.tgz. Extracting by manifest.
2647 silly tarball no local data for is-arrayish@https://registry.npmjs.org/is-arrayish/-/is-arrayish-0.2.1.tgz. Extracting by manifest.
2648 silly tarball no local data for loose-envify@https://registry.npmjs.org/loose-envify/-/loose-envify-1.4.0.tgz. Extracting by manifest.
2649 silly tarball no local data for lines-and-columns@https://registry.npmjs.org/lines-and-columns/-/lines-and-columns-1.2.4.tgz. Extracting by manifest.
2650 silly tarball no local data for error-ex@https://registry.npmjs.org/error-ex/-/error-ex-1.3.4.tgz. Extracting by manifest.
2651 silly tarball no local data for json-parse-even-better-errors@https://registry.npmjs.org/json-parse-even-better-errors/-/json-parse-even-better-errors-2.3.1.tgz. Extracting by manifest.
2652 silly tarball no local data for callsites@https://registry.npmjs.org/callsites/-/callsites-3.1.0.tgz. Extracting by manifest.
2653 silly tarball no local data for yocto-queue@https://registry.npmjs.org/yocto-queue/-/yocto-queue-0.1.0.tgz. Extracting by manifest.
2654 silly tarball no local data for p-limit@https://registry.npmjs.org/p-limit/-/p-limit-3.1.0.tgz. Extracting by manifest.
2655 silly tarball no local data for word-wrap@https://registry.npmjs.org/word-wrap/-/word-wrap-1.2.5.tgz. Extracting by manifest.
2656 silly tarball no local data for deep-is@https://registry.npmjs.org/deep-is/-/deep-is-0.1.4.tgz. Extracting by manifest.
2657 silly tarball no local data for fast-levenshtein@https://registry.npmjs.org/fast-levenshtein/-/fast-levenshtein-2.0.6.tgz. Extracting by manifest.
2658 silly tarball no local data for tslib@https://registry.npmjs.org/tslib/-/tslib-2.8.1.tgz. Extracting by manifest.
2659 silly tarball no local data for styled-jsx@https://registry.npmjs.org/styled-jsx/-/styled-jsx-5.1.6.tgz. Extracting by manifest.
2660 silly tarball no local data for sharp@https://registry.npmjs.org/sharp/-/sharp-0.34.5.tgz. Extracting by manifest.
2661 silly tarball no local data for postcss@https://registry.npmjs.org/postcss/-/postcss-8.4.31.tgz. Extracting by manifest.
2662 silly tarball no local data for @swc/helpers@https://registry.npmjs.org/@swc/helpers/-/helpers-0.5.15.tgz. Extracting by manifest.
2663 silly tarball no local data for @next/env@https://registry.npmjs.org/@next/env/-/env-16.1.1.tgz. Extracting by manifest.
2664 silly tarball no local data for concat-map@https://registry.npmjs.org/concat-map/-/concat-map-0.0.1.tgz. Extracting by manifest.
2665 silly tarball no local data for @next/swc-darwin-x64@https://registry.npmjs.org/@next/swc-darwin-x64/-/swc-darwin-x64-16.1.1.tgz. Extracting by manifest.
2666 silly tarball no local data for brace-expansion@https://registry.npmjs.org/brace-expansion/-/brace-expansion-1.1.12.tgz. Extracting by manifest.
2667 silly tarball no local data for balanced-match@https://registry.npmjs.org/balanced-match/-/balanced-match-1.0.2.tgz. Extracting by manifest.
2668 silly tarball no local data for to-regex-range@https://registry.npmjs.org/to-regex-range/-/to-regex-range-5.0.1.tgz. Extracting by manifest.
2669 silly tarball no local data for fill-range@https://registry.npmjs.org/fill-range/-/fill-range-7.1.1.tgz. Extracting by manifest.
2670 silly tarball no local data for picomatch@https://registry.npmjs.org/picomatch/-/picomatch-2.3.1.tgz. Extracting by manifest.
2671 silly tarball no local data for braces@https://registry.npmjs.org/braces/-/braces-3.0.3.tgz. Extracting by manifest.
2672 silly tarball no local data for yallist@https://registry.npmjs.org/yallist/-/yallist-3.1.1.tgz. Extracting by manifest.
2673 silly tarball no local data for p-locate@https://registry.npmjs.org/p-locate/-/p-locate-5.0.0.tgz. Extracting by manifest.
2674 silly tarball no local data for prelude-ls@https://registry.npmjs.org/prelude-ls/-/prelude-ls-1.2.1.tgz. Extracting by manifest.
2675 silly tarball no local data for language-subtag-registry@https://registry.npmjs.org/language-subtag-registry/-/language-subtag-registry-0.3.23.tgz. Extracting by manifest.
2676 silly tarball no local data for type-check@https://registry.npmjs.org/type-check/-/type-check-0.4.0.tgz. Extracting by manifest.
2677 silly tarball no local data for json-buffer@https://registry.npmjs.org/json-buffer/-/json-buffer-3.0.1.tgz. Extracting by manifest.
2678 silly tarball no local data for is-extglob@https://registry.npmjs.org/is-extglob/-/is-extglob-2.1.1.tgz. Extracting by manifest.
2679 silly tarball no local data for argparse@https://registry.npmjs.org/argparse/-/argparse-2.0.1.tgz. Extracting by manifest.
2680 silly tarball no local data for side-channel@https://registry.npmjs.org/side-channel/-/side-channel-1.1.0.tgz. Extracting by manifest.
2681 silly tarball no local data for set-function-name@https://registry.npmjs.org/set-function-name/-/set-function-name-2.0.2.tgz. Extracting by manifest.
2682 silly tarball no local data for resolve-from@https://registry.npmjs.org/resolve-from/-/resolve-from-4.0.0.tgz. Extracting by manifest.
2683 silly tarball no local data for parent-module@https://registry.npmjs.org/parent-module/-/parent-module-1.0.1.tgz. Extracting by manifest.
2684 silly tarball no local data for hermes-estree@https://registry.npmjs.org/hermes-estree/-/hermes-estree-0.25.1.tgz. Extracting by manifest.
2685 silly tarball no local data for dunder-proto@https://registry.npmjs.org/dunder-proto/-/dunder-proto-1.0.1.tgz. Extracting by manifest.
2686 silly tarball no local data for functions-have-names@https://registry.npmjs.org/functions-have-names/-/functions-have-names-1.2.3.tgz. Extracting by manifest.
2687 silly tarball no local data for keyv@https://registry.npmjs.org/keyv/-/keyv-4.5.4.tgz. Extracting by manifest.
2688 silly tarball no local data for flatted@https://registry.npmjs.org/flatted/-/flatted-3.3.3.tgz. Extracting by manifest.
2689 silly tarball no local data for path-exists@https://registry.npmjs.org/path-exists/-/path-exists-4.0.0.tgz. Extracting by manifest.
2690 silly tarball no local data for resolve-pkg-maps@https://registry.npmjs.org/resolve-pkg-maps/-/resolve-pkg-maps-1.0.0.tgz. Extracting by manifest.
2691 silly tarball no local data for flat-cache@https://registry.npmjs.org/flat-cache/-/flat-cache-4.0.1.tgz. Extracting by manifest.
2692 silly tarball no local data for reusify@https://registry.npmjs.org/reusify/-/reusify-1.1.0.tgz. Extracting by manifest.
2693 silly tarball no local data for locate-path@https://registry.npmjs.org/locate-path/-/locate-path-6.0.0.tgz. Extracting by manifest.
2694 silly tarball no local data for fastq@https://registry.npmjs.org/fastq/-/fastq-1.20.1.tgz. Extracting by manifest.
2695 silly tarball no local data for run-parallel@https://registry.npmjs.org/run-parallel/-/run-parallel-1.2.0.tgz. Extracting by manifest.
2696 silly tarball no local data for @nodelib/fs.scandir@https://registry.npmjs.org/@nodelib/fs.scandir/-/fs.scandir-2.1.5.tgz. Extracting by manifest.
2697 silly tarball no local data for micromatch@https://registry.npmjs.org/micromatch/-/micromatch-4.0.8.tgz. Extracting by manifest.
2698 silly tarball no local data for merge2@https://registry.npmjs.org/merge2/-/merge2-1.4.1.tgz. Extracting by manifest.
2699 silly tarball no local data for @nodelib/fs.walk@https://registry.npmjs.org/@nodelib/fs.walk/-/fs.walk-1.2.8.tgz. Extracting by manifest.
2700 silly tarball no local data for acorn-jsx@https://registry.npmjs.org/acorn-jsx/-/acorn-jsx-5.3.2.tgz. Extracting by manifest.
2701 silly tarball no local data for @nodelib/fs.stat@https://registry.npmjs.org/@nodelib/fs.stat/-/fs.stat-2.0.5.tgz. Extracting by manifest.
2702 silly tarball no local data for acorn@https://registry.npmjs.org/acorn/-/acorn-8.15.0.tgz. Extracting by manifest.
2703 silly tarball no local data for esrecurse@https://registry.npmjs.org/esrecurse/-/esrecurse-4.3.0.tgz. Extracting by manifest.
2704 silly tarball no local data for update-browserslist-db@https://registry.npmjs.org/update-browserslist-db/-/update-browserslist-db-1.2.3.tgz. Extracting by manifest.
2705 silly tarball no local data for electron-to-chromium@https://registry.npmjs.org/electron-to-chromium/-/electron-to-chromium-1.5.267.tgz. Extracting by manifest.
2706 silly tarball no local data for node-releases@https://registry.npmjs.org/node-releases/-/node-releases-2.0.27.tgz. Extracting by manifest.
2707 silly tarball no local data for caniuse-lite@https://registry.npmjs.org/caniuse-lite/-/caniuse-lite-1.0.30001761.tgz. Extracting by manifest.
2708 silly tarball no local data for baseline-browser-mapping@https://registry.npmjs.org/baseline-browser-mapping/-/baseline-browser-mapping-2.9.11.tgz. Extracting by manifest.
2709 silly tarball no local data for browserslist@https://registry.npmjs.org/browserslist/-/browserslist-4.28.1.tgz. Extracting by manifest.
2710 silly tarball no local data for lru-cache@https://registry.npmjs.org/lru-cache/-/lru-cache-5.1.1.tgz. Extracting by manifest.
2711 silly tarball no local data for @babel/compat-data@https://registry.npmjs.org/@babel/compat-data/-/compat-data-7.28.5.tgz. Extracting by manifest.
2712 silly tarball no local data for gensync@https://registry.npmjs.org/gensync/-/gensync-1.0.0-beta.2.tgz. Extracting by manifest.
2713 silly tarball no local data for @babel/helper-validator-option@https://registry.npmjs.org/@babel/helper-validator-option/-/helper-validator-option-7.27.1.tgz. Extracting by manifest.
2714 silly tarball no local data for json5@https://registry.npmjs.org/json5/-/json5-2.2.3.tgz. Extracting by manifest.
2715 silly tarball no local data for @jridgewell/remapping@https://registry.npmjs.org/@jridgewell/remapping/-/remapping-2.3.5.tgz. Extracting by manifest.
2716 silly tarball no local data for @babel/helper-module-transforms@https://registry.npmjs.org/@babel/helper-module-transforms/-/helper-module-transforms-7.28.3.tgz. Extracting by manifest.
2717 silly tarball no local data for @babel/helper-compilation-targets@https://registry.npmjs.org/@babel/helper-compilation-targets/-/helper-compilation-targets-7.27.2.tgz. Extracting by manifest.
2718 silly tarball no local data for @babel/helpers@https://registry.npmjs.org/@babel/helpers/-/helpers-7.28.4.tgz. Extracting by manifest.
2719 silly tarball no local data for zod-validation-error@https://registry.npmjs.org/zod-validation-error/-/zod-validation-error-4.0.2.tgz. Extracting by manifest.
2720 silly tarball no local data for zod@https://registry.npmjs.org/zod/-/zod-4.2.1.tgz. Extracting by manifest.
2721 silly tarball no local data for hermes-parser@https://registry.npmjs.org/hermes-parser/-/hermes-parser-0.25.1.tgz. Extracting by manifest.
2722 silly tarball no local data for @babel/core@https://registry.npmjs.org/@babel/core/-/core-7.28.5.tgz. Extracting by manifest.
2723 silly tarball no local data for iterator.prototype@https://registry.npmjs.org/iterator.prototype/-/iterator.prototype-1.1.5.tgz. Extracting by manifest.
2724 silly tarball no local data for string.prototype.matchall@https://registry.npmjs.org/string.prototype.matchall/-/string.prototype.matchall-4.0.12.tgz. Extracting by manifest.
2725 silly tarball no local data for string.prototype.repeat@https://registry.npmjs.org/string.prototype.repeat/-/string.prototype.repeat-1.0.0.tgz. Extracting by manifest.
2726 silly tarball no local data for object.entries@https://registry.npmjs.org/object.entries/-/object.entries-1.1.9.tgz. Extracting by manifest.
2727 silly tarball no local data for es-iterator-helpers@https://registry.npmjs.org/es-iterator-helpers/-/es-iterator-helpers-1.2.2.tgz. Extracting by manifest.
2728 silly tarball no local data for array.prototype.findlast@https://registry.npmjs.org/array.prototype.findlast/-/array.prototype.findlast-1.2.5.tgz. Extracting by manifest.
2729 silly tarball no local data for array.prototype.tosorted@https://registry.npmjs.org/array.prototype.tosorted/-/array.prototype.tosorted-1.1.4.tgz. Extracting by manifest.
2730 silly tarball no local data for string.prototype.includes@https://registry.npmjs.org/string.prototype.includes/-/string.prototype.includes-2.0.1.tgz. Extracting by manifest.
2731 silly tarball no local data for estraverse@https://registry.npmjs.org/estraverse/-/estraverse-5.3.0.tgz. Extracting by manifest.
2732 silly tarball no local data for jsx-ast-utils@https://registry.npmjs.org/jsx-ast-utils/-/jsx-ast-utils-3.3.5.tgz. Extracting by manifest.
2733 silly tarball no local data for language-tags@https://registry.npmjs.org/language-tags/-/language-tags-1.0.9.tgz. Extracting by manifest.
2734 silly tarball no local data for emoji-regex@https://registry.npmjs.org/emoji-regex/-/emoji-regex-9.2.2.tgz. Extracting by manifest.
2735 silly tarball no local data for damerau-levenshtein@https://registry.npmjs.org/damerau-levenshtein/-/damerau-levenshtein-1.0.8.tgz. Extracting by manifest.
2736 silly tarball no local data for axobject-query@https://registry.npmjs.org/axobject-query/-/axobject-query-4.1.0.tgz. Extracting by manifest.
2737 silly tarball no local data for axe-core@https://registry.npmjs.org/axe-core/-/axe-core-4.11.0.tgz. Extracting by manifest.
2738 silly tarball no local data for ast-types-flow@https://registry.npmjs.org/ast-types-flow/-/ast-types-flow-0.0.8.tgz. Extracting by manifest.
2739 silly tarball no local data for aria-query@https://registry.npmjs.org/aria-query/-/aria-query-5.3.2.tgz. Extracting by manifest.
2740 silly tarball no local data for is-date-object@https://registry.npmjs.org/is-date-object/-/is-date-object-1.1.0.tgz. Extracting by manifest.
2741 silly tarball no local data for is-symbol@https://registry.npmjs.org/is-symbol/-/is-symbol-1.1.1.tgz. Extracting by manifest.
2742 silly tarball no local data for has-tostringtag@https://registry.npmjs.org/has-tostringtag/-/has-tostringtag-1.0.2.tgz. Extracting by manifest.
2743 silly tarball no local data for possible-typed-array-names@https://registry.npmjs.org/possible-typed-array-names/-/possible-typed-array-names-1.1.0.tgz. Extracting by manifest.
2744 silly tarball no local data for unbox-primitive@https://registry.npmjs.org/unbox-primitive/-/unbox-primitive-1.1.0.tgz. Extracting by manifest.
2745 silly tarball no local data for typed-array-byte-offset@https://registry.npmjs.org/typed-array-byte-offset/-/typed-array-byte-offset-1.0.4.tgz. Extracting by manifest.
2746 silly tarball no local data for typed-array-length@https://registry.npmjs.org/typed-array-length/-/typed-array-length-1.0.7.tgz. Extracting by manifest.
2747 silly tarball no local data for which-typed-array@https://registry.npmjs.org/which-typed-array/-/which-typed-array-1.1.19.tgz. Extracting by manifest.
2748 silly tarball no local data for typed-array-buffer@https://registry.npmjs.org/typed-array-buffer/-/typed-array-buffer-1.0.3.tgz. Extracting by manifest.
2749 silly tarball no local data for typed-array-byte-length@https://registry.npmjs.org/typed-array-byte-length/-/typed-array-byte-length-1.0.3.tgz. Extracting by manifest.
2750 silly tarball no local data for string.prototype.trimstart@https://registry.npmjs.org/string.prototype.trimstart/-/string.prototype.trimstart-1.0.8.tgz. Extracting by manifest.
2751 silly tarball no local data for string.prototype.trim@https://registry.npmjs.org/string.prototype.trim/-/string.prototype.trim-1.2.10.tgz. Extracting by manifest.
2752 silly tarball no local data for set-proto@https://registry.npmjs.org/set-proto/-/set-proto-1.0.0.tgz. Extracting by manifest.
2753 silly tarball no local data for stop-iteration-iterator@https://registry.npmjs.org/stop-iteration-iterator/-/stop-iteration-iterator-1.1.0.tgz. Extracting by manifest.
2754 silly tarball no local data for safe-regex-test@https://registry.npmjs.org/safe-regex-test/-/safe-regex-test-1.1.0.tgz. Extracting by manifest.
2755 silly tarball no local data for safe-push-apply@https://registry.npmjs.org/safe-push-apply/-/safe-push-apply-1.0.0.tgz. Extracting by manifest.
2756 silly tarball no local data for safe-array-concat@https://registry.npmjs.org/safe-array-concat/-/safe-array-concat-1.1.3.tgz. Extracting by manifest.
2757 silly tarball no local data for own-keys@https://registry.npmjs.org/own-keys/-/own-keys-1.0.1.tgz. Extracting by manifest.
2758 silly tarball no local data for regexp.prototype.flags@https://registry.npmjs.org/regexp.prototype.flags/-/regexp.prototype.flags-1.5.4.tgz. Extracting by manifest.
2759 silly tarball no local data for object.assign@https://registry.npmjs.org/object.assign/-/object.assign-4.1.7.tgz. Extracting by manifest.
2760 silly tarball no local data for object-inspect@https://registry.npmjs.org/object-inspect/-/object-inspect-1.13.4.tgz. Extracting by manifest.
2761 silly tarball no local data for is-weakref@https://registry.npmjs.org/is-weakref/-/is-weakref-1.1.1.tgz. Extracting by manifest.
2762 silly tarball no local data for is-typed-array@https://registry.npmjs.org/is-typed-array/-/is-typed-array-1.1.15.tgz. Extracting by manifest.
2763 silly tarball no local data for is-shared-array-buffer@https://registry.npmjs.org/is-shared-array-buffer/-/is-shared-array-buffer-1.0.4.tgz. Extracting by manifest.
2764 silly tarball no local data for is-set@https://registry.npmjs.org/is-set/-/is-set-2.0.3.tgz. Extracting by manifest.
2765 silly tarball no local data for is-regex@https://registry.npmjs.org/is-regex/-/is-regex-1.2.1.tgz. Extracting by manifest.
2766 silly tarball no local data for is-negative-zero@https://registry.npmjs.org/is-negative-zero/-/is-negative-zero-2.0.3.tgz. Extracting by manifest.
2767 silly tarball no local data for is-data-view@https://registry.npmjs.org/is-data-view/-/is-data-view-1.0.2.tgz. Extracting by manifest.
2768 silly tarball no local data for internal-slot@https://registry.npmjs.org/internal-slot/-/internal-slot-1.1.0.tgz. Extracting by manifest.
2769 silly tarball no local data for is-array-buffer@https://registry.npmjs.org/is-array-buffer/-/is-array-buffer-3.0.5.tgz. Extracting by manifest.
2770 silly tarball no local data for has-symbols@https://registry.npmjs.org/has-symbols/-/has-symbols-1.1.0.tgz. Extracting by manifest.
2771 silly tarball no local data for is-callable@https://registry.npmjs.org/is-callable/-/is-callable-1.2.7.tgz. Extracting by manifest.
2772 silly tarball no local data for has-proto@https://registry.npmjs.org/has-proto/-/has-proto-1.2.0.tgz. Extracting by manifest.
2773 silly tarball no local data for globalthis@https://registry.npmjs.org/globalthis/-/globalthis-1.0.4.tgz. Extracting by manifest.
2774 silly tarball no local data for get-symbol-description@https://registry.npmjs.org/get-symbol-description/-/get-symbol-description-1.1.0.tgz. Extracting by manifest.
2775 silly tarball no local data for get-proto@https://registry.npmjs.org/get-proto/-/get-proto-1.0.1.tgz. Extracting by manifest.
2776 silly tarball no local data for function.prototype.name@https://registry.npmjs.org/function.prototype.name/-/function.prototype.name-1.1.8.tgz. Extracting by manifest.
2777 silly tarball no local data for es-to-primitive@https://registry.npmjs.org/es-to-primitive/-/es-to-primitive-1.3.0.tgz. Extracting by manifest.
2778 silly tarball no local data for es-set-tostringtag@https://registry.npmjs.org/es-set-tostringtag/-/es-set-tostringtag-2.1.0.tgz. Extracting by manifest.
2779 silly tarball no local data for data-view-byte-length@https://registry.npmjs.org/data-view-byte-length/-/data-view-byte-length-1.0.2.tgz. Extracting by manifest.
2780 silly tarball no local data for data-view-byte-offset@https://registry.npmjs.org/data-view-byte-offset/-/data-view-byte-offset-1.0.1.tgz. Extracting by manifest.
2781 silly tarball no local data for data-view-buffer@https://registry.npmjs.org/data-view-buffer/-/data-view-buffer-1.0.2.tgz. Extracting by manifest.
2782 silly tarball no local data for available-typed-arrays@https://registry.npmjs.org/available-typed-arrays/-/available-typed-arrays-1.0.7.tgz. Extracting by manifest.
2783 silly tarball no local data for arraybuffer.prototype.slice@https://registry.npmjs.org/arraybuffer.prototype.slice/-/arraybuffer.prototype.slice-1.0.4.tgz. Extracting by manifest.
2784 silly tarball no local data for gopd@https://registry.npmjs.org/gopd/-/gopd-1.2.0.tgz. Extracting by manifest.
2785 silly tarball no local data for object-keys@https://registry.npmjs.org/object-keys/-/object-keys-1.1.1.tgz. Extracting by manifest.
2786 silly tarball no local data for has-property-descriptors@https://registry.npmjs.org/has-property-descriptors/-/has-property-descriptors-1.0.2.tgz. Extracting by manifest.
2787 silly tarball no local data for array-buffer-byte-length@https://registry.npmjs.org/array-buffer-byte-length/-/array-buffer-byte-length-1.0.2.tgz. Extracting by manifest.
2788 silly tarball no local data for define-data-property@https://registry.npmjs.org/define-data-property/-/define-data-property-1.1.4.tgz. Extracting by manifest.
2789 silly tarball no local data for function-bind@https://registry.npmjs.org/function-bind/-/function-bind-1.1.2.tgz. Extracting by manifest.
2790 silly tarball no local data for set-function-length@https://registry.npmjs.org/set-function-length/-/set-function-length-1.2.2.tgz. Extracting by manifest.
2791 silly tarball no local data for es-define-property@https://registry.npmjs.org/es-define-property/-/es-define-property-1.0.1.tgz. Extracting by manifest.
2792 silly tarball no local data for call-bind-apply-helpers@https://registry.npmjs.org/call-bind-apply-helpers/-/call-bind-apply-helpers-1.0.2.tgz. Extracting by manifest.
2793 silly tarball no local data for es-shim-unscopables@https://registry.npmjs.org/es-shim-unscopables/-/es-shim-unscopables-1.1.0.tgz. Extracting by manifest.
2794 silly tarball no local data for math-intrinsics@https://registry.npmjs.org/math-intrinsics/-/math-intrinsics-1.1.0.tgz. Extracting by manifest.
2795 silly tarball no local data for es-errors@https://registry.npmjs.org/es-errors/-/es-errors-1.3.0.tgz. Extracting by manifest.
2796 silly tarball no local data for is-string@https://registry.npmjs.org/is-string/-/is-string-1.1.1.tgz. Extracting by manifest.
2797 silly tarball no local data for es-object-atoms@https://registry.npmjs.org/es-object-atoms/-/es-object-atoms-1.1.1.tgz. Extracting by manifest.
2798 silly tarball no local data for es-abstract@https://registry.npmjs.org/es-abstract/-/es-abstract-1.24.1.tgz. Extracting by manifest.
2799 silly tarball no local data for get-intrinsic@https://registry.npmjs.org/get-intrinsic/-/get-intrinsic-1.3.0.tgz. Extracting by manifest.
2800 silly tarball no local data for define-properties@https://registry.npmjs.org/define-properties/-/define-properties-1.2.1.tgz. Extracting by manifest.
2801 silly tarball no local data for call-bound@https://registry.npmjs.org/call-bound/-/call-bound-1.0.4.tgz. Extracting by manifest.
2802 silly tarball no local data for call-bind@https://registry.npmjs.org/call-bind/-/call-bind-1.0.8.tgz. Extracting by manifest.
2803 silly tarball no local data for string.prototype.trimend@https://registry.npmjs.org/string.prototype.trimend/-/string.prototype.trimend-1.0.9.tgz. Extracting by manifest.
2804 silly tarball no local data for semver@https://registry.npmjs.org/semver/-/semver-6.3.1.tgz. Extracting by manifest.
2805 silly tarball no local data for tsconfig-paths@https://registry.npmjs.org/tsconfig-paths/-/tsconfig-paths-3.15.0.tgz. Extracting by manifest.
2806 silly tarball no local data for object.fromentries@https://registry.npmjs.org/object.fromentries/-/object.fromentries-2.0.8.tgz. Extracting by manifest.
2807 silly tarball no local data for object.values@https://registry.npmjs.org/object.values/-/object.values-1.2.1.tgz. Extracting by manifest.
2808 silly tarball no local data for object.groupby@https://registry.npmjs.org/object.groupby/-/object.groupby-1.0.3.tgz. Extracting by manifest.
2809 silly tarball no local data for eslint-module-utils@https://registry.npmjs.org/eslint-module-utils/-/eslint-module-utils-2.12.1.tgz. Extracting by manifest.
2810 silly tarball no local data for doctrine@https://registry.npmjs.org/doctrine/-/doctrine-2.1.0.tgz. Extracting by manifest.
2811 silly tarball no local data for hasown@https://registry.npmjs.org/hasown/-/hasown-2.0.2.tgz. Extracting by manifest.
2812 silly tarball no local data for array.prototype.flatmap@https://registry.npmjs.org/array.prototype.flatmap/-/array.prototype.flatmap-1.3.3.tgz. Extracting by manifest.
2813 silly tarball no local data for array.prototype.flat@https://registry.npmjs.org/array.prototype.flat/-/array.prototype.flat-1.3.3.tgz. Extracting by manifest.
2814 silly tarball no local data for array-includes@https://registry.npmjs.org/array-includes/-/array-includes-3.1.9.tgz. Extracting by manifest.
2815 silly tarball no local data for @rtsao/scc@https://registry.npmjs.org/@rtsao/scc/-/scc-1.1.0.tgz. Extracting by manifest.
2816 silly tarball no local data for unrs-resolver@https://registry.npmjs.org/unrs-resolver/-/unrs-resolver-1.11.1.tgz. Extracting by manifest.
2817 silly tarball no local data for array.prototype.findlastindex@https://registry.npmjs.org/array.prototype.findlastindex/-/array.prototype.findlastindex-1.2.6.tgz. Extracting by manifest.
2818 silly tarball no local data for tinyglobby@https://registry.npmjs.org/tinyglobby/-/tinyglobby-0.2.15.tgz. Extracting by manifest.
2819 silly tarball no local data for stable-hash@https://registry.npmjs.org/stable-hash/-/stable-hash-0.0.5.tgz. Extracting by manifest.
2820 silly tarball no local data for is-bun-module@https://registry.npmjs.org/is-bun-module/-/is-bun-module-2.0.0.tgz. Extracting by manifest.
2821 silly tarball no local data for get-tsconfig@https://registry.npmjs.org/get-tsconfig/-/get-tsconfig-4.13.0.tgz. Extracting by manifest.
2822 silly tarball no local data for @nolyfill/is-core-module@https://registry.npmjs.org/@nolyfill/is-core-module/-/is-core-module-1.0.39.tgz. Extracting by manifest.
2823 silly tarball no local data for is-core-module@https://registry.npmjs.org/is-core-module/-/is-core-module-2.16.1.tgz. Extracting by manifest.
2824 silly tarball no local data for fast-glob@https://registry.npmjs.org/fast-glob/-/fast-glob-3.3.1.tgz. Extracting by manifest.
2825 silly tarball no local data for typescript-eslint@https://registry.npmjs.org/typescript-eslint/-/typescript-eslint-8.50.1.tgz. Extracting by manifest.
2826 silly tarball no local data for eslint-plugin-react-hooks@https://registry.npmjs.org/eslint-plugin-react-hooks/-/eslint-plugin-react-hooks-7.0.1.tgz. Extracting by manifest.
2827 silly tarball no local data for eslint-plugin-react@https://registry.npmjs.org/eslint-plugin-react/-/eslint-plugin-react-7.37.5.tgz. Extracting by manifest.
2828 silly tarball no local data for eslint-import-resolver-typescript@https://registry.npmjs.org/eslint-import-resolver-typescript/-/eslint-import-resolver-typescript-3.10.1.tgz. Extracting by manifest.
2829 silly tarball no local data for eslint-plugin-jsx-a11y@https://registry.npmjs.org/eslint-plugin-jsx-a11y/-/eslint-plugin-jsx-a11y-6.10.2.tgz. Extracting by manifest.
2830 silly tarball no local data for eslint-import-resolver-node@https://registry.npmjs.org/eslint-import-resolver-node/-/eslint-import-resolver-node-0.3.9.tgz. Extracting by manifest.
2831 silly tarball no local data for eslint-plugin-import@https://registry.npmjs.org/eslint-plugin-import/-/eslint-plugin-import-2.32.0.tgz. Extracting by manifest.
2832 silly tarball no local data for which@https://registry.npmjs.org/which/-/which-2.0.2.tgz. Extracting by manifest.
2833 silly tarball no local data for @next/eslint-plugin-next@https://registry.npmjs.org/@next/eslint-plugin-next/-/eslint-plugin-next-16.1.1.tgz. Extracting by manifest.
2834 silly tarball no local data for shebang-command@https://registry.npmjs.org/shebang-command/-/shebang-command-2.0.0.tgz. Extracting by manifest.
2835 silly tarball no local data for path-key@https://registry.npmjs.org/path-key/-/path-key-3.1.1.tgz. Extracting by manifest.
2836 silly tarball no local data for color-name@https://registry.npmjs.org/color-name/-/color-name-1.1.4.tgz. Extracting by manifest.
2837 silly tarball no local data for supports-color@https://registry.npmjs.org/supports-color/-/supports-color-7.2.0.tgz. Extracting by manifest.
2838 silly tarball no local data for color-convert@https://registry.npmjs.org/color-convert/-/color-convert-2.0.1.tgz. Extracting by manifest.
2839 silly tarball no local data for ansi-styles@https://registry.npmjs.org/ansi-styles/-/ansi-styles-4.3.0.tgz. Extracting by manifest.
2840 silly tarball no local data for uri-js@https://registry.npmjs.org/uri-js/-/uri-js-4.4.1.tgz. Extracting by manifest.
2841 silly tarball no local data for json-schema-traverse@https://registry.npmjs.org/json-schema-traverse/-/json-schema-traverse-0.4.1.tgz. Extracting by manifest.
2842 silly tarball no local data for fast-json-stable-stringify@https://registry.npmjs.org/fast-json-stable-stringify/-/fast-json-stable-stringify-2.1.0.tgz. Extracting by manifest.
2843 silly tarball no local data for @humanfs/core@https://registry.npmjs.org/@humanfs/core/-/core-0.19.1.tgz. Extracting by manifest.
2844 silly tarball no local data for levn@https://registry.npmjs.org/levn/-/levn-0.4.1.tgz. Extracting by manifest.
2845 silly tarball no local data for strip-json-comments@https://registry.npmjs.org/strip-json-comments/-/strip-json-comments-3.1.1.tgz. Extracting by manifest.
2846 silly tarball no local data for globals@https://registry.npmjs.org/globals/-/globals-14.0.0.tgz. Extracting by manifest.
2847 silly tarball no local data for js-yaml@https://registry.npmjs.org/js-yaml/-/js-yaml-4.1.1.tgz. Extracting by manifest.
2848 silly tarball no local data for @types/json-schema@https://registry.npmjs.org/@types/json-schema/-/json-schema-7.0.15.tgz. Extracting by manifest.
2849 silly tarball no local data for optionator@https://registry.npmjs.org/optionator/-/optionator-0.9.4.tgz. Extracting by manifest.
2850 silly tarball no local data for @eslint/object-schema@https://registry.npmjs.org/@eslint/object-schema/-/object-schema-2.1.7.tgz. Extracting by manifest.
2851 silly tarball no local data for natural-compare@https://registry.npmjs.org/natural-compare/-/natural-compare-1.4.0.tgz. Extracting by manifest.
2852 silly tarball no local data for minimatch@https://registry.npmjs.org/minimatch/-/minimatch-3.1.2.tgz. Extracting by manifest.
2853 silly tarball no local data for json-stable-stringify-without-jsonify@https://registry.npmjs.org/json-stable-stringify-without-jsonify/-/json-stable-stringify-without-jsonify-1.0.1.tgz. Extracting by manifest.
2854 silly tarball no local data for is-glob@https://registry.npmjs.org/is-glob/-/is-glob-4.0.3.tgz. Extracting by manifest.
2855 silly tarball no local data for lodash.merge@https://registry.npmjs.org/lodash.merge/-/lodash.merge-4.6.2.tgz. Extracting by manifest.
2856 silly tarball no local data for imurmurhash@https://registry.npmjs.org/imurmurhash/-/imurmurhash-0.1.4.tgz. Extracting by manifest.
2857 silly tarball no local data for ignore@https://registry.npmjs.org/ignore/-/ignore-5.3.2.tgz. Extracting by manifest.
2858 silly tarball no local data for glob-parent@https://registry.npmjs.org/glob-parent/-/glob-parent-6.0.2.tgz. Extracting by manifest.
2859 silly tarball no local data for find-up@https://registry.npmjs.org/find-up/-/find-up-5.0.0.tgz. Extracting by manifest.
2860 silly tarball no local data for file-entry-cache@https://registry.npmjs.org/file-entry-cache/-/file-entry-cache-8.0.0.tgz. Extracting by manifest.
2861 silly tarball no local data for fast-deep-equal@https://registry.npmjs.org/fast-deep-equal/-/fast-deep-equal-3.1.3.tgz. Extracting by manifest.
2862 silly tarball no local data for esutils@https://registry.npmjs.org/esutils/-/esutils-2.0.3.tgz. Extracting by manifest.
2863 silly tarball no local data for esquery@https://registry.npmjs.org/esquery/-/esquery-1.6.0.tgz. Extracting by manifest.
2864 silly tarball no local data for espree@https://registry.npmjs.org/espree/-/espree-10.4.0.tgz. Extracting by manifest.
2865 silly tarball no local data for eslint-visitor-keys@https://registry.npmjs.org/eslint-visitor-keys/-/eslint-visitor-keys-4.2.1.tgz. Extracting by manifest.
2866 silly tarball no local data for eslint-scope@https://registry.npmjs.org/eslint-scope/-/eslint-scope-8.4.0.tgz. Extracting by manifest.
2867 silly tarball no local data for cross-spawn@https://registry.npmjs.org/cross-spawn/-/cross-spawn-7.0.6.tgz. Extracting by manifest.
2868 silly tarball no local data for chalk@https://registry.npmjs.org/chalk/-/chalk-4.1.2.tgz. Extracting by manifest.
2869 silly tarball no local data for ajv@https://registry.npmjs.org/ajv/-/ajv-6.12.6.tgz. Extracting by manifest.
2870 silly tarball no local data for @types/estree@https://registry.npmjs.org/@types/estree/-/estree-1.0.8.tgz. Extracting by manifest.
2871 silly tarball no local data for @humanwhocodes/retry@https://registry.npmjs.org/@humanwhocodes/retry/-/retry-0.4.3.tgz. Extracting by manifest.
2872 silly tarball no local data for @humanfs/node@https://registry.npmjs.org/@humanfs/node/-/node-0.16.7.tgz. Extracting by manifest.
2873 silly tarball no local data for @eslint/plugin-kit@https://registry.npmjs.org/@eslint/plugin-kit/-/plugin-kit-0.4.1.tgz. Extracting by manifest.
2874 silly tarball no local data for @humanwhocodes/module-importer@https://registry.npmjs.org/@humanwhocodes/module-importer/-/module-importer-1.0.1.tgz. Extracting by manifest.
2875 silly tarball no local data for @eslint/js@https://registry.npmjs.org/@eslint/js/-/js-9.39.2.tgz. Extracting by manifest.
2876 silly tarball no local data for @eslint/core@https://registry.npmjs.org/@eslint/core/-/core-0.17.0.tgz. Extracting by manifest.
2877 silly tarball no local data for @eslint/eslintrc@https://registry.npmjs.org/@eslint/eslintrc/-/eslintrc-3.3.3.tgz. Extracting by manifest.
2878 silly tarball no local data for @eslint/config-helpers@https://registry.npmjs.org/@eslint/config-helpers/-/config-helpers-0.4.2.tgz. Extracting by manifest.
2879 silly tarball no local data for @eslint/config-array@https://registry.npmjs.org/@eslint/config-array/-/config-array-0.21.1.tgz. Extracting by manifest.
2880 silly tarball no local data for @eslint-community/regexpp@https://registry.npmjs.org/@eslint-community/regexpp/-/regexpp-4.12.2.tgz. Extracting by manifest.
2881 silly tarball no local data for @eslint-community/eslint-utils@https://registry.npmjs.org/@eslint-community/eslint-utils/-/eslint-utils-4.9.0.tgz. Extracting by manifest.
2882 silly tarball no local data for ms@https://registry.npmjs.org/ms/-/ms-2.1.3.tgz. Extracting by manifest.
2883 silly tarball no local data for yaml@https://registry.npmjs.org/yaml/-/yaml-1.10.2.tgz. Extracting by manifest.
2884 silly tarball no local data for path-type@https://registry.npmjs.org/path-type/-/path-type-4.0.0.tgz. Extracting by manifest.
2885 silly tarball no local data for parse-json@https://registry.npmjs.org/parse-json/-/parse-json-5.2.0.tgz. Extracting by manifest.
2886 silly tarball no local data for import-fresh@https://registry.npmjs.org/import-fresh/-/import-fresh-3.3.1.tgz. Extracting by manifest.
2887 silly tarball no local data for @types/parse-json@https://registry.npmjs.org/@types/parse-json/-/parse-json-4.0.2.tgz. Extracting by manifest.
2888 silly tarball no local data for resolve@https://registry.npmjs.org/resolve/-/resolve-1.22.11.tgz. Extracting by manifest.
2889 silly tarball no local data for cosmiconfig@https://registry.npmjs.org/cosmiconfig/-/cosmiconfig-7.1.0.tgz. Extracting by manifest.
2890 silly tarball no local data for undici-types@https://registry.npmjs.org/undici-types/-/undici-types-6.21.0.tgz. Extracting by manifest.
2891 silly tarball no local data for @mui/styled-engine@https://registry.npmjs.org/@mui/styled-engine/-/styled-engine-7.3.6.tgz. Extracting by manifest.
2892 silly tarball no local data for @mui/private-theming@https://registry.npmjs.org/@mui/private-theming/-/private-theming-7.3.6.tgz. Extracting by manifest.
2893 silly tarball no local data for @types/prop-types@https://registry.npmjs.org/@types/prop-types/-/prop-types-15.7.15.tgz. Extracting by manifest.
2894 silly tarball no local data for react-is@https://registry.npmjs.org/react-is/-/react-is-19.2.3.tgz. Extracting by manifest.
2895 silly tarball no local data for prop-types@https://registry.npmjs.org/prop-types/-/prop-types-15.8.1.tgz. Extracting by manifest.
2896 silly tarball no local data for clsx@https://registry.npmjs.org/clsx/-/clsx-2.1.1.tgz. Extracting by manifest.
2897 silly tarball no local data for @types/react-transition-group@https://registry.npmjs.org/@types/react-transition-group/-/react-transition-group-4.4.12.tgz. Extracting by manifest.
2898 silly tarball no local data for @mui/utils@https://registry.npmjs.org/@mui/utils/-/utils-7.3.6.tgz. Extracting by manifest.
2899 silly tarball no local data for @popperjs/core@https://registry.npmjs.org/@popperjs/core/-/core-2.11.8.tgz. Extracting by manifest.
2900 silly tarball no local data for react-transition-group@https://registry.npmjs.org/react-transition-group/-/react-transition-group-4.4.5.tgz. Extracting by manifest.
2901 silly tarball no local data for @mui/types@https://registry.npmjs.org/@mui/types/-/types-7.4.9.tgz. Extracting by manifest.
2902 silly tarball no local data for @mui/system@https://registry.npmjs.org/@mui/system/-/system-7.3.6.tgz. Extracting by manifest.
2903 silly tarball no local data for @jridgewell/resolve-uri@https://registry.npmjs.org/@jridgewell/resolve-uri/-/resolve-uri-3.1.2.tgz. Extracting by manifest.
2904 silly tarball no local data for @mui/core-downloads-tracker@https://registry.npmjs.org/@mui/core-downloads-tracker/-/core-downloads-tracker-7.3.6.tgz. Extracting by manifest.
2905 silly tarball no local data for @jridgewell/sourcemap-codec@https://registry.npmjs.org/@jridgewell/sourcemap-codec/-/sourcemap-codec-1.5.5.tgz. Extracting by manifest.
2906 silly tarball no local data for @emotion/is-prop-valid@https://registry.npmjs.org/@emotion/is-prop-valid/-/is-prop-valid-1.4.0.tgz. Extracting by manifest.
2907 silly tarball no local data for @emotion/unitless@https://registry.npmjs.org/@emotion/unitless/-/unitless-0.10.0.tgz. Extracting by manifest.
2908 silly tarball no local data for csstype@https://registry.npmjs.org/csstype/-/csstype-3.2.3.tgz. Extracting by manifest.
2909 silly tarball no local data for @emotion/sheet@https://registry.npmjs.org/@emotion/sheet/-/sheet-1.4.0.tgz. Extracting by manifest.
2910 silly tarball no local data for @babel/helper-string-parser@https://registry.npmjs.org/@babel/helper-string-parser/-/helper-string-parser-7.27.1.tgz. Extracting by manifest.
2911 silly tarball no local data for jsesc@https://registry.npmjs.org/jsesc/-/jsesc-3.1.0.tgz. Extracting by manifest.
2912 silly tarball no local data for @jridgewell/trace-mapping@https://registry.npmjs.org/@jridgewell/trace-mapping/-/trace-mapping-0.3.31.tgz. Extracting by manifest.
2913 silly tarball no local data for @jridgewell/gen-mapping@https://registry.npmjs.org/@jridgewell/gen-mapping/-/gen-mapping-0.3.13.tgz. Extracting by manifest.
2914 silly tarball no local data for picocolors@https://registry.npmjs.org/picocolors/-/picocolors-1.1.1.tgz. Extracting by manifest.
2915 silly tarball no local data for js-tokens@https://registry.npmjs.org/js-tokens/-/js-tokens-4.0.0.tgz. Extracting by manifest.
2916 silly tarball no local data for debug@https://registry.npmjs.org/debug/-/debug-4.4.3.tgz. Extracting by manifest.
2917 silly tarball no local data for @babel/parser@https://registry.npmjs.org/@babel/parser/-/parser-7.28.5.tgz. Extracting by manifest.
2918 silly tarball no local data for @babel/template@https://registry.npmjs.org/@babel/template/-/template-7.27.2.tgz. Extracting by manifest.
2919 silly tarball no local data for @babel/helper-globals@https://registry.npmjs.org/@babel/helper-globals/-/helper-globals-7.28.0.tgz. Extracting by manifest.
2920 silly tarball no local data for @babel/generator@https://registry.npmjs.org/@babel/generator/-/generator-7.28.5.tgz. Extracting by manifest.
2921 silly tarball no local data for @babel/helper-validator-identifier@https://registry.npmjs.org/@babel/helper-validator-identifier/-/helper-validator-identifier-7.28.5.tgz. Extracting by manifest.
2922 silly tarball no local data for @babel/code-frame@https://registry.npmjs.org/@babel/code-frame/-/code-frame-7.27.1.tgz. Extracting by manifest.
2923 silly tarball no local data for @babel/types@https://registry.npmjs.org/@babel/types/-/types-7.28.5.tgz. Extracting by manifest.
2924 silly tarball no local data for source-map@https://registry.npmjs.org/source-map/-/source-map-0.5.7.tgz. Extracting by manifest.
2925 silly tarball no local data for stylis@https://registry.npmjs.org/stylis/-/stylis-4.2.0.tgz. Extracting by manifest.
2926 silly tarball no local data for find-root@https://registry.npmjs.org/find-root/-/find-root-1.1.0.tgz. Extracting by manifest.
2927 silly tarball no local data for @babel/traverse@https://registry.npmjs.org/@babel/traverse/-/traverse-7.28.5.tgz. Extracting by manifest.
2928 silly tarball no local data for escape-string-regexp@https://registry.npmjs.org/escape-string-regexp/-/escape-string-regexp-4.0.0.tgz. Extracting by manifest.
2929 silly tarball no local data for convert-source-map@https://registry.npmjs.org/convert-source-map/-/convert-source-map-1.9.0.tgz. Extracting by manifest.
2930 silly tarball no local data for babel-plugin-macros@https://registry.npmjs.org/babel-plugin-macros/-/babel-plugin-macros-3.1.0.tgz. Extracting by manifest.
2931 silly tarball no local data for @emotion/memoize@https://registry.npmjs.org/@emotion/memoize/-/memoize-0.9.0.tgz. Extracting by manifest.
2932 silly tarball no local data for @emotion/hash@https://registry.npmjs.org/@emotion/hash/-/hash-0.9.2.tgz. Extracting by manifest.
2933 silly tarball no local data for @babel/helper-module-imports@https://registry.npmjs.org/@babel/helper-module-imports/-/helper-module-imports-7.27.1.tgz. Extracting by manifest.
2934 silly tarball no local data for @emotion/weak-memoize@https://registry.npmjs.org/@emotion/weak-memoize/-/weak-memoize-0.4.0.tgz. Extracting by manifest.
2935 silly tarball no local data for @emotion/utils@https://registry.npmjs.org/@emotion/utils/-/utils-1.4.2.tgz. Extracting by manifest.
2936 silly tarball no local data for hoist-non-react-statics@https://registry.npmjs.org/hoist-non-react-statics/-/hoist-non-react-statics-3.3.2.tgz. Extracting by manifest.
2937 silly tarball no local data for @emotion/use-insertion-effect-with-fallbacks@https://registry.npmjs.org/@emotion/use-insertion-effect-with-fallbacks/-/use-insertion-effect-with-fallbacks-1.2.0.tgz. Extracting by manifest.
2938 silly tarball no local data for @emotion/serialize@https://registry.npmjs.org/@emotion/serialize/-/serialize-1.3.3.tgz. Extracting by manifest.
2939 silly tarball no local data for @emotion/cache@https://registry.npmjs.org/@emotion/cache/-/cache-11.14.0.tgz. Extracting by manifest.
2940 silly tarball no local data for @emotion/babel-plugin@https://registry.npmjs.org/@emotion/babel-plugin/-/babel-plugin-11.13.5.tgz. Extracting by manifest.
2941 silly tarball no local data for @babel/runtime@https://registry.npmjs.org/@babel/runtime/-/runtime-7.28.4.tgz. Extracting by manifest.
2942 silly tarball no local data for react-dom@https://registry.npmjs.org/react-dom/-/react-dom-19.2.3.tgz. Extracting by manifest.
2943 silly tarball no local data for react@https://registry.npmjs.org/react/-/react-19.2.3.tgz. Extracting by manifest.
2944 silly tarball no local data for typescript@https://registry.npmjs.org/typescript/-/typescript-5.9.3.tgz. Extracting by manifest.
2945 silly tarball no local data for eslint-config-next@https://registry.npmjs.org/eslint-config-next/-/eslint-config-next-16.1.1.tgz. Extracting by manifest.
2946 silly tarball no local data for next@https://registry.npmjs.org/next/-/next-16.1.1.tgz. Extracting by manifest.
2947 silly tarball no local data for @types/react-dom@https://registry.npmjs.org/@types/react-dom/-/react-dom-19.2.3.tgz. Extracting by manifest.
2948 silly tarball no local data for eslint@https://registry.npmjs.org/eslint/-/eslint-9.39.2.tgz. Extracting by manifest.
2949 silly tarball no local data for @types/react@https://registry.npmjs.org/@types/react/-/react-19.2.7.tgz. Extracting by manifest.
2950 silly tarball no local data for @mui/material@https://registry.npmjs.org/@mui/material/-/material-7.3.6.tgz. Extracting by manifest.
2951 silly tarball no local data for @types/node@https://registry.npmjs.org/@types/node/-/node-20.19.27.tgz. Extracting by manifest.
2952 silly tarball no local data for @mui/icons-material@https://registry.npmjs.org/@mui/icons-material/-/icons-material-7.3.6.tgz. Extracting by manifest.
2953 silly tarball no local data for @emotion/styled@https://registry.npmjs.org/@emotion/styled/-/styled-11.14.1.tgz. Extracting by manifest.
2954 silly tarball no local data for @emotion/react@https://registry.npmjs.org/@emotion/react/-/react-11.14.0.tgz. Extracting by manifest.
2955 silly tarball no local data for semver@https://registry.npmjs.org/semver/-/semver-7.7.3.tgz. Extracting by manifest.
2956 silly tarball no local data for ignore@https://registry.npmjs.org/ignore/-/ignore-7.0.5.tgz. Extracting by manifest.
2957 silly tarball no local data for brace-expansion@https://registry.npmjs.org/brace-expansion/-/brace-expansion-2.0.2.tgz. Extracting by manifest.
2958 silly tarball no local data for semver@https://registry.npmjs.org/semver/-/semver-7.7.3.tgz. Extracting by manifest.
2959 silly tarball no local data for minimatch@https://registry.npmjs.org/minimatch/-/minimatch-9.0.5.tgz. Extracting by manifest.
2960 silly tarball no local data for convert-source-map@https://registry.npmjs.org/convert-source-map/-/convert-source-map-2.0.0.tgz. Extracting by manifest.
2961 silly tarball no local data for json5@https://registry.npmjs.org/json5/-/json5-1.0.2.tgz. Extracting by manifest.
2962 silly tarball no local data for picomatch@https://registry.npmjs.org/picomatch/-/picomatch-4.0.3.tgz. Extracting by manifest.
2963 silly tarball no local data for debug@https://registry.npmjs.org/debug/-/debug-3.2.7.tgz. Extracting by manifest.
2964 silly tarball no local data for semver@https://registry.npmjs.org/semver/-/semver-7.7.3.tgz. Extracting by manifest.
2965 silly tarball no local data for glob-parent@https://registry.npmjs.org/glob-parent/-/glob-parent-5.1.2.tgz. Extracting by manifest.
2966 silly tarball no local data for debug@https://registry.npmjs.org/debug/-/debug-3.2.7.tgz. Extracting by manifest.
2967 silly tarball no local data for resolve@https://registry.npmjs.org/resolve/-/resolve-2.0.0-next.5.tgz. Extracting by manifest.
2968 silly tarball no local data for debug@https://registry.npmjs.org/debug/-/debug-3.2.7.tgz. Extracting by manifest.
2969 silly tarball no local data for react-is@https://registry.npmjs.org/react-is/-/react-is-16.13.1.tgz. Extracting by manifest.
2970 silly tarball no local data for eslint-visitor-keys@https://registry.npmjs.org/eslint-visitor-keys/-/eslint-visitor-keys-3.4.3.tgz. Extracting by manifest.
2971 silly tarball no local data for globals@https://registry.npmjs.org/globals/-/globals-16.4.0.tgz. Extracting by manifest.
2972 silly tarball no local data for react-is@https://registry.npmjs.org/react-is/-/react-is-16.13.1.tgz. Extracting by manifest.
2973 http fetch GET 200 https://registry.npmjs.org/is-map/-/is-map-2.0.3.tgz 714ms (cache miss)
2974 http fetch GET 200 https://registry.npmjs.org/async-function/-/async-function-1.0.0.tgz 711ms (cache miss)
2975 http fetch GET 200 https://registry.npmjs.org/is-async-function/-/is-async-function-2.1.1.tgz 709ms (cache miss)
2976 http fetch GET 200 https://registry.npmjs.org/is-number-object/-/is-number-object-1.1.1.tgz 708ms (cache miss)
2977 http fetch GET 200 https://registry.npmjs.org/is-finalizationregistry/-/is-finalizationregistry-1.1.1.tgz 715ms (cache miss)
2978 http fetch GET 200 https://registry.npmjs.org/which-collection/-/which-collection-1.0.2.tgz 714ms (cache miss)
2979 http fetch GET 200 https://registry.npmjs.org/is-weakmap/-/is-weakmap-2.0.2.tgz 725ms (cache miss)
2980 http fetch GET 200 https://registry.npmjs.org/is-generator-function/-/is-generator-function-1.1.2.tgz 722ms (cache miss)
2981 http fetch GET 200 https://registry.npmjs.org/is-weakset/-/is-weakset-2.0.4.tgz 795ms (cache miss)
2982 http fetch GET 200 https://registry.npmjs.org/is-boolean-object/-/is-boolean-object-1.2.2.tgz 797ms (cache miss)
2983 http fetch GET 200 https://registry.npmjs.org/generator-function/-/generator-function-2.0.1.tgz 844ms (cache miss)
2984 http fetch GET 200 https://registry.npmjs.org/has-bigints/-/has-bigints-1.1.0.tgz 882ms (cache miss)
2985 http fetch GET 200 https://registry.npmjs.org/which-boxed-primitive/-/which-boxed-primitive-1.1.1.tgz 883ms (cache miss)
2986 http fetch GET 200 https://registry.npmjs.org/@typescript-eslint/tsconfig-utils/-/tsconfig-utils-8.50.1.tgz 893ms (cache miss)
2987 http fetch GET 200 https://registry.npmjs.org/napi-postinstall/-/napi-postinstall-0.3.4.tgz 929ms (cache miss)
2988 http fetch GET 200 https://registry.npmjs.org/@typescript-eslint/visitor-keys/-/visitor-keys-8.50.1.tgz 944ms (cache miss)
2989 http fetch GET 200 https://registry.npmjs.org/escalade/-/escalade-3.2.0.tgz 977ms (cache miss)
2990 http fetch GET 200 https://registry.npmjs.org/@typescript-eslint/parser/-/parser-8.50.1.tgz 965ms (cache miss)
2991 http fetch GET 200 https://registry.npmjs.org/for-each/-/for-each-0.3.5.tgz 962ms (cache miss)
2992 http fetch GET 200 https://registry.npmjs.org/strip-bom/-/strip-bom-3.0.0.tgz 969ms (cache miss)
2993 http fetch GET 200 https://registry.npmjs.org/@typescript-eslint/project-service/-/project-service-8.50.1.tgz 992ms (cache miss)
2994 http fetch GET 200 https://registry.npmjs.org/reflect.getprototypeof/-/reflect.getprototypeof-1.0.10.tgz 983ms (cache miss)
2995 http fetch GET 200 https://registry.npmjs.org/has-flag/-/has-flag-4.0.0.tgz 979ms (cache miss)
2996 http fetch GET 200 https://registry.npmjs.org/client-only/-/client-only-0.0.1.tgz 977ms (cache miss)
2997 http fetch GET 200 https://registry.npmjs.org/isexe/-/isexe-2.0.0.tgz 1011ms (cache miss)
2998 http fetch GET 200 https://registry.npmjs.org/side-channel-list/-/side-channel-list-1.0.0.tgz 987ms (cache miss)
2999 http fetch GET 200 https://registry.npmjs.org/minimist/-/minimist-1.2.8.tgz 992ms (cache miss)
3000 http fetch GET 200 https://registry.npmjs.org/punycode/-/punycode-2.3.1.tgz 1025ms (cache miss)
3001 http fetch GET 200 https://registry.npmjs.org/side-channel-map/-/side-channel-map-1.0.1.tgz 1004ms (cache miss)
3002 http fetch GET 200 https://registry.npmjs.org/detect-libc/-/detect-libc-2.1.2.tgz 1001ms (cache miss)
3003 http fetch GET 200 https://registry.npmjs.org/is-bigint/-/is-bigint-1.1.0.tgz 1038ms (cache miss)
3004 http fetch GET 200 https://registry.npmjs.org/side-channel-weakmap/-/side-channel-weakmap-1.0.2.tgz 1028ms (cache miss)
3005 http fetch GET 200 https://registry.npmjs.org/is-number/-/is-number-7.0.0.tgz 1030ms (cache miss)
3006 http fetch GET 200 https://registry.npmjs.org/path-parse/-/path-parse-1.0.7.tgz 1019ms (cache miss)
3007 http fetch GET 200 https://registry.npmjs.org/@types/json5/-/json5-0.0.29.tgz 1032ms (cache miss)
3008 http fetch GET 200 https://registry.npmjs.org/shebang-regex/-/shebang-regex-3.0.0.tgz 1035ms (cache miss)
3009 http fetch GET 200 https://registry.npmjs.org/scheduler/-/scheduler-0.27.0.tgz 1031ms (cache miss)
3010 http fetch GET 200 https://registry.npmjs.org/@typescript-eslint/types/-/types-8.50.1.tgz 1083ms (cache miss)
3011 http fetch GET 200 https://registry.npmjs.org/isarray/-/isarray-2.0.5.tgz 1057ms (cache miss)
3012 http fetch GET 200 https://registry.npmjs.org/loose-envify/-/loose-envify-1.4.0.tgz 1054ms (cache miss)
3013 http fetch GET 200 https://registry.npmjs.org/is-arrayish/-/is-arrayish-0.2.1.tgz 1068ms (cache miss)
3014 http fetch GET 200 https://registry.npmjs.org/nanoid/-/nanoid-3.3.11.tgz 1070ms (cache miss)
3015 http fetch GET 200 https://registry.npmjs.org/error-ex/-/error-ex-1.3.4.tgz 1068ms (cache miss)
3016 http fetch GET 200 https://registry.npmjs.org/lines-and-columns/-/lines-and-columns-1.2.4.tgz 1081ms (cache miss)
3017 http fetch GET 200 https://registry.npmjs.org/supports-preserve-symlinks-flag/-/supports-preserve-symlinks-flag-1.0.0.tgz 1086ms (cache miss)
3018 http fetch GET 200 https://registry.npmjs.org/@emnapi/wasi-threads/-/wasi-threads-1.1.0.tgz 1128ms (cache miss)
3019 http fetch GET 200 https://registry.npmjs.org/object-assign/-/object-assign-4.1.1.tgz 1095ms (cache miss)
3020 http fetch GET 200 https://registry.npmjs.org/queue-microtask/-/queue-microtask-1.2.3.tgz 1103ms (cache miss)
3021 http fetch GET 200 https://registry.npmjs.org/deep-is/-/deep-is-0.1.4.tgz 1089ms (cache miss)
3022 http fetch GET 200 https://registry.npmjs.org/callsites/-/callsites-3.1.0.tgz 1091ms (cache miss)
3023 http fetch GET 200 https://registry.npmjs.org/ts-api-utils/-/ts-api-utils-2.1.0.tgz 1140ms (cache miss)
3024 http fetch GET 200 https://registry.npmjs.org/which-builtin-type/-/which-builtin-type-1.2.1.tgz 1132ms (cache miss)
3025 http fetch GET 200 https://registry.npmjs.org/yocto-queue/-/yocto-queue-0.1.0.tgz 1109ms (cache miss)
3026 http fetch GET 200 https://registry.npmjs.org/fdir/-/fdir-6.5.0.tgz 1142ms (cache miss)
3027 http fetch GET 200 https://registry.npmjs.org/json-parse-even-better-errors/-/json-parse-even-better-errors-2.3.1.tgz 1123ms (cache miss)
3028 http fetch GET 200 https://registry.npmjs.org/p-limit/-/p-limit-3.1.0.tgz 1135ms (cache miss)
3029 http fetch GET 200 https://registry.npmjs.org/fast-levenshtein/-/fast-levenshtein-2.0.6.tgz 1133ms (cache miss)
3030 http fetch GET 200 https://registry.npmjs.org/word-wrap/-/word-wrap-1.2.5.tgz 1134ms (cache miss)
3031 http fetch GET 200 https://registry.npmjs.org/@img/colour/-/colour-1.0.0.tgz 1157ms (cache miss)
3032 http fetch GET 200 https://registry.npmjs.org/balanced-match/-/balanced-match-1.0.2.tgz 1136ms (cache miss)
3033 http fetch GET 200 https://registry.npmjs.org/concat-map/-/concat-map-0.0.1.tgz 1174ms (cache miss)
3034 http fetch GET 200 https://registry.npmjs.org/brace-expansion/-/brace-expansion-1.1.12.tgz 1186ms (cache miss)
3035 http fetch GET 200 https://registry.npmjs.org/p-locate/-/p-locate-5.0.0.tgz 1183ms (cache miss)
3036 http fetch GET 200 https://registry.npmjs.org/braces/-/braces-3.0.3.tgz 1185ms (cache miss)
3037 http fetch GET 200 https://registry.npmjs.org/to-regex-range/-/to-regex-range-5.0.1.tgz 1187ms (cache miss)
3038 http fetch GET 200 https://registry.npmjs.org/prelude-ls/-/prelude-ls-1.2.1.tgz 1184ms (cache miss)
3039 http fetch GET 200 https://registry.npmjs.org/yallist/-/yallist-3.1.1.tgz 1198ms (cache miss)
3040 http fetch GET 200 https://registry.npmjs.org/json-buffer/-/json-buffer-3.0.1.tgz 1209ms (cache miss)
3041 http fetch GET 200 https://registry.npmjs.org/fill-range/-/fill-range-7.1.1.tgz 1271ms (cache miss)
3042 http fetch GET 200 https://registry.npmjs.org/set-function-name/-/set-function-name-2.0.2.tgz 1260ms (cache miss)
3043 http fetch GET 200 https://registry.npmjs.org/is-extglob/-/is-extglob-2.1.1.tgz 1264ms (cache miss)
3044 http fetch GET 200 https://registry.npmjs.org/picomatch/-/picomatch-2.3.1.tgz 1323ms (cache miss)
3045 http fetch GET 200 https://registry.npmjs.org/parent-module/-/parent-module-1.0.1.tgz 1346ms (cache miss)
3046 http fetch GET 200 https://registry.npmjs.org/functions-have-names/-/functions-have-names-1.2.3.tgz 1358ms (cache miss)
3047 http fetch GET 200 https://registry.npmjs.org/type-check/-/type-check-0.4.0.tgz 1390ms (cache miss)
3048 http fetch GET 200 https://registry.npmjs.org/resolve-from/-/resolve-from-4.0.0.tgz 1386ms (cache miss)
3049 http fetch GET 200 https://registry.npmjs.org/run-parallel/-/run-parallel-1.2.0.tgz 1393ms (cache miss)
3050 http fetch GET 200 https://registry.npmjs.org/keyv/-/keyv-4.5.4.tgz 1414ms (cache miss)
3051 http fetch GET 200 https://registry.npmjs.org/@next/env/-/env-16.1.1.tgz 1432ms (cache miss)
3052 http fetch GET 200 https://registry.npmjs.org/merge2/-/merge2-1.4.1.tgz 1408ms (cache miss)
3053 http fetch GET 200 https://registry.npmjs.org/tslib/-/tslib-2.8.1.tgz 1450ms (cache miss)
3054 http fetch GET 200 https://registry.npmjs.org/@img/sharp-darwin-x64/-/sharp-darwin-x64-0.34.5.tgz 1469ms (cache miss)
3055 http fetch GET 200 https://registry.npmjs.org/dunder-proto/-/dunder-proto-1.0.1.tgz 1434ms (cache miss)
3056 http fetch GET 200 https://registry.npmjs.org/resolve-pkg-maps/-/resolve-pkg-maps-1.0.0.tgz 1431ms (cache miss)
3057 http fetch GET 200 https://registry.npmjs.org/locate-path/-/locate-path-6.0.0.tgz 1429ms (cache miss)
3058 http fetch GET 200 https://registry.npmjs.org/acorn-jsx/-/acorn-jsx-5.3.2.tgz 1425ms (cache miss)
3059 http fetch GET 200 https://registry.npmjs.org/micromatch/-/micromatch-4.0.8.tgz 1448ms (cache miss)
3060 http fetch GET 200 https://registry.npmjs.org/path-exists/-/path-exists-4.0.0.tgz 1454ms (cache miss)
3061 http fetch GET 200 https://registry.npmjs.org/fastq/-/fastq-1.20.1.tgz 1452ms (cache miss)
3062 http fetch GET 200 https://registry.npmjs.org/argparse/-/argparse-2.0.1.tgz 1481ms (cache miss)
3063 http fetch GET 200 https://registry.npmjs.org/node-releases/-/node-releases-2.0.27.tgz 1481ms (cache miss)
3064 http fetch GET 200 https://registry.npmjs.org/@nodelib/fs.stat/-/fs.stat-2.0.5.tgz 1504ms (cache miss)
3065 http fetch GET 200 https://registry.npmjs.org/lru-cache/-/lru-cache-5.1.1.tgz 1526ms (cache miss)
3066 http fetch GET 200 https://registry.npmjs.org/gensync/-/gensync-1.0.0-beta.2.tgz 1549ms (cache miss)
3067 http fetch GET 200 https://registry.npmjs.org/@nodelib/fs.scandir/-/fs.scandir-2.1.5.tgz 1563ms (cache miss)
3068 http fetch GET 200 https://registry.npmjs.org/flat-cache/-/flat-cache-4.0.1.tgz 1569ms (cache miss)
3069 http fetch GET 200 https://registry.npmjs.org/esrecurse/-/esrecurse-4.3.0.tgz 1558ms (cache miss)
3070 http fetch GET 200 https://registry.npmjs.org/browserslist/-/browserslist-4.28.1.tgz 1595ms (cache miss)
3071 http fetch GET 200 https://registry.npmjs.org/flatted/-/flatted-3.3.3.tgz 1647ms (cache miss)
3072 http fetch GET 200 https://registry.npmjs.org/@babel/helper-validator-option/-/helper-validator-option-7.27.1.tgz 1646ms (cache miss)
3073 http fetch GET 200 https://registry.npmjs.org/string.prototype.matchall/-/string.prototype.matchall-4.0.12.tgz 1642ms (cache miss)
3074 http fetch GET 200 https://registry.npmjs.org/iterator.prototype/-/iterator.prototype-1.1.5.tgz 1644ms (cache miss)
3075 http fetch GET 200 https://registry.npmjs.org/side-channel/-/side-channel-1.1.0.tgz 1684ms (cache miss)
3076 http fetch GET 200 https://registry.npmjs.org/reusify/-/reusify-1.1.0.tgz 1678ms (cache miss)
3077 http fetch GET 200 https://registry.npmjs.org/object.entries/-/object.entries-1.1.9.tgz 1674ms (cache miss)
3078 http fetch GET 200 https://registry.npmjs.org/update-browserslist-db/-/update-browserslist-db-1.2.3.tgz 1692ms (cache miss)
3079 http fetch GET 200 https://registry.npmjs.org/damerau-levenshtein/-/damerau-levenshtein-1.0.8.tgz 1675ms (cache miss)
3080 http fetch GET 200 https://registry.npmjs.org/ast-types-flow/-/ast-types-flow-0.0.8.tgz 1675ms (cache miss)
3081 http fetch GET 200 https://registry.npmjs.org/is-symbol/-/is-symbol-1.1.1.tgz 1654ms (cache miss)
3082 http fetch GET 200 https://registry.npmjs.org/language-tags/-/language-tags-1.0.9.tgz 1697ms (cache miss)
3083 http fetch GET 200 https://registry.npmjs.org/has-tostringtag/-/has-tostringtag-1.0.2.tgz 1654ms (cache miss)
3084 http fetch GET 200 https://registry.npmjs.org/@jridgewell/remapping/-/remapping-2.3.5.tgz 1723ms (cache miss)
3085 http fetch GET 200 https://registry.npmjs.org/string.prototype.includes/-/string.prototype.includes-2.0.1.tgz 1718ms (cache miss)
3086 http fetch GET 200 https://registry.npmjs.org/@typescript-eslint/type-utils/-/type-utils-8.50.1.tgz 1803ms (cache miss)
3087 http fetch GET 200 https://registry.npmjs.org/@babel/compat-data/-/compat-data-7.28.5.tgz 1731ms (cache miss)
3088 http fetch GET 200 https://registry.npmjs.org/estraverse/-/estraverse-5.3.0.tgz 1721ms (cache miss)
3089 http fetch GET 200 https://registry.npmjs.org/unbox-primitive/-/unbox-primitive-1.1.0.tgz 1679ms (cache miss)
3090 http fetch GET 200 https://registry.npmjs.org/string.prototype.repeat/-/string.prototype.repeat-1.0.0.tgz 1764ms (cache miss)
3091 http fetch GET 200 https://registry.npmjs.org/array.prototype.tosorted/-/array.prototype.tosorted-1.1.4.tgz 1765ms (cache miss)
3092 http fetch GET 200 https://registry.npmjs.org/which-typed-array/-/which-typed-array-1.1.19.tgz 1717ms (cache miss)
3093 http fetch GET 200 https://registry.npmjs.org/typed-array-buffer/-/typed-array-buffer-1.0.3.tgz 1716ms (cache miss)
3094 http fetch GET 200 https://registry.npmjs.org/typed-array-length/-/typed-array-length-1.0.7.tgz 1719ms (cache miss)
3095 http fetch GET 200 https://registry.npmjs.org/string.prototype.trim/-/string.prototype.trim-1.2.10.tgz 1716ms (cache miss)
3096 http fetch GET 200 https://registry.npmjs.org/set-proto/-/set-proto-1.0.0.tgz 1716ms (cache miss)
3097 http fetch GET 200 https://registry.npmjs.org/possible-typed-array-names/-/possible-typed-array-names-1.1.0.tgz 1758ms (cache miss)
3098 http fetch GET 200 https://registry.npmjs.org/is-date-object/-/is-date-object-1.1.0.tgz 1805ms (cache miss)
3099 http fetch GET 200 https://registry.npmjs.org/electron-to-chromium/-/electron-to-chromium-1.5.267.tgz 1849ms (cache miss)
3100 http fetch GET 200 https://registry.npmjs.org/typed-array-byte-offset/-/typed-array-byte-offset-1.0.4.tgz 1789ms (cache miss)
3101 http fetch GET 200 https://registry.npmjs.org/string.prototype.trimstart/-/string.prototype.trimstart-1.0.8.tgz 1786ms (cache miss)
3102 http fetch GET 200 https://registry.npmjs.org/safe-regex-test/-/safe-regex-test-1.1.0.tgz 1784ms (cache miss)
3103 http fetch GET 200 https://registry.npmjs.org/stop-iteration-iterator/-/stop-iteration-iterator-1.1.0.tgz 1784ms (cache miss)
3104 http fetch GET 200 https://registry.npmjs.org/safe-push-apply/-/safe-push-apply-1.0.0.tgz 1784ms (cache miss)
3105 http fetch GET 200 https://registry.npmjs.org/typed-array-byte-length/-/typed-array-byte-length-1.0.3.tgz 1850ms (cache miss)
3106 http fetch GET 200 https://registry.npmjs.org/@babel/helper-compilation-targets/-/helper-compilation-targets-7.27.2.tgz 1923ms (cache miss)
3107 http fetch GET 200 https://registry.npmjs.org/@emnapi/runtime/-/runtime-1.7.1.tgz 1987ms (cache miss)
3108 http fetch GET 200 https://registry.npmjs.org/is-regex/-/is-regex-1.2.1.tgz 1856ms (cache miss)
3109 http fetch GET 200 https://registry.npmjs.org/is-weakref/-/is-weakref-1.1.1.tgz 1862ms (cache miss)
3110 http fetch GET 200 https://registry.npmjs.org/safe-array-concat/-/safe-array-concat-1.1.3.tgz 1865ms (cache miss)
3111 http fetch GET 200 https://registry.npmjs.org/is-data-view/-/is-data-view-1.0.2.tgz 1877ms (cache miss)
3112 http fetch GET 200 https://registry.npmjs.org/is-shared-array-buffer/-/is-shared-array-buffer-1.0.4.tgz 1880ms (cache miss)
3113 http fetch GET 200 https://registry.npmjs.org/array.prototype.findlast/-/array.prototype.findlast-1.2.5.tgz 1947ms (cache miss)
3114 http fetch GET 200 https://registry.npmjs.org/own-keys/-/own-keys-1.0.1.tgz 1895ms (cache miss)
3115 http fetch GET 200 https://registry.npmjs.org/is-callable/-/is-callable-1.2.7.tgz 1884ms (cache miss)
3116 http fetch GET 200 https://registry.npmjs.org/is-typed-array/-/is-typed-array-1.1.15.tgz 1907ms (cache miss)
3117 http fetch GET 200 https://registry.npmjs.org/baseline-browser-mapping/-/baseline-browser-mapping-2.9.11.tgz 1983ms (cache miss)
3118 http fetch GET 200 https://registry.npmjs.org/is-negative-zero/-/is-negative-zero-2.0.3.tgz 1908ms (cache miss)
3119 http fetch GET 200 https://registry.npmjs.org/is-set/-/is-set-2.0.3.tgz 1910ms (cache miss)
3120 http fetch GET 200 https://registry.npmjs.org/get-symbol-description/-/get-symbol-description-1.1.0.tgz 1904ms (cache miss)
3121 http fetch GET 200 https://registry.npmjs.org/globalthis/-/globalthis-1.0.4.tgz 1905ms (cache miss)
3122 http fetch GET 200 https://registry.npmjs.org/function.prototype.name/-/function.prototype.name-1.1.8.tgz 1906ms (cache miss)
3123 http fetch GET 200 https://registry.npmjs.org/data-view-buffer/-/data-view-buffer-1.0.2.tgz 1887ms (cache miss)
3124 http fetch GET 200 https://registry.npmjs.org/es-set-tostringtag/-/es-set-tostringtag-2.1.0.tgz 1889ms (cache miss)
3125 http fetch GET 200 https://registry.npmjs.org/is-array-buffer/-/is-array-buffer-3.0.5.tgz 1930ms (cache miss)
3126 http fetch GET 200 https://registry.npmjs.org/available-typed-arrays/-/available-typed-arrays-1.0.7.tgz 1912ms (cache miss)
3127 http fetch GET 200 https://registry.npmjs.org/arraybuffer.prototype.slice/-/arraybuffer.prototype.slice-1.0.4.tgz 1911ms (cache miss)
3128 http fetch GET 200 https://registry.npmjs.org/gopd/-/gopd-1.2.0.tgz 1911ms (cache miss)
3129 http fetch GET 200 https://registry.npmjs.org/es-shim-unscopables/-/es-shim-unscopables-1.1.0.tgz 1886ms (cache miss)
3130 http fetch GET 200 https://registry.npmjs.org/object-keys/-/object-keys-1.1.1.tgz 1892ms (cache miss)
3131 http fetch GET 200 https://registry.npmjs.org/es-define-property/-/es-define-property-1.0.1.tgz 1887ms (cache miss)
3132 http fetch GET 200 https://registry.npmjs.org/set-function-length/-/set-function-length-1.2.2.tgz 1889ms (cache miss)
3133 http fetch GET 200 https://registry.npmjs.org/internal-slot/-/internal-slot-1.1.0.tgz 1965ms (cache miss)
3134 http fetch GET 200 https://registry.npmjs.org/get-proto/-/get-proto-1.0.1.tgz 1967ms (cache miss)
3135 http fetch GET 200 https://registry.npmjs.org/is-string/-/is-string-1.1.1.tgz 1895ms (cache miss)
3136 http fetch GET 200 https://registry.npmjs.org/define-properties/-/define-properties-1.2.1.tgz 1891ms (cache miss)
3137 http fetch GET 200 https://registry.npmjs.org/data-view-byte-offset/-/data-view-byte-offset-1.0.1.tgz 1978ms (cache miss)
3138 http fetch GET 200 https://registry.npmjs.org/data-view-byte-length/-/data-view-byte-length-1.0.2.tgz 1979ms (cache miss)
3139 http fetch GET 200 https://registry.npmjs.org/array-buffer-byte-length/-/array-buffer-byte-length-1.0.2.tgz 1955ms (cache miss)
3140 http fetch GET 200 https://registry.npmjs.org/es-errors/-/es-errors-1.3.0.tgz 1946ms (cache miss)
3141 http fetch GET 200 https://registry.npmjs.org/call-bound/-/call-bound-1.0.4.tgz 1923ms (cache miss)
3142 http fetch GET 200 https://registry.npmjs.org/has-property-descriptors/-/has-property-descriptors-1.0.2.tgz 1978ms (cache miss)
3143 http fetch GET 200 https://registry.npmjs.org/hermes-estree/-/hermes-estree-0.25.1.tgz 2134ms (cache miss)
3144 http fetch GET 200 https://registry.npmjs.org/call-bind/-/call-bind-1.0.8.tgz 1965ms (cache miss)
3145 http fetch GET 200 https://registry.npmjs.org/emoji-regex/-/emoji-regex-9.2.2.tgz 2119ms (cache miss)
3146 http fetch GET 200 https://registry.npmjs.org/object.values/-/object.values-1.2.1.tgz 1965ms (cache miss)
3147 http fetch GET 200 https://registry.npmjs.org/semver/-/semver-6.3.1.tgz 1986ms (cache miss)
3148 http fetch GET 200 https://registry.npmjs.org/has-proto/-/has-proto-1.2.0.tgz 2073ms (cache miss)
3149 http fetch GET 200 https://registry.npmjs.org/define-data-property/-/define-data-property-1.1.4.tgz 2026ms (cache miss)
3150 http fetch GET 200 https://registry.npmjs.org/string.prototype.trimend/-/string.prototype.trimend-1.0.9.tgz 1992ms (cache miss)
3151 http fetch GET 200 https://registry.npmjs.org/get-intrinsic/-/get-intrinsic-1.3.0.tgz 1995ms (cache miss)
3152 http fetch GET 200 https://registry.npmjs.org/@rtsao/scc/-/scc-1.1.0.tgz 1974ms (cache miss)
3153 http fetch GET 200 https://registry.npmjs.org/object.fromentries/-/object.fromentries-2.0.8.tgz 1996ms (cache miss)
3154 http fetch GET 200 https://registry.npmjs.org/@nodelib/fs.walk/-/fs.walk-1.2.8.tgz 2193ms (cache miss)
3155 http fetch GET 200 https://registry.npmjs.org/regexp.prototype.flags/-/regexp.prototype.flags-1.5.4.tgz 2114ms (cache miss)
3156 http fetch GET 200 https://registry.npmjs.org/es-object-atoms/-/es-object-atoms-1.1.1.tgz 2026ms (cache miss)
3157 http fetch GET 200 https://registry.npmjs.org/function-bind/-/function-bind-1.1.2.tgz 2054ms (cache miss)
3158 http fetch GET 200 https://registry.npmjs.org/tinyglobby/-/tinyglobby-0.2.15.tgz 1992ms (cache miss)
3159 http fetch GET 200 https://registry.npmjs.org/is-bun-module/-/is-bun-module-2.0.0.tgz 1991ms (cache miss)
3160 http fetch GET 200 https://registry.npmjs.org/is-core-module/-/is-core-module-2.16.1.tgz 1985ms (cache miss)
3161 http fetch GET 200 https://registry.npmjs.org/stable-hash/-/stable-hash-0.0.5.tgz 1992ms (cache miss)
3162 http fetch GET 200 https://registry.npmjs.org/unrs-resolver/-/unrs-resolver-1.11.1.tgz 1995ms (cache miss)
3163 http fetch GET 200 https://registry.npmjs.org/has-symbols/-/has-symbols-1.1.0.tgz 2120ms (cache miss)
3164 http fetch GET 200 https://registry.npmjs.org/eslint-import-resolver-typescript/-/eslint-import-resolver-typescript-3.10.1.tgz 2017ms (cache miss)
3165 http fetch GET 200 https://registry.npmjs.org/typescript-eslint/-/typescript-eslint-8.50.1.tgz 2019ms (cache miss)
3166 http fetch GET 200 https://registry.npmjs.org/eslint-import-resolver-node/-/eslint-import-resolver-node-0.3.9.tgz 2017ms (cache miss)
3167 http fetch GET 200 https://registry.npmjs.org/@nolyfill/is-core-module/-/is-core-module-1.0.39.tgz 2025ms (cache miss)
3168 http fetch GET 200 https://registry.npmjs.org/doctrine/-/doctrine-2.1.0.tgz 2049ms (cache miss)
3169 http fetch GET 200 https://registry.npmjs.org/@babel/helper-module-transforms/-/helper-module-transforms-7.28.3.tgz 2235ms (cache miss)
3170 http fetch GET 200 https://registry.npmjs.org/hasown/-/hasown-2.0.2.tgz 2053ms (cache miss)
3171 http fetch GET 200 https://registry.npmjs.org/which/-/which-2.0.2.tgz 2036ms (cache miss)
3172 http fetch GET 200 https://registry.npmjs.org/ansi-styles/-/ansi-styles-4.3.0.tgz 2048ms (cache miss)
3173 http fetch GET 200 https://registry.npmjs.org/color-name/-/color-name-1.1.4.tgz 2077ms (cache miss)
3174 http fetch GET 200 https://registry.npmjs.org/path-key/-/path-key-3.1.1.tgz 2077ms (cache miss)
3175 http fetch GET 200 https://registry.npmjs.org/supports-color/-/supports-color-7.2.0.tgz 2090ms (cache miss)
3176 http fetch GET 200 https://registry.npmjs.org/zod-validation-error/-/zod-validation-error-4.0.2.tgz 2296ms (cache miss)
3177 http fetch GET 200 https://registry.npmjs.org/source-map-js/-/source-map-js-1.2.1.tgz 2352ms (cache miss)
3178 http fetch GET 200 https://registry.npmjs.org/array.prototype.findlastindex/-/array.prototype.findlastindex-1.2.6.tgz 2124ms (cache miss)
3179 http fetch GET 200 https://registry.npmjs.org/levn/-/levn-0.4.1.tgz 2118ms (cache miss)
3180 http fetch GET 200 https://registry.npmjs.org/shebang-command/-/shebang-command-2.0.0.tgz 2129ms (cache miss)
3181 http fetch GET 200 https://registry.npmjs.org/fast-json-stable-stringify/-/fast-json-stable-stringify-2.1.0.tgz 2130ms (cache miss)
3182 http fetch GET 200 https://registry.npmjs.org/json-schema-traverse/-/json-schema-traverse-0.4.1.tgz 2131ms (cache miss)
3183 http fetch GET 200 https://registry.npmjs.org/object.groupby/-/object.groupby-1.0.3.tgz 2160ms (cache miss)
3184 http fetch GET 200 https://registry.npmjs.org/array-includes/-/array-includes-3.1.9.tgz 2156ms (cache miss)
3185 http fetch GET 200 https://registry.npmjs.org/array.prototype.flat/-/array.prototype.flat-1.3.3.tgz 2160ms (cache miss)
3186 http fetch GET 200 https://registry.npmjs.org/color-convert/-/color-convert-2.0.1.tgz 2139ms (cache miss)
3187 http fetch GET 200 https://registry.npmjs.org/@types/json-schema/-/json-schema-7.0.15.tgz 2149ms (cache miss)
3188 http fetch GET 200 https://registry.npmjs.org/strip-json-comments/-/strip-json-comments-3.1.1.tgz 2177ms (cache miss)
3189 http fetch GET 200 https://registry.npmjs.org/array.prototype.flatmap/-/array.prototype.flatmap-1.3.3.tgz 2206ms (cache miss)
3190 http fetch GET 200 https://registry.npmjs.org/optionator/-/optionator-0.9.4.tgz 2206ms (cache miss)
3191 http fetch GET 200 https://registry.npmjs.org/is-glob/-/is-glob-4.0.3.tgz 2199ms (cache miss)
3192 http fetch GET 200 https://registry.npmjs.org/json-stable-stringify-without-jsonify/-/json-stable-stringify-without-jsonify-1.0.1.tgz 2205ms (cache miss)
3193 http fetch GET 200 https://registry.npmjs.org/globals/-/globals-14.0.0.tgz 2209ms (cache miss)
3194 http fetch GET 200 https://registry.npmjs.org/call-bind-apply-helpers/-/call-bind-apply-helpers-1.0.2.tgz 2296ms (cache miss)
3195 http fetch GET 200 https://registry.npmjs.org/get-tsconfig/-/get-tsconfig-4.13.0.tgz 2233ms (cache miss)
3196 http fetch GET 200 https://registry.npmjs.org/natural-compare/-/natural-compare-1.4.0.tgz 2222ms (cache miss)
3197 http fetch GET 200 https://registry.npmjs.org/glob-parent/-/glob-parent-6.0.2.tgz 2214ms (cache miss)
3198 http fetch GET 200 https://registry.npmjs.org/ignore/-/ignore-5.3.2.tgz 2215ms (cache miss)
3199 http fetch GET 200 https://registry.npmjs.org/lodash.merge/-/lodash.merge-4.6.2.tgz 2216ms (cache miss)
3200 http fetch GET 200 https://registry.npmjs.org/@eslint/object-schema/-/object-schema-2.1.7.tgz 2224ms (cache miss)
3201 http fetch GET 200 https://registry.npmjs.org/object.assign/-/object.assign-4.1.7.tgz 2376ms (cache miss)
3202 http fetch GET 200 https://registry.npmjs.org/minimatch/-/minimatch-3.1.2.tgz 2235ms (cache miss)
3203 http fetch GET 200 https://registry.npmjs.org/find-up/-/find-up-5.0.0.tgz 2227ms (cache miss)
3204 http fetch GET 200 https://registry.npmjs.org/fast-deep-equal/-/fast-deep-equal-3.1.3.tgz 2226ms (cache miss)
3205 http fetch GET 200 https://registry.npmjs.org/es-to-primitive/-/es-to-primitive-1.3.0.tgz 2374ms (cache miss)
3206 http fetch GET 200 https://registry.npmjs.org/imurmurhash/-/imurmurhash-0.1.4.tgz 2243ms (cache miss)
3207 http fetch GET 200 https://registry.npmjs.org/file-entry-cache/-/file-entry-cache-8.0.0.tgz 2239ms (cache miss)
3208 http fetch GET 200 https://registry.npmjs.org/eslint-visitor-keys/-/eslint-visitor-keys-4.2.1.tgz 2236ms (cache miss)
3209 http fetch GET 200 https://registry.npmjs.org/esutils/-/esutils-2.0.3.tgz 2238ms (cache miss)
3210 http fetch GET 200 https://registry.npmjs.org/cross-spawn/-/cross-spawn-7.0.6.tgz 2251ms (cache miss)
3211 http fetch GET 200 https://registry.npmjs.org/chalk/-/chalk-4.1.2.tgz 2272ms (cache miss)
3212 http fetch GET 200 https://registry.npmjs.org/@types/estree/-/estree-1.0.8.tgz 2271ms (cache miss)
3213 http fetch GET 200 https://registry.npmjs.org/@humanwhocodes/module-importer/-/module-importer-1.0.1.tgz 2285ms (cache miss)
3214 http fetch GET 200 https://registry.npmjs.org/ms/-/ms-2.1.3.tgz 2282ms (cache miss)
3215 http fetch GET 200 https://registry.npmjs.org/path-type/-/path-type-4.0.0.tgz 2286ms (cache miss)
3216 http fetch GET 200 https://registry.npmjs.org/@humanwhocodes/retry/-/retry-0.4.3.tgz 2300ms (cache miss)
3217 http fetch GET 200 https://registry.npmjs.org/espree/-/espree-10.4.0.tgz 2316ms (cache miss)
3218 http fetch GET 200 https://registry.npmjs.org/@eslint/core/-/core-0.17.0.tgz 2307ms (cache miss)
3219 http fetch GET 200 https://registry.npmjs.org/acorn/-/acorn-8.15.0.tgz 2554ms (cache miss)
3220 http fetch GET 200 https://registry.npmjs.org/@eslint/js/-/js-9.39.2.tgz 2311ms (cache miss)
3221 http fetch GET 200 https://registry.npmjs.org/import-fresh/-/import-fresh-3.3.1.tgz 2300ms (cache miss)
3222 http fetch GET 200 https://registry.npmjs.org/parse-json/-/parse-json-5.2.0.tgz 2310ms (cache miss)
3223 http fetch GET 200 https://registry.npmjs.org/@eslint/config-helpers/-/config-helpers-0.4.2.tgz 2323ms (cache miss)
3224 http fetch GET 200 https://registry.npmjs.org/@humanfs/core/-/core-0.19.1.tgz 2361ms (cache miss)
3225 http fetch GET 200 https://registry.npmjs.org/@humanfs/node/-/node-0.16.7.tgz 2339ms (cache miss)
3226 http fetch GET 200 https://registry.npmjs.org/@types/parse-json/-/parse-json-4.0.2.tgz 2327ms (cache miss)
3227 http fetch GET 200 https://registry.npmjs.org/react-is/-/react-is-19.2.3.tgz 2322ms (cache miss)
3228 http fetch GET 200 https://registry.npmjs.org/json5/-/json5-2.2.3.tgz 2587ms (cache miss)
3229 http fetch GET 200 https://registry.npmjs.org/object-inspect/-/object-inspect-1.13.4.tgz 2547ms (cache miss)
3230 http fetch GET 200 https://registry.npmjs.org/@types/prop-types/-/prop-types-15.7.15.tgz 2364ms (cache miss)
3231 http fetch GET 200 https://registry.npmjs.org/@emotion/is-prop-valid/-/is-prop-valid-1.4.0.tgz 2356ms (cache miss)
3232 http fetch GET 200 https://registry.npmjs.org/@types/react-transition-group/-/react-transition-group-4.4.12.tgz 2363ms (cache miss)
3233 http fetch GET 200 https://registry.npmjs.org/eslint-module-utils/-/eslint-module-utils-2.12.1.tgz 2438ms (cache miss)
3234 http fetch GET 200 https://registry.npmjs.org/math-intrinsics/-/math-intrinsics-1.1.0.tgz 2492ms (cache miss)
3235 http fetch GET 200 https://registry.npmjs.org/@emotion/unitless/-/unitless-0.10.0.tgz 2368ms (cache miss)
3236 http fetch GET 200 https://registry.npmjs.org/@mui/core-downloads-tracker/-/core-downloads-tracker-7.3.6.tgz 2370ms (cache miss)
3237 http fetch GET 200 https://registry.npmjs.org/@jridgewell/resolve-uri/-/resolve-uri-3.1.2.tgz 2383ms (cache miss)
3238 http fetch GET 200 https://registry.npmjs.org/clsx/-/clsx-2.1.1.tgz 2388ms (cache miss)
3239 http fetch GET 200 https://registry.npmjs.org/picocolors/-/picocolors-1.1.1.tgz 2378ms (cache miss)
3240 http fetch GET 200 https://registry.npmjs.org/jsesc/-/jsesc-3.1.0.tgz 2379ms (cache miss)
3241 http fetch GET 200 https://registry.npmjs.org/js-tokens/-/js-tokens-4.0.0.tgz 2375ms (cache miss)
3242 http fetch GET 200 https://registry.npmjs.org/@emotion/sheet/-/sheet-1.4.0.tgz 2389ms (cache miss)
3243 http fetch GET 200 https://registry.npmjs.org/postcss/-/postcss-8.4.31.tgz 2695ms (cache miss)
3244 http fetch GET 200 https://registry.npmjs.org/prop-types/-/prop-types-15.8.1.tgz 2407ms (cache miss)
3245 http fetch GET 200 https://registry.npmjs.org/@babel/code-frame/-/code-frame-7.27.1.tgz 2391ms (cache miss)
3246 http fetch GET 200 https://registry.npmjs.org/eslint-scope/-/eslint-scope-8.4.0.tgz 2442ms (cache miss)
3247 http fetch GET 200 https://registry.npmjs.org/@babel/helper-string-parser/-/helper-string-parser-7.27.1.tgz 2421ms (cache miss)
3248 http fetch GET 200 https://registry.npmjs.org/debug/-/debug-4.4.3.tgz 2415ms (cache miss)
3249 http fetch GET 200 https://registry.npmjs.org/@babel/helper-globals/-/helper-globals-7.28.0.tgz 2424ms (cache miss)
3250 http fetch GET 200 https://registry.npmjs.org/@babel/helper-validator-identifier/-/helper-validator-identifier-7.28.5.tgz 2424ms (cache miss)
3251 http fetch GET 200 https://registry.npmjs.org/convert-source-map/-/convert-source-map-1.9.0.tgz 2419ms (cache miss)
3252 http fetch GET 200 https://registry.npmjs.org/find-root/-/find-root-1.1.0.tgz 2421ms (cache miss)
3253 http fetch GET 200 https://registry.npmjs.org/@eslint/plugin-kit/-/plugin-kit-0.4.1.tgz 2470ms (cache miss)
3254 http fetch GET 200 https://registry.npmjs.org/babel-plugin-macros/-/babel-plugin-macros-3.1.0.tgz 2438ms (cache miss)
3255 http fetch GET 200 https://registry.npmjs.org/@mui/types/-/types-7.4.9.tgz 2473ms (cache miss)
3256 http fetch GET 200 https://registry.npmjs.org/escape-string-regexp/-/escape-string-regexp-4.0.0.tgz 2457ms (cache miss)
3257 http fetch GET 200 https://registry.npmjs.org/@babel/helper-module-imports/-/helper-module-imports-7.27.1.tgz 2475ms (cache miss)
3258 http fetch GET 200 https://registry.npmjs.org/sharp/-/sharp-0.34.5.tgz 2801ms (cache miss)
3259 http fetch GET 200 https://registry.npmjs.org/@emotion/utils/-/utils-1.4.2.tgz 2503ms (cache miss)
3260 http fetch GET 200 https://registry.npmjs.org/@emotion/memoize/-/memoize-0.9.0.tgz 2510ms (cache miss)
3261 http fetch GET 200 https://registry.npmjs.org/hoist-non-react-statics/-/hoist-non-react-statics-3.3.2.tgz 2513ms (cache miss)
3262 http fetch GET 200 https://registry.npmjs.org/eslint-config-next/-/eslint-config-next-16.1.1.tgz 2509ms (cache miss)
3263 http fetch GET 200 https://registry.npmjs.org/@emotion/use-insertion-effect-with-fallbacks/-/use-insertion-effect-with-fallbacks-1.2.0.tgz 2528ms (cache miss)
3264 http fetch GET 200 https://registry.npmjs.org/@emotion/serialize/-/serialize-1.3.3.tgz 2527ms (cache miss)
3265 http fetch GET 200 https://registry.npmjs.org/@tybys/wasm-util/-/wasm-util-0.10.1.tgz 2908ms (cache miss)
3266 http fetch GET 200 https://registry.npmjs.org/@emotion/weak-memoize/-/weak-memoize-0.4.0.tgz 2552ms (cache miss)
3267 http fetch GET 200 https://registry.npmjs.org/@emotion/hash/-/hash-0.9.2.tgz 2567ms (cache miss)
3268 http fetch GET 200 https://registry.npmjs.org/@babel/template/-/template-7.27.2.tgz 2604ms (cache miss)
3269 http fetch GET 200 https://registry.npmjs.org/@eslint-community/regexpp/-/regexpp-4.12.2.tgz 2669ms (cache miss)
3270 http fetch GET 200 https://registry.npmjs.org/styled-jsx/-/styled-jsx-5.1.6.tgz 2958ms (cache miss)
3271 http fetch GET 200 https://registry.npmjs.org/@eslint-community/eslint-utils/-/eslint-utils-4.9.0.tgz 2677ms (cache miss)
3272 http fetch GET 200 https://registry.npmjs.org/@mui/styled-engine/-/styled-engine-7.3.6.tgz 2669ms (cache miss)
3273 http fetch GET 200 https://registry.npmjs.org/brace-expansion/-/brace-expansion-2.0.2.tgz 2622ms (cache miss)
3274 http fetch GET 200 https://registry.npmjs.org/convert-source-map/-/convert-source-map-2.0.0.tgz 2643ms (cache miss)
3275 http fetch GET 200 https://registry.npmjs.org/@types/react-dom/-/react-dom-19.2.3.tgz 2653ms (cache miss)
3276 http fetch GET 200 https://registry.npmjs.org/ignore/-/ignore-7.0.5.tgz 2651ms (cache miss)
3277 http fetch GET 200 https://registry.npmjs.org/undici-types/-/undici-types-6.21.0.tgz 2723ms (cache miss)
3278 http fetch GET 200 https://registry.npmjs.org/stylis/-/stylis-4.2.0.tgz 2703ms (cache miss)
3279 http fetch GET 200 https://registry.npmjs.org/@jridgewell/sourcemap-codec/-/sourcemap-codec-1.5.5.tgz 2724ms (cache miss)
3280 http fetch GET 200 https://registry.npmjs.org/@jridgewell/gen-mapping/-/gen-mapping-0.3.13.tgz 2727ms (cache miss)
3281 http fetch GET 200 https://registry.npmjs.org/json5/-/json5-1.0.2.tgz 2693ms (cache miss)
3282 http fetch GET 200 https://registry.npmjs.org/@typescript-eslint/utils/-/utils-8.50.1.tgz 3075ms (cache miss)
3283 http fetch GET 200 https://registry.npmjs.org/cosmiconfig/-/cosmiconfig-7.1.0.tgz 2751ms (cache miss)
3284 http fetch GET 200 https://registry.npmjs.org/debug/-/debug-3.2.7.tgz 2700ms (cache miss)
3285 http fetch GET 200 https://registry.npmjs.org/@mui/private-theming/-/private-theming-7.3.6.tgz 2752ms (cache miss)
3286 http fetch GET 200 https://registry.npmjs.org/@eslint/config-array/-/config-array-0.21.1.tgz 2768ms (cache miss)
3287 http fetch GET 200 https://registry.npmjs.org/glob-parent/-/glob-parent-5.1.2.tgz 2711ms (cache miss)
3288 http fetch GET 200 https://registry.npmjs.org/@emnapi/core/-/core-1.7.1.tgz 3102ms (cache miss)
3289 http fetch GET 200 https://registry.npmjs.org/picomatch/-/picomatch-4.0.3.tgz 2718ms (cache miss)
3290 http fetch GET 200 https://registry.npmjs.org/debug/-/debug-3.2.7.tgz 2720ms (cache miss)
3291 http fetch GET 200 https://registry.npmjs.org/debug/-/debug-3.2.7.tgz 2721ms (cache miss)
3292 http fetch GET 200 https://registry.npmjs.org/react-is/-/react-is-16.13.1.tgz 2721ms (cache miss)
3293 http fetch GET 200 https://registry.npmjs.org/eslint-visitor-keys/-/eslint-visitor-keys-3.4.3.tgz 2730ms (cache miss)
3294 http fetch GET 200 https://registry.npmjs.org/@next/eslint-plugin-next/-/eslint-plugin-next-16.1.1.tgz 2876ms (cache miss)
3295 http fetch GET 200 https://registry.npmjs.org/js-yaml/-/js-yaml-4.1.1.tgz 2868ms (cache miss)
3296 http fetch GET 200 https://registry.npmjs.org/react-is/-/react-is-16.13.1.tgz 2777ms (cache miss)
3297 http fetch GET 200 https://registry.npmjs.org/react/-/react-19.2.3.tgz 2814ms (cache miss)
3298 http fetch GET 200 https://registry.npmjs.org/@emotion/babel-plugin/-/babel-plugin-11.13.5.tgz 2821ms (cache miss)
3299 http fetch GET 200 https://registry.npmjs.org/globals/-/globals-16.4.0.tgz 2808ms (cache miss)
3300 http fetch GET 200 https://registry.npmjs.org/fast-glob/-/fast-glob-3.3.1.tgz 2937ms (cache miss)
3301 http fetch GET 200 https://registry.npmjs.org/@types/react/-/react-19.2.7.tgz 2875ms (cache miss)
3302 http fetch GET 200 https://registry.npmjs.org/@jridgewell/trace-mapping/-/trace-mapping-0.3.31.tgz 2911ms (cache miss)
3303 http fetch GET 200 https://registry.npmjs.org/react-transition-group/-/react-transition-group-4.4.5.tgz 2950ms (cache miss)
3304 http fetch GET 200 https://registry.npmjs.org/uri-js/-/uri-js-4.4.1.tgz 3032ms (cache miss)
3305 http fetch GET 200 https://registry.npmjs.org/@typescript-eslint/typescript-estree/-/typescript-estree-8.50.1.tgz 3318ms (cache miss)
3306 http fetch GET 200 https://registry.npmjs.org/@unrs/resolver-binding-darwin-x64/-/resolver-binding-darwin-x64-1.11.1.tgz 3332ms (cache miss)
3307 http fetch GET 200 https://registry.npmjs.org/esquery/-/esquery-1.6.0.tgz 3035ms (cache miss)
3308 http fetch GET 200 https://registry.npmjs.org/tsconfig-paths/-/tsconfig-paths-3.15.0.tgz 3239ms (cache miss)
3309 http fetch GET 200 https://registry.npmjs.org/language-subtag-registry/-/language-subtag-registry-0.3.23.tgz 3447ms (cache miss)
3310 http fetch GET 200 https://registry.npmjs.org/semver/-/semver-7.7.3.tgz 3129ms (cache miss)
3311 http fetch GET 200 https://registry.npmjs.org/csstype/-/csstype-3.2.3.tgz 3166ms (cache miss)
3312 http fetch GET 200 https://registry.npmjs.org/@emotion/cache/-/cache-11.14.0.tgz 3150ms (cache miss)
3313 http fetch GET 200 https://registry.npmjs.org/source-map/-/source-map-0.5.7.tgz 3190ms (cache miss)
3314 http fetch GET 200 https://registry.npmjs.org/hermes-parser/-/hermes-parser-0.25.1.tgz 3464ms (cache miss)
3315 http fetch GET 200 https://registry.npmjs.org/semver/-/semver-7.7.3.tgz 3191ms (cache miss)
3316 http fetch GET 200 https://registry.npmjs.org/semver/-/semver-7.7.3.tgz 3230ms (cache miss)
3317 http fetch GET 200 https://registry.npmjs.org/@eslint/eslintrc/-/eslintrc-3.3.3.tgz 3295ms (cache miss)
3318 http fetch GET 200 https://registry.npmjs.org/yaml/-/yaml-1.10.2.tgz 3348ms (cache miss)
3319 http fetch GET 200 https://registry.npmjs.org/jsx-ast-utils/-/jsx-ast-utils-3.3.5.tgz 3832ms (cache miss)
3320 http fetch GET 200 https://registry.npmjs.org/@babel/generator/-/generator-7.28.5.tgz 3595ms (cache miss)
3321 http fetch GET 200 https://registry.npmjs.org/axobject-query/-/axobject-query-4.1.0.tgz 3843ms (cache miss)
3322 http fetch GET 200 https://registry.npmjs.org/minimatch/-/minimatch-9.0.5.tgz 3582ms (cache miss)
3323 http fetch GET 200 https://registry.npmjs.org/@emotion/styled/-/styled-11.14.1.tgz 3671ms (cache miss)
3324 http fetch GET 200 https://registry.npmjs.org/@babel/traverse/-/traverse-7.28.5.tgz 3698ms (cache miss)
3325 http fetch GET 200 https://registry.npmjs.org/es-iterator-helpers/-/es-iterator-helpers-1.2.2.tgz 3981ms (cache miss)
3326 http fetch GET 200 https://registry.npmjs.org/@babel/parser/-/parser-7.28.5.tgz 3758ms (cache miss)
3327 http fetch GET 200 https://registry.npmjs.org/aria-query/-/aria-query-5.3.2.tgz 3997ms (cache miss)
3328 http fetch GET 200 https://registry.npmjs.org/ajv/-/ajv-6.12.6.tgz 3828ms (cache miss)
3329 http fetch GET 200 https://registry.npmjs.org/@babel/core/-/core-7.28.5.tgz 4124ms (cache miss)
3330 http fetch GET 200 https://registry.npmjs.org/axe-core/-/axe-core-4.11.0.tgz 4101ms (cache miss)
3331 http fetch GET 200 https://registry.npmjs.org/resolve/-/resolve-1.22.11.tgz 3938ms (cache miss)
3332 http fetch GET 200 https://registry.npmjs.org/eslint-plugin-import/-/eslint-plugin-import-2.32.0.tgz 4096ms (cache miss)
3333 http fetch GET 200 https://registry.npmjs.org/resolve/-/resolve-2.0.0-next.5.tgz 4004ms (cache miss)
3334 http fetch GET 200 https://registry.npmjs.org/@emotion/react/-/react-11.14.0.tgz 4058ms (cache miss)
3335 http fetch GET 200 https://registry.npmjs.org/eslint-plugin-react-hooks/-/eslint-plugin-react-hooks-7.0.1.tgz 4170ms (cache miss)
3336 http fetch GET 200 https://registry.npmjs.org/@babel/helpers/-/helpers-7.28.4.tgz 4382ms (cache miss)
3337 http fetch GET 200 https://registry.npmjs.org/dom-helpers/-/dom-helpers-5.2.1.tgz 4437ms (cache miss)
3338 http fetch GET 200 https://registry.npmjs.org/@types/node/-/node-20.19.27.tgz 4096ms (cache miss)
3339 http fetch GET 200 https://registry.npmjs.org/@babel/runtime/-/runtime-7.28.4.tgz 4108ms (cache miss)
3340 http fetch GET 200 https://registry.npmjs.org/@typescript-eslint/scope-manager/-/scope-manager-8.50.1.tgz 4494ms (cache miss)
3341 http fetch GET 200 https://registry.npmjs.org/eslint-plugin-jsx-a11y/-/eslint-plugin-jsx-a11y-6.10.2.tgz 4291ms (cache miss)
3342 http fetch GET 200 https://registry.npmjs.org/@popperjs/core/-/core-2.11.8.tgz 4405ms (cache miss)
3343 http fetch GET 200 https://registry.npmjs.org/@babel/types/-/types-7.28.5.tgz 4424ms (cache miss)
3344 http fetch GET 200 https://registry.npmjs.org/@napi-rs/wasm-runtime/-/wasm-runtime-0.2.12.tgz 4883ms (cache miss)
3345 http fetch GET 200 https://registry.npmjs.org/eslint-plugin-react/-/eslint-plugin-react-7.37.5.tgz 4717ms (cache miss)
3346 http fetch GET 200 https://registry.npmjs.org/react-dom/-/react-dom-19.2.3.tgz 4814ms (cache miss)
3347 http fetch GET 200 https://registry.npmjs.org/@mui/utils/-/utils-7.3.6.tgz 4905ms (cache miss)
3348 http fetch GET 200 https://registry.npmjs.org/@typescript-eslint/eslint-plugin/-/eslint-plugin-8.50.1.tgz 5232ms (cache miss)
3349 http fetch GET 200 https://registry.npmjs.org/@mui/system/-/system-7.3.6.tgz 4977ms (cache miss)
3350 http fetch GET 200 https://registry.npmjs.org/@swc/helpers/-/helpers-0.5.15.tgz 5314ms (cache miss)
3351 http fetch GET 200 https://registry.npmjs.org/eslint/-/eslint-9.39.2.tgz 5059ms (cache miss)
3352 http fetch GET 200 https://registry.npmjs.org/caniuse-lite/-/caniuse-lite-1.0.30001761.tgz 5626ms (cache miss)
3353 http fetch GET 200 https://registry.npmjs.org/zod/-/zod-4.2.1.tgz 5694ms (cache miss)
3354 http fetch GET 200 https://registry.npmjs.org/@img/sharp-libvips-darwin-x64/-/sharp-libvips-darwin-x64-1.2.4.tgz 6029ms (cache miss)
3355 http fetch GET 200 https://registry.npmjs.org/typescript/-/typescript-5.9.3.tgz 6087ms (cache miss)
3356 http fetch GET 200 https://registry.npmjs.org/es-abstract/-/es-abstract-1.24.1.tgz 6633ms (cache miss)
3357 http fetch GET 200 https://registry.npmjs.org/@mui/material/-/material-7.3.6.tgz 6941ms (cache miss)
3358 http fetch GET 200 https://registry.npmjs.org/@next/swc-darwin-x64/-/swc-darwin-x64-16.1.1.tgz 10393ms (cache miss)
3359 http fetch GET 200 https://registry.npmjs.org/next/-/next-16.1.1.tgz 15744ms (cache miss)
3360 http fetch GET 200 https://registry.npmjs.org/@mui/icons-material/-/icons-material-7.3.6.tgz 19916ms (cache miss)
3361 info run sharp@0.34.5 install node_modules/sharp node install/check.js || npm run build
3362 info run sharp@0.34.5 install { code: 0, signal: null }
3363 info run unrs-resolver@1.11.1 postinstall node_modules/unrs-resolver napi-postinstall unrs-resolver 1.11.1 check
3364 info run unrs-resolver@1.11.1 postinstall { code: 0, signal: null }
3365 silly ADD node_modules/is-weakset
3366 silly ADD node_modules/is-weakmap
3367 silly ADD node_modules/is-map
3368 silly ADD node_modules/generator-function
3369 silly ADD node_modules/async-function
3370 silly ADD node_modules/which-collection
3371 silly ADD node_modules/is-generator-function
3372 silly ADD node_modules/is-finalizationregistry
3373 silly ADD node_modules/is-async-function
3374 silly ADD node_modules/is-number-object
3375 silly ADD node_modules/is-boolean-object
3376 silly ADD node_modules/is-bigint
3377 silly ADD node_modules/isexe
3378 silly ADD node_modules/punycode
3379 silly ADD node_modules/escalade
3380 silly ADD
3381 silly ADD
3382 silly ADD
3383 silly ADD
3384 silly ADD node_modules/napi-postinstall
3385 silly ADD
3386 silly ADD
3387 silly ADD
3388 silly ADD
3389 silly ADD
3390 silly ADD
3391 silly ADD
3392 silly ADD
3393 silly ADD
3394 silly ADD
3395 silly ADD
3396 silly ADD
3397 silly ADD
3398 silly ADD
3399 silly ADD
3400 silly ADD node_modules/@unrs/resolver-binding-darwin-x64
3401 silly ADD
3402 silly ADD
3403 silly ADD
3404 silly ADD node_modules/which-boxed-primitive
3405 silly ADD node_modules/has-bigints
3406 silly ADD node_modules/@typescript-eslint/tsconfig-utils
3407 silly ADD node_modules/@typescript-eslint/project-service
3408 silly ADD node_modules/@typescript-eslint/types
3409 silly ADD node_modules/ts-api-utils
3410 silly ADD node_modules/@typescript-eslint/visitor-keys
3411 silly ADD node_modules/@typescript-eslint/type-utils
3412 silly ADD node_modules/@typescript-eslint/scope-manager
3413 silly ADD node_modules/@typescript-eslint/utils
3414 silly ADD node_modules/@typescript-eslint/typescript-estree
3415 silly ADD node_modules/@typescript-eslint/typescript-estree/node_modules/brace-expansion
3416 silly ADD node_modules/@typescript-eslint/typescript-estree/node_modules/semver
3417 silly ADD node_modules/@typescript-eslint/typescript-estree/node_modules/minimatch
3418 silly ADD node_modules/@typescript-eslint/parser
3419 silly ADD node_modules/@typescript-eslint/eslint-plugin
3420 silly ADD node_modules/@typescript-eslint/eslint-plugin/node_modules/ignore
3421 silly ADD node_modules/which-builtin-type
3422 silly ADD node_modules/reflect.getprototypeof
3423 silly ADD node_modules/for-each
3424 silly ADD node_modules/strip-bom
3425 silly ADD node_modules/minimist
3426 silly ADD node_modules/@types/json5
3427 silly ADD node_modules/is-number
3428 silly ADD node_modules/fdir
3429 silly ADD node_modules/has-flag
3430 silly ADD node_modules/client-only
3431 silly ADD node_modules/side-channel-weakmap
3432 silly ADD node_modules/side-channel-map
3433 silly ADD node_modules/side-channel-list
3434 silly ADD node_modules/shebang-regex
3435 silly ADD node_modules/@emnapi/runtime
3436 silly ADD node_modules/detect-libc
3437 silly ADD
3438 silly ADD
3439 silly ADD
3440 silly ADD
3441 silly ADD
3442 silly ADD
3443 silly ADD
3444 silly ADD
3445 silly ADD
3446 silly ADD
3447 silly ADD
3448 silly ADD
3449 silly ADD
3450 silly ADD
3451 silly ADD
3452 silly ADD
3453 silly ADD
3454 silly ADD
3455 silly ADD
3456 silly ADD
3457 silly ADD node_modules/@img/sharp-libvips-darwin-x64
3458 silly ADD
3459 silly ADD node_modules/@img/sharp-darwin-x64
3460 silly ADD
3461 silly ADD node_modules/@img/colour
3462 silly ADD node_modules/isarray
3463 silly ADD node_modules/queue-microtask
3464 silly ADD node_modules/supports-preserve-symlinks-flag
3465 silly ADD node_modules/path-parse
3466 silly ADD node_modules/dom-helpers
3467 silly ADD node_modules/scheduler
3468 silly ADD node_modules/object-assign
3469 silly ADD node_modules/loose-envify
3470 silly ADD node_modules/source-map-js
3471 silly ADD node_modules/nanoid
3472 silly ADD node_modules/is-arrayish
3473 silly ADD node_modules/lines-and-columns
3474 silly ADD node_modules/json-parse-even-better-errors
3475 silly ADD node_modules/error-ex
3476 silly ADD node_modules/callsites
3477 silly ADD node_modules/yocto-queue
3478 silly ADD node_modules/p-limit
3479 silly ADD node_modules/word-wrap
3480 silly ADD node_modules/fast-levenshtein
3481 silly ADD node_modules/deep-is
3482 silly ADD node_modules/tslib
3483 silly ADD node_modules/styled-jsx
3484 silly ADD node_modules/sharp
3485 silly ADD node_modules/sharp/node_modules/semver
3486 silly ADD node_modules/postcss
3487 silly ADD node_modules/@swc/helpers
3488 silly ADD
3489 silly ADD
3490 silly ADD
3491 silly ADD
3492 silly ADD
3493 silly ADD
3494 silly ADD node_modules/@next/swc-darwin-x64
3495 silly ADD
3496 silly ADD node_modules/@next/env
3497 silly ADD node_modules/concat-map
3498 silly ADD node_modules/balanced-match
3499 silly ADD node_modules/brace-expansion
3500 silly ADD node_modules/to-regex-range
3501 silly ADD node_modules/fill-range
3502 silly ADD node_modules/picomatch
3503 silly ADD node_modules/braces
3504 silly ADD node_modules/yallist
3505 silly ADD node_modules/p-locate
3506 silly ADD node_modules/type-check
3507 silly ADD node_modules/prelude-ls
3508 silly ADD node_modules/language-subtag-registry
3509 silly ADD node_modules/json-buffer
3510 silly ADD node_modules/argparse
3511 silly ADD node_modules/set-function-name
3512 silly ADD node_modules/is-extglob
3513 silly ADD node_modules/side-channel
3514 silly ADD node_modules/resolve-from
3515 silly ADD node_modules/parent-module
3516 silly ADD node_modules/hermes-estree
3517 silly ADD node_modules/resolve-pkg-maps
3518 silly ADD node_modules/dunder-proto
3519 silly ADD node_modules/functions-have-names
3520 silly ADD node_modules/keyv
3521 silly ADD node_modules/flatted
3522 silly ADD node_modules/path-exists
3523 silly ADD node_modules/locate-path
3524 silly ADD node_modules/flat-cache
3525 silly ADD node_modules/reusify
3526 silly ADD node_modules/run-parallel
3527 silly ADD node_modules/fastq
3528 silly ADD node_modules/@nodelib/fs.scandir
3529 silly ADD node_modules/micromatch
3530 silly ADD node_modules/merge2
3531 silly ADD node_modules/@nodelib/fs.walk
3532 silly ADD node_modules/@nodelib/fs.stat
3533 silly ADD node_modules/acorn-jsx
3534 silly ADD node_modules/acorn
3535 silly ADD node_modules/esrecurse
3536 silly ADD node_modules/update-browserslist-db
3537 silly ADD node_modules/node-releases
3538 silly ADD node_modules/electron-to-chromium
3539 silly ADD node_modules/caniuse-lite
3540 silly ADD node_modules/baseline-browser-mapping
3541 silly ADD node_modules/lru-cache
3542 silly ADD node_modules/browserslist
3543 silly ADD node_modules/@babel/helper-validator-option
3544 silly ADD node_modules/@babel/compat-data
3545 silly ADD node_modules/json5
3546 silly ADD node_modules/gensync
3547 silly ADD node_modules/@jridgewell/remapping
3548 silly ADD node_modules/@babel/helpers
3549 silly ADD node_modules/@babel/helper-module-transforms
3550 silly ADD node_modules/@babel/helper-compilation-targets
3551 silly ADD node_modules/zod-validation-error
3552 silly ADD node_modules/zod
3553 silly ADD node_modules/hermes-parser
3554 silly ADD node_modules/@babel/core
3555 silly ADD node_modules/@babel/core/node_modules/convert-source-map
3556 silly ADD node_modules/iterator.prototype
3557 silly ADD node_modules/string.prototype.repeat
3558 silly ADD node_modules/string.prototype.matchall
3559 silly ADD node_modules/object.entries
3560 silly ADD node_modules/estraverse
3561 silly ADD node_modules/es-iterator-helpers
3562 silly ADD node_modules/array.prototype.tosorted
3563 silly ADD node_modules/array.prototype.findlast
3564 silly ADD node_modules/string.prototype.includes
3565 silly ADD node_modules/language-tags
3566 silly ADD node_modules/jsx-ast-utils
3567 silly ADD node_modules/emoji-regex
3568 silly ADD node_modules/damerau-levenshtein
3569 silly ADD node_modules/axobject-query
3570 silly ADD node_modules/axe-core
3571 silly ADD node_modules/ast-types-flow
3572 silly ADD node_modules/aria-query
3573 silly ADD node_modules/is-symbol
3574 silly ADD node_modules/is-date-object
3575 silly ADD node_modules/has-tostringtag
3576 silly ADD node_modules/possible-typed-array-names
3577 silly ADD node_modules/which-typed-array
3578 silly ADD node_modules/unbox-primitive
3579 silly ADD node_modules/typed-array-length
3580 silly ADD node_modules/typed-array-byte-offset
3581 silly ADD node_modules/typed-array-byte-length
3582 silly ADD node_modules/typed-array-buffer
3583 silly ADD node_modules/string.prototype.trimstart
3584 silly ADD node_modules/string.prototype.trim
3585 silly ADD node_modules/stop-iteration-iterator
3586 silly ADD node_modules/set-proto
3587 silly ADD node_modules/safe-regex-test
3588 silly ADD node_modules/safe-push-apply
3589 silly ADD node_modules/safe-array-concat
3590 silly ADD node_modules/regexp.prototype.flags
3591 silly ADD node_modules/own-keys
3592 silly ADD node_modules/object.assign
3593 silly ADD node_modules/object-inspect
3594 silly ADD node_modules/is-weakref
3595 silly ADD node_modules/is-typed-array
3596 silly ADD node_modules/is-shared-array-buffer
3597 silly ADD node_modules/is-set
3598 silly ADD node_modules/is-regex
3599 silly ADD node_modules/is-negative-zero
3600 silly ADD node_modules/is-data-view
3601 silly ADD node_modules/is-callable
3602 silly ADD node_modules/is-array-buffer
3603 silly ADD node_modules/internal-slot
3604 silly ADD node_modules/has-symbols
3605 silly ADD node_modules/has-proto
3606 silly ADD node_modules/globalthis
3607 silly ADD node_modules/get-symbol-description
3608 silly ADD node_modules/get-proto
3609 silly ADD node_modules/function.prototype.name
3610 silly ADD node_modules/es-to-primitive
3611 silly ADD node_modules/es-set-tostringtag
3612 silly ADD node_modules/data-view-byte-offset
3613 silly ADD node_modules/data-view-byte-length
3614 silly ADD node_modules/data-view-buffer
3615 silly ADD node_modules/available-typed-arrays
3616 silly ADD node_modules/arraybuffer.prototype.slice
3617 silly ADD node_modules/array-buffer-byte-length
3618 silly ADD node_modules/gopd
3619 silly ADD node_modules/object-keys
3620 silly ADD node_modules/has-property-descriptors
3621 silly ADD node_modules/define-data-property
3622 silly ADD node_modules/function-bind
3623 silly ADD node_modules/set-function-length
3624 silly ADD node_modules/es-define-property
3625 silly ADD node_modules/call-bind-apply-helpers
3626 silly ADD node_modules/es-shim-unscopables
3627 silly ADD node_modules/es-errors
3628 silly ADD node_modules/math-intrinsics
3629 silly ADD node_modules/is-string
3630 silly ADD node_modules/get-intrinsic
3631 silly ADD node_modules/es-object-atoms
3632 silly ADD node_modules/es-abstract
3633 silly ADD node_modules/define-properties
3634 silly ADD node_modules/call-bound
3635 silly ADD node_modules/call-bind
3636 silly ADD node_modules/tsconfig-paths
3637 silly ADD node_modules/tsconfig-paths/node_modules/json5
3638 silly ADD node_modules/string.prototype.trimend
3639 silly ADD node_modules/semver
3640 silly ADD node_modules/object.values
3641 silly ADD node_modules/object.groupby
3642 silly ADD node_modules/object.fromentries
3643 silly ADD node_modules/hasown
3644 silly ADD node_modules/eslint-module-utils
3645 silly ADD node_modules/eslint-module-utils/node_modules/debug
3646 silly ADD node_modules/doctrine
3647 silly ADD node_modules/array.prototype.flatmap
3648 silly ADD node_modules/array.prototype.flat
3649 silly ADD node_modules/array.prototype.findlastindex
3650 silly ADD node_modules/array-includes
3651 silly ADD node_modules/@rtsao/scc
3652 silly ADD node_modules/unrs-resolver
3653 silly ADD node_modules/tinyglobby
3654 silly ADD node_modules/tinyglobby/node_modules/picomatch
3655 silly ADD node_modules/stable-hash
3656 silly ADD node_modules/is-bun-module
3657 silly ADD node_modules/is-bun-module/node_modules/semver
3658 silly ADD node_modules/get-tsconfig
3659 silly ADD node_modules/@nolyfill/is-core-module
3660 silly ADD node_modules/is-core-module
3661 silly ADD node_modules/fast-glob
3662 silly ADD node_modules/fast-glob/node_modules/glob-parent
3663 silly ADD node_modules/typescript-eslint
3664 silly ADD node_modules/eslint-plugin-react-hooks
3665 silly ADD node_modules/eslint-plugin-react
3666 silly ADD node_modules/eslint-plugin-react/node_modules/resolve
3667 silly ADD node_modules/eslint-plugin-jsx-a11y
3668 silly ADD node_modules/eslint-plugin-import
3669 silly ADD node_modules/eslint-plugin-import/node_modules/debug
3670 silly ADD node_modules/eslint-import-resolver-typescript
3671 silly ADD node_modules/eslint-import-resolver-node
3672 silly ADD node_modules/eslint-import-resolver-node/node_modules/debug
3673 silly ADD node_modules/@next/eslint-plugin-next
3674 silly ADD node_modules/which
3675 silly ADD node_modules/shebang-command
3676 silly ADD node_modules/path-key
3677 silly ADD node_modules/color-name
3678 silly ADD node_modules/color-convert
3679 silly ADD node_modules/supports-color
3680 silly ADD node_modules/ansi-styles
3681 silly ADD node_modules/uri-js
3682 silly ADD node_modules/json-schema-traverse
3683 silly ADD node_modules/fast-json-stable-stringify
3684 silly ADD node_modules/@humanfs/core
3685 silly ADD node_modules/levn
3686 silly ADD node_modules/strip-json-comments
3687 silly ADD node_modules/js-yaml
3688 silly ADD node_modules/globals
3689 silly ADD node_modules/@types/json-schema
3690 silly ADD node_modules/@eslint/object-schema
3691 silly ADD node_modules/optionator
3692 silly ADD node_modules/natural-compare
3693 silly ADD node_modules/minimatch
3694 silly ADD node_modules/lodash.merge
3695 silly ADD node_modules/json-stable-stringify-without-jsonify
3696 silly ADD node_modules/is-glob
3697 silly ADD node_modules/imurmurhash
3698 silly ADD node_modules/ignore
3699 silly ADD node_modules/glob-parent
3700 silly ADD node_modules/find-up
3701 silly ADD node_modules/file-entry-cache
3702 silly ADD node_modules/fast-deep-equal
3703 silly ADD node_modules/esutils
3704 silly ADD node_modules/esquery
3705 silly ADD node_modules/espree
3706 silly ADD node_modules/eslint-visitor-keys
3707 silly ADD node_modules/eslint-scope
3708 silly ADD node_modules/cross-spawn
3709 silly ADD node_modules/chalk
3710 silly ADD node_modules/ajv
3711 silly ADD node_modules/@types/estree
3712 silly ADD node_modules/@humanwhocodes/retry
3713 silly ADD node_modules/@humanwhocodes/module-importer
3714 silly ADD node_modules/@humanfs/node
3715 silly ADD node_modules/@eslint/plugin-kit
3716 silly ADD node_modules/@eslint/js
3717 silly ADD node_modules/@eslint/eslintrc
3718 silly ADD node_modules/@eslint/core
3719 silly ADD node_modules/@eslint/config-helpers
3720 silly ADD node_modules/@eslint/config-array
3721 silly ADD node_modules/@eslint-community/regexpp
3722 silly ADD node_modules/@eslint-community/eslint-utils
3723 silly ADD node_modules/@eslint-community/eslint-utils/node_modules/eslint-visitor-keys
3724 silly ADD node_modules/ms
3725 silly ADD node_modules/yaml
3726 silly ADD node_modules/path-type
3727 silly ADD node_modules/parse-json
3728 silly ADD node_modules/import-fresh
3729 silly ADD node_modules/@types/parse-json
3730 silly ADD node_modules/resolve
3731 silly ADD node_modules/cosmiconfig
3732 silly ADD node_modules/undici-types
3733 silly ADD node_modules/@types/prop-types
3734 silly ADD node_modules/@mui/styled-engine
3735 silly ADD node_modules/@mui/private-theming
3736 silly ADD node_modules/react-transition-group
3737 silly ADD node_modules/react-is
3738 silly ADD node_modules/prop-types
3739 silly ADD node_modules/prop-types/node_modules/react-is
3740 silly ADD node_modules/clsx
3741 silly ADD node_modules/@types/react-transition-group
3742 silly ADD node_modules/@popperjs/core
3743 silly ADD node_modules/@mui/utils
3744 silly ADD node_modules/@mui/types
3745 silly ADD node_modules/@mui/system
3746 silly ADD node_modules/@mui/core-downloads-tracker
3747 silly ADD node_modules/@jridgewell/resolve-uri
3748 silly ADD node_modules/@jridgewell/sourcemap-codec
3749 silly ADD node_modules/@emotion/is-prop-valid
3750 silly ADD node_modules/csstype
3751 silly ADD node_modules/@emotion/unitless
3752 silly ADD node_modules/@emotion/sheet
3753 silly ADD node_modules/@babel/helper-string-parser
3754 silly ADD node_modules/jsesc
3755 silly ADD node_modules/@jridgewell/trace-mapping
3756 silly ADD node_modules/@jridgewell/gen-mapping
3757 silly ADD node_modules/picocolors
3758 silly ADD node_modules/js-tokens
3759 silly ADD node_modules/@babel/helper-validator-identifier
3760 silly ADD node_modules/debug
3761 silly ADD node_modules/@babel/template
3762 silly ADD node_modules/@babel/parser
3763 silly ADD node_modules/@babel/helper-globals
3764 silly ADD node_modules/@babel/generator
3765 silly ADD node_modules/@babel/code-frame
3766 silly ADD node_modules/@babel/types
3767 silly ADD node_modules/@babel/traverse
3768 silly ADD node_modules/stylis
3769 silly ADD node_modules/source-map
3770 silly ADD node_modules/find-root
3771 silly ADD node_modules/escape-string-regexp
3772 silly ADD node_modules/convert-source-map
3773 silly ADD node_modules/babel-plugin-macros
3774 silly ADD node_modules/@emotion/memoize
3775 silly ADD node_modules/@emotion/hash
3776 silly ADD node_modules/@babel/helper-module-imports
3777 silly ADD node_modules/hoist-non-react-statics
3778 silly ADD node_modules/hoist-non-react-statics/node_modules/react-is
3779 silly ADD node_modules/@emotion/weak-memoize
3780 silly ADD node_modules/@emotion/utils
3781 silly ADD node_modules/@emotion/use-insertion-effect-with-fallbacks
3782 silly ADD node_modules/@emotion/serialize
3783 silly ADD node_modules/@emotion/cache
3784 silly ADD node_modules/@emotion/babel-plugin
3785 silly ADD node_modules/@babel/runtime
3786 silly ADD node_modules/typescript
3787 silly ADD node_modules/react-dom
3788 silly ADD node_modules/react
3789 silly ADD node_modules/next
3790 silly ADD node_modules/eslint-config-next
3791 silly ADD node_modules/eslint-config-next/node_modules/globals
3792 silly ADD node_modules/eslint
3793 silly ADD node_modules/@types/react-dom
3794 silly ADD node_modules/@types/react
3795 silly ADD node_modules/@types/node
3796 silly ADD node_modules/@mui/material
3797 silly ADD node_modules/@mui/icons-material
3798 silly ADD node_modules/@emotion/styled
3799 silly ADD node_modules/@emotion/react
3800 verbose cwd /Users/home/evolved/music-land
3801 verbose os Darwin 24.6.0
3802 verbose node v20.19.5
3803 verbose npm  v10.8.2
3804 notice
3804 notice New major version of npm available! 10.8.2 -> 11.7.0
3804 notice Changelog: https://github.com/npm/cli/releases/tag/v11.7.0
3804 notice To update run: npm install -g npm@11.7.0
3804 notice  { force: true, [Symbol(proc-log.meta)]: true }
3805 verbose exit 0
3806 info ok
